ID,Ruta completa,Dominio de catálogo,Items en categoría
MLM190869,Alimentos y Bebidas > Bebidas > Aguas > Aguas Minerales y Naturales,MLM-MINERAL_WATERS,6568
MLM190867,Alimentos y Bebidas > Bebidas > Aguas > Aguas Saborizadas,MLM-FLAVORED_WATERS,3475
MLM190868,Alimentos y Bebidas > Bebidas > Aguas > Aguas Tónicas,MLM-TONIC_WATERS,629
MLM194305,Alimentos y Bebidas > Bebidas > Aguas > Otras,MLM-FOODS_AND_DRINKS,1544
MLM194295,Alimentos y Bebidas > Bebidas > Aperitivos con Alcohol,MLM-APERITIFS,2092
MLM459660,Alimentos y Bebidas > Bebidas > Bebidas Aperitivos sin Alcohol,MLM-APERITIFS,22
MLM189611,Alimentos y Bebidas > Bebidas > Bebidas Blancas y Licores > Brandies,MLM-BRANDIES,2316
MLM194292,Alimentos y Bebidas > Bebidas > Bebidas Blancas y Licores > Cachaças,MLM-CACHACAS,23
MLM194291,Alimentos y Bebidas > Bebidas > Bebidas Blancas y Licores > Catuabas,MLM-CATUABAS,0
MLM189610,Alimentos y Bebidas > Bebidas > Bebidas Blancas y Licores > Cognacs,MLM-COGNACS,666
MLM189612,Alimentos y Bebidas > Bebidas > Bebidas Blancas y Licores > Ginebras,MLM-GINS,2501
MLM185388,Alimentos y Bebidas > Bebidas > Bebidas Blancas y Licores > Licores,MLM-LIQUORS,9892
MLM185383,Alimentos y Bebidas > Bebidas > Bebidas Blancas y Licores > Mezcales,MLM-MEZCALS,7470
MLM189618,Alimentos y Bebidas > Bebidas > Bebidas Blancas y Licores > Otros,MLM-FOODS_AND_DRINKS,419
MLM194293,Alimentos y Bebidas > Bebidas > Bebidas Blancas y Licores > Piscos,MLM-PISCOS,29
MLM189609,Alimentos y Bebidas > Bebidas > Bebidas Blancas y Licores > Rones,MLM-RUM,5116
MLM193946,Alimentos y Bebidas > Bebidas > Bebidas Blancas y Licores > Sakes,MLM-SAKES,384
MLM185381,Alimentos y Bebidas > Bebidas > Bebidas Blancas y Licores > Tequilas,MLM-TEQUILAS,26067
MLM189608,Alimentos y Bebidas > Bebidas > Bebidas Blancas y Licores > Vodkas,MLM-VODKAS,3370
MLM185382,Alimentos y Bebidas > Bebidas > Bebidas Blancas y Licores > Whiskies,MLM-WHISKEYS,7026
MLM191667,Alimentos y Bebidas > Bebidas > Bebidas Energéticas,MLM-ENERGY_DRINKS,5646
MLM194303,Alimentos y Bebidas > Bebidas > Bebidas Isotónicas,MLM-SPORTS_DRINKS,4594
MLM191880,Alimentos y Bebidas > Bebidas > Bebidas Preparadas,MLM-READY_TO_DRINK_COCKTAILS,10886
MLM185385,Alimentos y Bebidas > Bebidas > Cervezas,MLM-BEERS,11302
MLM194298,Alimentos y Bebidas > Bebidas > Jugos,MLM-JUICES,9649
MLM455818,Alimentos y Bebidas > Bebidas > Leche,MLM-MILK,879
MLM185379,Alimentos y Bebidas > Bebidas > Otros,MLM-FOODS_AND_DRINKS,7501
MLM191330,Alimentos y Bebidas > Bebidas > Refrescos,MLM-SOFT_DRINKS,16205
MLM194526,Alimentos y Bebidas > Bebidas > Vinos y Espumosos > Otros,MLM-FOODS_AND_DRINKS,109
MLM194294,Alimentos y Bebidas > Bebidas > Vinos y Espumosos > Sidras,MLM-SPARKLING_CIDERS,343
MLM185384,Alimentos y Bebidas > Bebidas > Vinos y Espumosos > Vinos,MLM-WINES,24775
MLM194154,Alimentos y Bebidas > Bebidas > Vinos y Espumosos > Vinos Espumosos y Champagne,MLM-SPARKLING_WINES,3802
MLM456066,Alimentos y Bebidas > Comidas Preparadas > Comidas Calientes > Arrolladitos Primavera,MLM-SPRING_ROLLS,13
MLM455879,Alimentos y Bebidas > Comidas Preparadas > Comidas Calientes > Brochetas,MLM-BROCHETTES,43
MLM455915,Alimentos y Bebidas > Comidas Preparadas > Comidas Calientes > Burritos,MLM-BURRITOS,417
MLM455889,Alimentos y Bebidas > Comidas Preparadas > Comidas Calientes > Calzones,MLM-CALZONES,7
MLM455770,Alimentos y Bebidas > Comidas Preparadas > Comidas Calientes > Carnes,MLM-MEAT_DISHES,86
MLM456065,Alimentos y Bebidas > Comidas Preparadas > Comidas Calientes > Chop Suey,MLM-READY_TO_EAT_WOKS,0
MLM455792,Alimentos y Bebidas > Comidas Preparadas > Comidas Calientes > Complementos,MLM-FOOD_ADDITIVES,44
MLM455923,Alimentos y Bebidas > Comidas Preparadas > Comidas Calientes > Empadas y Empadinhas,MLM-BRAZILIAN_EMPADAS_AND_EMPADINHAS,26
MLM455924,Alimentos y Bebidas > Comidas Preparadas > Comidas Calientes > Escondidinhos Brasileños,MLM-BRAZILIAN_SHEPHERDS_PIES,0
MLM455911,Alimentos y Bebidas > Comidas Preparadas > Comidas Calientes > Feijoada,MLM-FEIJOADA,0
MLM455472,Alimentos y Bebidas > Comidas Preparadas > Comidas Calientes > Hamburguesas,MLM-HOT_HAMBURGERS,2065
MLM455873,Alimentos y Bebidas > Comidas Preparadas > Comidas Calientes > Hot Dogs,MLM-HOT_DOGS,668
MLM456056,Alimentos y Bebidas > Comidas Preparadas > Comidas Calientes > Milanesas,MLM-BREADED_CUTLETS_READY_TO_EAT,94
MLM455470,Alimentos y Bebidas > Comidas Preparadas > Comidas Calientes > Otras Comidas,MLM-READY_TO_EAT_MEALS,18
MLM456064,Alimentos y Bebidas > Comidas Preparadas > Comidas Calientes > Pad Thai,MLM-PAD_THAI,0
MLM455771,Alimentos y Bebidas > Comidas Preparadas > Comidas Calientes > Pastas,MLM-HOT_PASTAS,23
MLM455769,Alimentos y Bebidas > Comidas Preparadas > Comidas Calientes > Pescados,MLM-FISH_DISHES,13
MLM455471,Alimentos y Bebidas > Comidas Preparadas > Comidas Calientes > Pizzas,MLM-HOT_PIZZAS,973
MLM456063,Alimentos y Bebidas > Comidas Preparadas > Comidas Calientes > Pokes,MLM-POKES,27
MLM455772,Alimentos y Bebidas > Comidas Preparadas > Comidas Calientes > Postres,MLM-DESSERTS_READY_TO_EAT,415
MLM455912,Alimentos y Bebidas > Comidas Preparadas > Comidas Calientes > Risotto,MLM-RISOTTO,0
MLM455668,Alimentos y Bebidas > Comidas Preparadas > Comidas Calientes > Sfijas,MLM-SFIHAS,0
MLM456097,Alimentos y Bebidas > Comidas Preparadas > Comidas Calientes > Shawarmas y Kebabs,MLM-SHAWARMAS_AND_KEBABS,15
MLM455703,Alimentos y Bebidas > Comidas Preparadas > Comidas Calientes > Sushi,MLM-SUSHI,113
MLM455890,Alimentos y Bebidas > Comidas Preparadas > Comidas Calientes > Tacos,MLM-TACOS,2979
MLM455880,Alimentos y Bebidas > Comidas Preparadas > Comidas Calientes > Tapiocas Brasileñas,MLM-TAPIOCAS_AND_CREPES,0
MLM455878,Alimentos y Bebidas > Comidas Preparadas > Comidas Calientes > Temakis,MLM-TEMAKIS,0
MLM455913,Alimentos y Bebidas > Comidas Preparadas > Comidas Calientes > Teppanyaki,MLM-TEPPANYAKI,0
MLM456057,Alimentos y Bebidas > Comidas Preparadas > Comidas Calientes > Wraps,MLM-WRAPS,30
MLM455929,Alimentos y Bebidas > Comidas Preparadas > Desayunos y Meriendas > Açai Bowls,MLM-ACAI_BOWLS,122
MLM456085,Alimentos y Bebidas > Comidas Preparadas > Desayunos y Meriendas > Brunchs,MLM-BRUNCHES,1379
MLM456081,Alimentos y Bebidas > Comidas Preparadas > Desayunos y Meriendas > Café y Té,MLM-READY_TO_DRINK_COFFEE_AND_TEA,4571
MLM189313,Alimentos y Bebidas > Comidas Preparadas > Desayunos y Meriendas > Charolas y Cajas,MLM-BREAKFAST_AND_AFTERNOON_TEA_GIFT_BASKETS,1021
MLM456079,Alimentos y Bebidas > Comidas Preparadas > Desayunos y Meriendas > Chipás y Pan de Queso,MLM-CHIPAS_AND_CHEESE_BREADS,45
MLM456067,Alimentos y Bebidas > Comidas Preparadas > Desayunos y Meriendas > Churros,MLM-READY_TO_EAT_MEALS,193
MLM456091,Alimentos y Bebidas > Comidas Preparadas > Desayunos y Meriendas > Cupcakes,MLM-CUPCAKES,101
MLM456095,Alimentos y Bebidas > Comidas Preparadas > Desayunos y Meriendas > Jugos,MLM-JUICES,469
MLM456080,Alimentos y Bebidas > Comidas Preparadas > Desayunos y Meriendas > Licuados y Smoothies,MLM-SMOOTHIES,707
MLM455933,Alimentos y Bebidas > Comidas Preparadas > Desayunos y Meriendas > Otros,MLM-READY_TO_EAT_MEALS,3444
MLM456093,Alimentos y Bebidas > Comidas Preparadas > Desayunos y Meriendas > Panes Dulces y Salados,MLM-BAKERY_PASTRIES,829
MLM456090,Alimentos y Bebidas > Comidas Preparadas > Desayunos y Meriendas > Panqués,MLM-POUND_CAKES,95
MLM431847,Alimentos y Bebidas > Comidas Preparadas > Empanadas,MLM-EMPANADAS,1351
MLM456087,Alimentos y Bebidas > Comidas Preparadas > Entradas y Acompañamientos > Arepas,MLM-AREPAS,70
MLM456082,Alimentos y Bebidas > Comidas Preparadas > Entradas y Acompañamientos > Buñuelos y Albóndigas,MLM-FRITTERS_MEATBALLS_AND_CROQUETTES,57
MLM455914,Alimentos y Bebidas > Comidas Preparadas > Entradas y Acompañamientos > Coxinhas Brasileñas,MLM-BRAZILIAN_COXINHAS,6
MLM456096,Alimentos y Bebidas > Comidas Preparadas > Entradas y Acompañamientos > Dips Untables,MLM-DIPS_AND_SPREADS,76
MLM455704,Alimentos y Bebidas > Comidas Preparadas > Entradas y Acompañamientos > Ensaladas,MLM-SALADS,729
MLM456086,Alimentos y Bebidas > Comidas Preparadas > Entradas y Acompañamientos > Nuggets,MLM-NUGGETS,169
MLM456088,Alimentos y Bebidas > Comidas Preparadas > Entradas y Acompañamientos > Omelettes,MLM-OMELETTES,120
MLM455931,Alimentos y Bebidas > Comidas Preparadas > Entradas y Acompañamientos > Otros,MLM-READY_TO_EAT_MEALS,1698
MLM455866,Alimentos y Bebidas > Comidas Preparadas > Entradas y Acompañamientos > Papas y Batatas Fritas,MLM-FRENCH_FRIES_AND_SWEET_POTATO_FRIES,1955
MLM455867,Alimentos y Bebidas > Comidas Preparadas > Entradas y Acompañamientos > Pays,MLM-BRAZILIAN_PASTRIES,197
MLM455877,Alimentos y Bebidas > Comidas Preparadas > Entradas y Acompañamientos > Sopas,MLM-SOUPS,2037
MLM431239,Alimentos y Bebidas > Comidas Preparadas > Helados y Postres,MLM-ICE_CREAM_AND_FROZEN_DESSERTS,5569
MLM194402,Alimentos y Bebidas > Comidas Preparadas > Otros,MLM-FOODS_AND_DRINKS,24908
MLM194326,Alimentos y Bebidas > Comidas Preparadas > Pasteles,MLM-CAKES,801
MLM431242,Alimentos y Bebidas > Comidas Preparadas > Sandwiches,MLM-SANDWICHES,3609
MLM434377,Alimentos y Bebidas > Comidas Preparadas > Servicios de Catering,MLM-FOODS_AND_DRINKS,2800
MLM431241,Alimentos y Bebidas > Comidas Preparadas > Tablas de Botanas,MLM-APPETIZER_BOARDS,2205
MLM433755,Alimentos y Bebidas > Comidas Preparadas > Tartas Saladas,MLM-SAVORY_PIES,361
MLM455296,Alimentos y Bebidas > Congelados > Frutas Congeladas,MLM-FRUITS,119
MLM455580,Alimentos y Bebidas > Congelados > Hamburguesas,MLM-FROZEN_HAMBURGERS,2964
MLM455294,Alimentos y Bebidas > Congelados > Helados y Postres,MLM-ICE_CREAM_AND_FROZEN_DESSERTS,1074
MLM455581,Alimentos y Bebidas > Congelados > Mariscos,MLM-FROZEN_SHELLFISH,1030
MLM455585,Alimentos y Bebidas > Congelados > Milanesas y Medallones,MLM-FROZEN_BREADED_CUTLETS_AND_MEDALLIONS,131
MLM455297,Alimentos y Bebidas > Congelados > Otros,MLM-FOODS_AND_DRINKS,284
MLM455565,Alimentos y Bebidas > Congelados > Papas Congeladas,MLM-FROZEN_POTATOES,376
MLM455428,Alimentos y Bebidas > Congelados > Pizzas Congeladas,MLM-FROZEN_PIZZAS,391
MLM455564,Alimentos y Bebidas > Congelados > Snacks Congelados,MLM-FROZEN_SNACKS,1071
MLM455295,Alimentos y Bebidas > Congelados > Vegetales Congelados,MLM-VEGETABLES,58
MLM185710,Alimentos y Bebidas > Despensa > Aceites y Vinagres > Aceites,MLM-COOKING_OILS,10750
MLM418156,Alimentos y Bebidas > Despensa > Aceites y Vinagres > Otros,MLM-FOODS_AND_DRINKS,53
MLM190927,Alimentos y Bebidas > Despensa > Aceites y Vinagres > Vinagres,MLM-VINEGARS,2572
MLM191658,Alimentos y Bebidas > Despensa > Aceites y Vinagres > Vinagres Balsámicos,MLM-BALSAMIC_VINEGARS,451
MLM433481,Alimentos y Bebidas > Despensa > Algas Nori,MLM-EDIBLE_SEAWEEDS,934
MLM191608,Alimentos y Bebidas > Despensa > Alimentos Instantáneos > Arroz Instantáneo,MLM-INSTANT_RICE,235
MLM191609,Alimentos y Bebidas > Despensa > Alimentos Instantáneos > Fideos Instantáneos,MLM-INSTANT_NOODLES,6554
MLM418155,Alimentos y Bebidas > Despensa > Alimentos Instantáneos > Otros,MLM-FOODS_AND_DRINKS,504
MLM439775,Alimentos y Bebidas > Despensa > Alimentos Instantáneos > Postres Instantáneos,MLM-INSTANT_PUDDINGS,1143
MLM194356,Alimentos y Bebidas > Despensa > Alimentos Instantáneos > Premezclas > Premezclas Dulces,MLM-SWEET_PREMIXES,2024
MLM194355,Alimentos y Bebidas > Despensa > Alimentos Instantáneos > Premezclas > Premezclas Saladas,MLM-SALTY_PREMIXES,99
MLM194481,Alimentos y Bebidas > Despensa > Alimentos Instantáneos > Puré de Papas Instantáneo,MLM-INSTANT_MASHED_POTATOES,754
MLM189335,Alimentos y Bebidas > Despensa > Alimentos Instantáneos > Sopas y Cremas Instantáneas,MLM-INSTANT_SOUPS_AND_CREAMS,2782
MLM185722,"Alimentos y Bebidas > Despensa > Arroz, Legumbres y Semillas > Arroz",MLM-RICE,4659
MLM189665,"Alimentos y Bebidas > Despensa > Arroz, Legumbres y Semillas > Frijoles",MLM-BEANS,4338
MLM191683,"Alimentos y Bebidas > Despensa > Arroz, Legumbres y Semillas > Lentejas",MLM-LENTILS,591
MLM185726,"Alimentos y Bebidas > Despensa > Arroz, Legumbres y Semillas > Maiz",MLM-CORN_KERNELS,1836
MLM418154,"Alimentos y Bebidas > Despensa > Arroz, Legumbres y Semillas > Otros",MLM-FOODS_AND_DRINKS,523
MLM455799,"Alimentos y Bebidas > Despensa > Arroz, Legumbres y Semillas > Quinoas",MLM-QUINOAS,754
MLM185716,"Alimentos y Bebidas > Despensa > Arroz, Legumbres y Semillas > Semillas",MLM-EDIBLE_SEEDS,5932
MLM455798,"Alimentos y Bebidas > Despensa > Arroz, Legumbres y Semillas > Soya Texturizada",MLM-TEXTURED_SOY_PROTEINS,263
MLM191668,Alimentos y Bebidas > Despensa > Azúcar y Endulzantes > Azúcar,MLM-SUGAR,3075
MLM194365,Alimentos y Bebidas > Despensa > Azúcar y Endulzantes > Endulzantes,MLM-SWEETENERS,2802
MLM418153,Alimentos y Bebidas > Despensa > Azúcar y Endulzantes > Otros,MLM-FOODS_AND_DRINKS,71
MLM430204,Alimentos y Bebidas > Despensa > Bolsas para Cocinar,MLM-COOKING_BAGS,2540
MLM185750,Alimentos y Bebidas > Despensa > Botanas > Bayas De Goji,MLM-GOJI_BERRIES,318
MLM191147,Alimentos y Bebidas > Despensa > Botanas > Cacahuates,MLM-PEANUTS,3747
MLM185709,Alimentos y Bebidas > Despensa > Botanas > Frutos Secos,MLM-DRIED_FRUITS,13385
MLM418152,Alimentos y Bebidas > Despensa > Botanas > Otros,MLM-FOODS_AND_DRINKS,26834
MLM193987,Alimentos y Bebidas > Despensa > Botanas > Palomitas de Maíz,MLM-POPCORN,2784
MLM194352,Alimentos y Bebidas > Despensa > Botanas > Snacks Salados,MLM-SALTY_SNACKS,17938
MLM194335,"Alimentos y Bebidas > Despensa > Café, Té y Mate > Café > En Granos y Molido",MLM-GROUND_AND_WHOLE_BEANS_COFFEE,22706
MLM455594,"Alimentos y Bebidas > Despensa > Café, Té y Mate > Café > Filtros de Café",MLM-DISPOSABLE_COFFEE_FILTERS,2619
MLM194336,"Alimentos y Bebidas > Despensa > Café, Té y Mate > Café > Instantáneo",MLM-INSTANT_COFFEE,7590
MLM194337,"Alimentos y Bebidas > Despensa > Café, Té y Mate > Café > Otras Presentaciones",MLM-FOODS_AND_DRINKS,2744
MLM456441,"Alimentos y Bebidas > Despensa > Café, Té y Mate > Cremas para Café",MLM-COFFEE_CREAMERS,591
MLM194334,"Alimentos y Bebidas > Despensa > Café, Té y Mate > Cápsulas",MLM-INFUSION_CAPSULES,10270
MLM455708,"Alimentos y Bebidas > Despensa > Café, Té y Mate > Leche en Polvo",MLM-MILK,1793
MLM194729,"Alimentos y Bebidas > Despensa > Café, Té y Mate > Mate Cocido",MLM-FOODS_AND_DRINKS,68
MLM194333,"Alimentos y Bebidas > Despensa > Café, Té y Mate > Otros",MLM-FOODS_AND_DRINKS,576
MLM194330,"Alimentos y Bebidas > Despensa > Café, Té y Mate > Té",MLM-TEA,33881
MLM194331,"Alimentos y Bebidas > Despensa > Café, Té y Mate > Té Helado",MLM-ICED_TEA,1369
MLM194332,"Alimentos y Bebidas > Despensa > Café, Té y Mate > Yerba Mate",MLM-YERBA_MATE,1469
MLM457336,Alimentos y Bebidas > Despensa > Cajas Navideñas,MLM-CHRISTMAS_GIFT_BASKET_KITS,898
MLM429237,Alimentos y Bebidas > Despensa > Canastas Básicas,MLM-BASIC_FOOD_BASKETS,4696
MLM189791,Alimentos y Bebidas > Despensa > Cereales y Barras > Avena,MLM-OATMEAL,2900
MLM194357,Alimentos y Bebidas > Despensa > Cereales y Barras > Barras de Cereales,MLM-CEREAL_BARS,5736
MLM189226,Alimentos y Bebidas > Despensa > Cereales y Barras > Cereales,MLM-CEREALS,5472
MLM189797,Alimentos y Bebidas > Despensa > Cereales y Barras > Granola,MLM-GRANOLA,2291
MLM418157,Alimentos y Bebidas > Despensa > Cereales y Barras > Otros,MLM-FOODS_AND_DRINKS,128
MLM455800,Alimentos y Bebidas > Despensa > Cous Cous,MLM-COUSCOUS,32
MLM191094,Alimentos y Bebidas > Despensa > Dulces y Chocolates > Algodones de Azúcar,MLM-COTTON_CANDY,290
MLM185699,Alimentos y Bebidas > Despensa > Dulces y Chocolates > Chocolates,MLM-CHOCOLATES,27973
MLM185698,Alimentos y Bebidas > Despensa > Dulces y Chocolates > Dulces,MLM-CANDIES,49829
MLM434368,Alimentos y Bebidas > Despensa > Dulces y Chocolates > Huevos de Pascua,MLM-EASTER_EGGS,1662
MLM194323,Alimentos y Bebidas > Despensa > Dulces y Chocolates > Otros,MLM-FOODS_AND_DRINKS,4814
MLM263824,Alimentos y Bebidas > Despensa > Dulces y Chocolates > Panes de Miel,MLM-GINGERBREADS,87
MLM456106,Alimentos y Bebidas > Despensa > Dulces y Chocolates > Turrones,MLM-NOUGATS,108
MLM191212,Alimentos y Bebidas > Despensa > Enlatados y Conservas,MLM-CANNED_AND_PRESERVED_FOOD,13184
MLM194487,Alimentos y Bebidas > Despensa > Galletas,MLM-COOKIES,21377
MLM185717,Alimentos y Bebidas > Despensa > Harinas,MLM-FLOUR,10494
MLM193822,Alimentos y Bebidas > Despensa > Levaduras,MLM-COOKING_YEASTS,914
MLM191759,Alimentos y Bebidas > Despensa > Lúpulo,MLM-HOPS,192
MLM431837,Alimentos y Bebidas > Despensa > Masa para Empanadas,MLM-PASTRY_SHEETS_FOR_EMPANADAS_AND_PIES,43
MLM194307,Alimentos y Bebidas > Despensa > Mermeladas y Miel > Ates Dulces,MLM-SOLID_SWEET_PASTES,538
MLM193984,Alimentos y Bebidas > Despensa > Mermeladas y Miel > Cremas de Avellanas,MLM-HAZELNUT_CREAMS,1366
MLM191127,Alimentos y Bebidas > Despensa > Mermeladas y Miel > Cremas de Cacahuate,MLM-PEANUT_BUTTERS,2634
MLM194540,Alimentos y Bebidas > Despensa > Mermeladas y Miel > Dulce de Leche,MLM-DULCE_DE_LECHE,1307
MLM185718,Alimentos y Bebidas > Despensa > Mermeladas y Miel > Mermeladas,MLM-JAMS,2826
MLM185697,Alimentos y Bebidas > Despensa > Mermeladas y Miel > Miel,MLM-HONEY,6246
MLM418159,Alimentos y Bebidas > Despensa > Mermeladas y Miel > Otros,MLM-FOODS_AND_DRINKS,111
MLM185696,Alimentos y Bebidas > Despensa > Otros,MLM-FOODS_AND_DRINKS,9700
MLM193940,Alimentos y Bebidas > Despensa > Pan Molido,MLM-BREAD_CRUMBS,1189
MLM434372,Alimentos y Bebidas > Despensa > Panadería > Medialunas,MLM-BAKERY_PASTRIES,26
MLM455523,Alimentos y Bebidas > Despensa > Panadería > Otros,MLM-FOODS_AND_DRINKS,48
MLM194354,Alimentos y Bebidas > Despensa > Panadería > Pan Dulces,MLM-PANETTONES,1828
MLM194177,Alimentos y Bebidas > Despensa > Panadería > Panes,MLM-BREADS,4325
MLM194353,Alimentos y Bebidas > Despensa > Panadería > Panqués,MLM-POUND_CAKES,574
MLM455525,Alimentos y Bebidas > Despensa > Panadería > Piononos,MLM-SPONGE_CAKE_ROLLS,5
MLM455526,Alimentos y Bebidas > Despensa > Panadería > Pizzas Precocidas,MLM-PIZZA_CRUSTS,434
MLM455507,Alimentos y Bebidas > Despensa > Panadería > Tartaletas,MLM-TART_SHELLS,29
MLM189838,Alimentos y Bebidas > Despensa > Panadería > Tortillas,MLM-TORTILLAS,3631
MLM455524,Alimentos y Bebidas > Despensa > Panadería > Tostadas y Palitos de Pan,MLM-COOKIES,2467
MLM194476,Alimentos y Bebidas > Despensa > Pastas,MLM-PASTAS,6752
MLM418151,Alimentos y Bebidas > Despensa > Pastelería y Repostería > Otros,MLM-FOODS_AND_DRINKS,1042
MLM429138,Alimentos y Bebidas > Despensa > Pastelería y Repostería > Papel Arroz,MLM-EDIBLE_PAPERS,6484
MLM189669,Alimentos y Bebidas > Despensa > Pastelería y Repostería > Pastelería > Cupcakes,MLM-CUPCAKES,641
MLM189206,Alimentos y Bebidas > Despensa > Pastelería y Repostería > Pastelería > Galletas,MLM-COOKIES,151
MLM432286,Alimentos y Bebidas > Despensa > Pastelería y Repostería > Pastelería > Macarons,MLM-MACARONS,101
MLM189662,Alimentos y Bebidas > Despensa > Pastelería y Repostería > Pastelería > Otros,MLM-FOODS_AND_DRINKS,389
MLM191303,Alimentos y Bebidas > Despensa > Pastelería y Repostería > Pastelería > Pasteles,MLM-CAKES,3256
MLM431842,Alimentos y Bebidas > Despensa > Pastelería y Repostería > Repostería > Coco Rallado,MLM-GRATED_COCONUT,428
MLM434373,Alimentos y Bebidas > Despensa > Pastelería y Repostería > Repostería > Colorantes Comestibles,MLM-FOOD_AND_DRINK_COLORINGS,4072
MLM185711,Alimentos y Bebidas > Despensa > Pastelería y Repostería > Repostería > Fondant,MLM-CAKE_COVER_PASTES,1381
MLM455504,Alimentos y Bebidas > Despensa > Pastelería y Repostería > Repostería > Granas,MLM-SPRINKLES,3151
MLM191824,Alimentos y Bebidas > Despensa > Pastelería y Repostería > Repostería > Leche Condensada,MLM-CONDENSED_MILK,822
MLM455503,Alimentos y Bebidas > Despensa > Pastelería y Repostería > Repostería > Otros,MLM-FOODS_AND_DRINKS,544
MLM193766,Alimentos y Bebidas > Despensa > Pastelería y Repostería > Repostería > Polvos para Hornear,MLM-BAKING_POWDERS,1276
MLM194299,Alimentos y Bebidas > Despensa > Pulpas de Fruta,MLM-FRUIT_PULPS,1754
MLM456415,Alimentos y Bebidas > Despensa > Quesos Rallados,MLM-HARD_AND_SOFT_CHEESES,83
MLM185705,Alimentos y Bebidas > Despensa > Saborizantes y Jarabes > Cacao,MLM-CACAO,3004
MLM194019,Alimentos y Bebidas > Despensa > Saborizantes y Jarabes > Esencias,MLM-FOOD_AND_DRINK_EXTRACTS,3829
MLM194477,Alimentos y Bebidas > Despensa > Saborizantes y Jarabes > Jarabes,MLM-FOOD_AND_DRINK_SYRUPS,10919
MLM194478,Alimentos y Bebidas > Despensa > Saborizantes y Jarabes > Otros,MLM-FOODS_AND_DRINKS,779
MLM185715,Alimentos y Bebidas > Despensa > Saborizantes y Jarabes > Saborizantes,MLM-SEASONINGS,3093
MLM194264,Alimentos y Bebidas > Despensa > Salsas y Condimentos > Caldos y Sabores > Caldos,MLM-BROTHS,3567
MLM194344,Alimentos y Bebidas > Despensa > Salsas y Condimentos > Caldos y Sabores > Carne Seca Deshebrada,MLM-FOODS_AND_DRINKS,432
MLM191703,Alimentos y Bebidas > Despensa > Salsas y Condimentos > Caldos y Sabores > Humo Sazonador,MLM-FOOD_AND_DRINK_EXTRACTS,426
MLM185714,Alimentos y Bebidas > Despensa > Salsas y Condimentos > Chapulines,MLM-FOODS_AND_DRINKS,48
MLM185721,Alimentos y Bebidas > Despensa > Salsas y Condimentos > Chile,MLM-CANNED_AND_PRESERVED_FOOD,6262
MLM430944,Alimentos y Bebidas > Despensa > Salsas y Condimentos > Dips Untables,MLM-DIPS_AND_SPREADS,591
MLM191132,Alimentos y Bebidas > Despensa > Salsas y Condimentos > Especias,MLM-SPICES,15628
MLM191093,Alimentos y Bebidas > Despensa > Salsas y Condimentos > Jengibre,MLM-GINGER,1995
MLM418150,Alimentos y Bebidas > Despensa > Salsas y Condimentos > Otros,MLM-FOODS_AND_DRINKS,304
MLM185712,Alimentos y Bebidas > Despensa > Salsas y Condimentos > Sal,MLM-SALT,6493
MLM185725,Alimentos y Bebidas > Despensa > Salsas y Condimentos > Salsas y Aderezos,MLM-SAUCES_AND_DRESSINGS,33956
MLM185706,Alimentos y Bebidas > Despensa > Salsas y Condimentos > Sazonadores,MLM-SEASONINGS,17637
MLM430507,Alimentos y Bebidas > Despensa > Tripas para Embutidos,MLM-SAUSAGE_CASINGS,292
MLM432960,Alimentos y Bebidas > Frescos > Achuras,MLM-MEAT_OFFALS,8
MLM431254,Alimentos y Bebidas > Frescos > Carnes Frías,MLM-COLD_CUTS,1322
MLM185707,Alimentos y Bebidas > Frescos > Carnes y Pollos,MLM-MEATS,3742
MLM455608,Alimentos y Bebidas > Frescos > Embutidos,MLM-CASINGS,453
MLM455431,Alimentos y Bebidas > Frescos > Frutas y Verduras > Frutas,MLM-FRUITS,996
MLM432662,Alimentos y Bebidas > Frescos > Frutas y Verduras > Verduras,MLM-VEGETABLES,1607
MLM193823,Alimentos y Bebidas > Frescos > Huevos,MLM-EGGS,1305
MLM455421,Alimentos y Bebidas > Frescos > Lácteos > Grasas,MLM-COOKING_FATS,28
MLM430366,Alimentos y Bebidas > Frescos > Lácteos > Leches y Cremas > Cremas Chantilly,MLM-COOKING_CREAMS,145
MLM193860,Alimentos y Bebidas > Frescos > Lácteos > Leches y Cremas > Cremas de Leche,MLM-COOKING_CREAMS,896
MLM191846,Alimentos y Bebidas > Frescos > Lácteos > Leches y Cremas > Cremas para Café,MLM-COFFEE_CREAMERS,2274
MLM193739,Alimentos y Bebidas > Frescos > Lácteos > Leches y Cremas > Leche,MLM-MILK,4782
MLM418158,Alimentos y Bebidas > Frescos > Lácteos > Leches y Cremas > Otros,MLM-FOODS_AND_DRINKS,88
MLM440711,Alimentos y Bebidas > Frescos > Lácteos > Mantequillas,MLM-BUTTER,847
MLM455420,Alimentos y Bebidas > Frescos > Lácteos > Otros,MLM-FOODS_AND_DRINKS,16
MLM185708,Alimentos y Bebidas > Frescos > Lácteos > Quesos,MLM-HARD_AND_SOFT_CHEESES,2794
MLM455422,Alimentos y Bebidas > Frescos > Lácteos > Ricota,MLM-RICOTTA,8
MLM447756,Alimentos y Bebidas > Frescos > Lácteos > Yogures,MLM-YOGURTS,317
MLM418070,Alimentos y Bebidas > Frescos > Otros,MLM-FOODS_AND_DRINKS,305
MLM455605,Alimentos y Bebidas > Frescos > Pescados,MLM-FRESH_AND_FROZEN_FISH,613
MLM455920,Alimentos y Bebidas > Frescos > Postres Refrigerados,MLM-DESSERTS_READY_TO_EAT,1536
MLM455505,Alimentos y Bebidas > Kéfir,MLM-KEFIR,901
MLM1417,Alimentos y Bebidas > Otros,MLM-FOODS_AND_DRINKS,24490
MLM8814,Bebés > Andaderas y Correpasillos > Andaderas y Correpasillos,MLM-BABY_WALKERS,6571
MLM425086,Bebés > Andaderas y Correpasillos > Bicicletas de Equilibrio,MLM-BALANCE_BICYCLES,388
MLM423152,Bebés > Andaderas y Correpasillos > Otros,MLM-BABY_SUPPLIES,120
MLM423154,Bebés > Andaderas y Correpasillos > Triciclos,MLM-KIDS_TRICYCLES,736
MLM420166,Bebés > Artículos de Bebés para Baño > Almohadas y Redes,MLM-BABY_BATH_FLOATING_PILLOWS_AND_NETS,1391
MLM420168,Bebés > Artículos de Bebés para Baño > Batas,MLM-ROBES,466
MLM49536,Bebés > Artículos de Bebés para Baño > Bañitos Entrenadores,MLM-BABY_POTTIES_URINALS_AND_TOILET_ADAPTER_SEATS,18914
MLM191731,Bebés > Artículos de Bebés para Baño > Cepillos de Dientes,MLM-TOOTHBRUSHES,3398
MLM191734,Bebés > Artículos de Bebés para Baño > Extensores de Grifo,MLM-KIDS_FAUCET_EXTENDERS,11680
MLM191738,Bebés > Artículos de Bebés para Baño > Gorros Protectores de Oídos,MLM-INFANT_SHOWER_VISORS,4858
MLM190900,Bebés > Artículos de Bebés para Baño > Mingitorios,MLM-BABY_URINALS,7
MLM39989,Bebés > Artículos de Bebés para Baño > Otros,MLM-BABY_SUPPLIES,537
MLM420167,Bebés > Artículos de Bebés para Baño > Sillas de Tina de Baño,MLM-BABY_BATHTUB_SEATS,1715
MLM420169,Bebés > Artículos de Bebés para Baño > Termómetros para Baño,MLM-BABY_BATH_THERMOMETERS,431
MLM39966,Bebés > Artículos de Bebés para Baño > Tinas de Baño,MLM-BABY_BATHTUBS,6303
MLM420165,Bebés > Artículos de Bebés para Baño > Toallas,MLM-BABY_TOWELS,9870
MLM179615,Bebés > Artículos de Maternidad > Almohadas de Lactancia,MLM-BREASTFEEDING_PILLOWS,6512
MLM187795,Bebés > Artículos de Maternidad > Cambiadores Portátiles,MLM-BABY_CHANGING_PADS,11107
MLM430997,Bebés > Artículos de Maternidad > Diarios para Bebés,MLM-BABY_JOURNALS,10957
MLM429662,Bebés > Artículos de Maternidad > Fajas para Embarazadas,MLM-PREGNANCY_BELTS,8814
MLM185369,Bebés > Artículos de Maternidad > Otros,MLM-BABY_SUPPLIES,280
MLM40390,Bebés > Artículos de Maternidad > Pañaleras,MLM-DIAPER_BAGS,21844
MLM429664,Bebés > Artículos de Maternidad > Pezoneras,MLM-NIPPLE_SHIELDS,2592
MLM431595,Bebés > Artículos de Maternidad > Protectores Mamarios,MLM-NURSING_PADS,5068
MLM429666,Bebés > Artículos de Maternidad > Ropa para Embarazadas > Bermudas y Shorts,MLM-SHORTS,100
MLM429669,Bebés > Artículos de Maternidad > Ropa para Embarazadas > Brasieres,MLM-BRAS,929
MLM429667,Bebés > Artículos de Maternidad > Ropa para Embarazadas > Calzones,MLM-PANTIES,603
MLM455916,Bebés > Artículos de Maternidad > Ropa para Embarazadas > Extensores de Pantalones,MLM-PREGNANCY_PANTS_EXTENDERS,2357
MLM429668,Bebés > Artículos de Maternidad > Ropa para Embarazadas > Leggins,MLM-LEGGINGS,454
MLM429670,Bebés > Artículos de Maternidad > Ropa para Embarazadas > Otros,MLM-CLOTHING,9
MLM429671,Bebés > Artículos de Maternidad > Ropa para Embarazadas > Pantalones y Jeans,MLM-PANTS,2673
MLM429672,Bebés > Artículos de Maternidad > Ropa para Embarazadas > Playeras,MLM-T_SHIRTS,2906
MLM458004,Bebés > Artículos de Maternidad > Ropa para Embarazadas > Sudaderas y Hoodies,MLM-SWEATSHIRTS_AND_HOODIES,177
MLM429673,Bebés > Artículos de Maternidad > Ropa para Embarazadas > Vestidos,MLM-DRESSES,2380
MLM429663,Bebés > Artículos de Maternidad > Set Maternidad,MLM-DIAPER_BAG_KITS,2063
MLM152140,Bebés > Chupones y Mordederas > Chupones,MLM-BABY_PACIFIERS,19735
MLM191319,Bebés > Chupones y Mordederas > Chupones Alimentarios,MLM-BABY_FEEDING_PACIFIERS,870
MLM189211,Bebés > Chupones y Mordederas > Clips para Chupones,MLM-BABY_PACIFIER_CLIPS,11425
MLM429659,Bebés > Chupones y Mordederas > Esterilizadores de Chupones,MLM-ELECTRIC_BABY_STERILIZERS,76
MLM429660,Bebés > Chupones y Mordederas > Estuches para Chupones,MLM-BABY_PACIFIER_CASES,1287
MLM152147,Bebés > Chupones y Mordederas > Mordederas,MLM-BABY_TEETHERS,29696
MLM421313,Bebés > Chupones y Mordederas > Otros,MLM-BABY_SUPPLIES,12
MLM194404,Bebés > Comida para Bebés > Cereales,MLM-CEREALS,820
MLM194405,Bebés > Comida para Bebés > Galletas,MLM-BABY_BISCUITS,683
MLM189058,Bebés > Comida para Bebés > Leche para Bebés,MLM-BABY_FORMULAS,3705
MLM189057,Bebés > Comida para Bebés > Otros,MLM-BABY_SUPPLIES,86
MLM189059,Bebés > Comida para Bebés > Papilla,MLM-BABY_FOODS,940
MLM40393,Bebés > Corrales para Bebés,MLM-BABY_PLAYARDS,5053
MLM194109,Bebés > Higiene y Cuidado del Bebé > Colonias para Bebés,MLM-BABY_COLOGNES,1354
MLM193807,"Bebés > Higiene y Cuidado del Bebé > Cremas, Pomadas y Aceites",MLM-BABY_CREAMS_AND_OINTMENTS,4105
MLM420175,Bebés > Higiene y Cuidado del Bebé > Esponjas,MLM-BATH_SPONGES,1995
MLM455876,Bebés > Higiene y Cuidado del Bebé > Jabones > En Barra,MLM-BAR_SOAPS,2730
MLM455875,Bebés > Higiene y Cuidado del Bebé > Jabones > Líquido,MLM-LIQUID_HAND_AND_BODY_SOAPS,3965
MLM187793,Bebés > Higiene y Cuidado del Bebé > Otros Artículos,MLM-BABY_SUPPLIES,1932
MLM178488,Bebés > Higiene y Cuidado del Bebé > Pañales > Desechables,MLM-DISPOSABLE_BABY_DIAPERS,6522
MLM440835,Bebés > Higiene y Cuidado del Bebé > Pañales > Otros,MLM-BABY_SUPPLIES,22
MLM440834,Bebés > Higiene y Cuidado del Bebé > Pañales > Reutilizables,MLM-BABY_ECOLOGICAL_DIAPERS,8001
MLM420177,Bebés > Higiene y Cuidado del Bebé > Paños de Algodón,MLM-BABY_WASHCLOTHS,2019
MLM429679,Bebés > Higiene y Cuidado del Bebé > Peines y Cepillos,MLM-HAIR_COMBS,3929
MLM189840,Bebés > Higiene y Cuidado del Bebé > Sets de Cuidado para Bebés,MLM-BABY_GROOMING_KITS,2838
MLM194228,Bebés > Higiene y Cuidado del Bebé > Shampoos y Acondicionadores,MLM-HAIR_SHAMPOOS_AND_CONDITIONERS,38813
MLM455894,Bebés > Higiene y Cuidado del Bebé > Talcos para Bebés,MLM-TALCUMS,672
MLM187794,Bebés > Higiene y Cuidado del Bebé > Toallitas Húmedas,MLM-WET_BABY_WIPES,4038
MLM438018,Bebés > Juegos y Juguetes para Bebés > Caballitos Mecedoras,MLM-KIDS_ROCKING_HORSES,2099
MLM82301,Bebés > Juegos y Juguetes para Bebés > Centros de Actividades,MLM-BABY_ACTIVITY_CENTERS_AND_GYMS,26113
MLM422407,Bebés > Juegos y Juguetes para Bebés > Juegos de Arrastre,MLM-DRAGGING_TOYS,22012
MLM422405,Bebés > Juegos y Juguetes para Bebés > Juegos de Encaje y Apilables,MLM-INFANTS_SORTING_AND_STACKING_TOYS,57335
MLM82311,Bebés > Juegos y Juguetes para Bebés > Juguetes para el Baño,MLM-BATH_TOYS,75367
MLM352342,Bebés > Juegos y Juguetes para Bebés > Laberintos y Cubos Didácticos,MLM-INFANTS_LEARNING_MAZES_AND_CUBES,12905
MLM82310,Bebés > Juegos y Juguetes para Bebés > Mecedoras y Columpios > Columpios de Puerta,MLM-BABY_JUMPERS,1227
MLM82317,Bebés > Juegos y Juguetes para Bebés > Mecedoras y Columpios > Mecedoras,MLM-BABY_BOUNCERS,4447
MLM82302,Bebés > Juegos y Juguetes para Bebés > Mecedoras y Columpios > Otros,MLM-BABY_SUPPLIES,37
MLM422160,Bebés > Juegos y Juguetes para Bebés > Mesas de Actividades,MLM-BABY_ACTIVITY_TABLES,11292
MLM437544,Bebés > Juegos y Juguetes para Bebés > Muñecos de Estimulación,MLM-BABY_SUPPLIES,6103
MLM45969,Bebés > Juegos y Juguetes para Bebés > Móviles para Cunas,MLM-BABY_MOBILES,2767
MLM1887,Bebés > Juegos y Juguetes para Bebés > Otros,MLM-BABY_SUPPLIES,5607
MLM422161,Bebés > Juegos y Juguetes para Bebés > Pelotas,MLM-BABY_SUPPLIES,1865
MLM422140,Bebés > Juegos y Juguetes para Bebés > Peluches,MLM-STUFFED_TOYS,689200
MLM189110,Bebés > Juegos y Juguetes para Bebés > Sonajeros,MLM-BABY_RATTLES,14968
MLM191714,Bebés > Lactancia y Alimentación > Baberos,MLM-BABY_BIBS,23215
MLM187685,Bebés > Lactancia y Alimentación > Biberones y Accesorios > Accesorios para Biberones > Cepillos Limpiadores,MLM-BABY_BOTTLE_BRUSHES,26515
MLM191220,Bebés > Lactancia y Alimentación > Biberones y Accesorios > Accesorios para Biberones > Escurridores de Biberones,MLM-BABY_BOTTLE_DRYING_RACKS,696
MLM187684,Bebés > Lactancia y Alimentación > Biberones y Accesorios > Accesorios para Biberones > Otros,MLM-BABY_SUPPLIES,851
MLM421310,Bebés > Lactancia y Alimentación > Biberones y Accesorios > Accesorios para Biberones > Portabiberones,MLM-BABY_BOTTLE_TOTE_BAGS,4135
MLM187686,Bebés > Lactancia y Alimentación > Biberones y Accesorios > Accesorios para Biberones > Tetinas para Biberones,MLM-BABY_BOTTLE_NIPPLES,1355
MLM5363,Bebés > Lactancia y Alimentación > Biberones y Accesorios > Biberones,MLM-BABY_BOTTLES,5763
MLM430283,Bebés > Lactancia y Alimentación > Biberones y Accesorios > Otros,MLM-BABY_SUPPLIES,18
MLM190828,Bebés > Lactancia y Alimentación > Bolsas para Leche Materna,MLM-BREAST_MILK_STORAGE_BAGS,8467
MLM39990,Bebés > Lactancia y Alimentación > Calentadores de Biberones,MLM-BABY_BOTTLE_WARMERS,8776
MLM457045,Bebés > Lactancia y Alimentación > Esterilizadores,MLM-BABY_SUPPLIES,102
MLM39991,Bebés > Lactancia y Alimentación > Esterilizadores Eléctricos,MLM-ELECTRIC_BABY_STERILIZERS,630
MLM457029,Bebés > Lactancia y Alimentación > Esterilizadores Manuales,MLM-MANUAL_BABY_STERILIZERS,503
MLM39945,Bebés > Lactancia y Alimentación > Extractores de Leche,MLM-BREAST_PUMPS,4907
MLM5361,Bebés > Lactancia y Alimentación > Otros,MLM-BABY_SUPPLIES,361
MLM40391,Bebés > Lactancia y Alimentación > Sillas para Comer y Periqueras,MLM-BABY_HIGH_CHAIRS,8836
MLM421309,Bebés > Lactancia y Alimentación > Trapitos,MLM-BABY_TOWELS,3660
MLM413708,"Bebés > Lactancia y Alimentación > Vasos, Platos y Cubiertos > Contenedores de Snacks",MLM-FOOD_STORAGE_CONTAINERS,16840
MLM430286,"Bebés > Lactancia y Alimentación > Vasos, Platos y Cubiertos > Cubiertos",MLM-BABY_FLATWARE_KITS,7774
MLM421315,"Bebés > Lactancia y Alimentación > Vasos, Platos y Cubiertos > Dosificadores de alimentos",MLM-BABY_FOOD_DISPENSER_SPOONS,3472
MLM421314,"Bebés > Lactancia y Alimentación > Vasos, Platos y Cubiertos > Otros",MLM-BABY_SUPPLIES,317
MLM193736,"Bebés > Lactancia y Alimentación > Vasos, Platos y Cubiertos > Platos para Bebés",MLM-BABY_PLATES,15079
MLM421317,"Bebés > Lactancia y Alimentación > Vasos, Platos y Cubiertos > Set de Alimentación",MLM-BABY_FEEDING_KITS,14622
MLM189891,"Bebés > Lactancia y Alimentación > Vasos, Platos y Cubiertos > Vasos para Bebés",MLM-BABY_CUPS_AND_MUGS,32810
MLM1889,Bebés > Otros,MLM-BABY_SUPPLIES,13363
MLM191599,Bebés > Paseo del Bebé > Accesorios para Carriolas > Cobertores Climáticos,MLM-BABY_STROLLER_WEATHER_SHIELDS,11086
MLM430279,Bebés > Paseo del Bebé > Accesorios para Carriolas > Cubrepies,MLM-BABY_SUPPLIES,351
MLM429685,Bebés > Paseo del Bebé > Accesorios para Carriolas > Mosquiteros,MLM-BABY_STROLLER_MOSQUITO_COVERS,2841
MLM429686,Bebés > Paseo del Bebé > Accesorios para Carriolas > Organizadores,MLM-BABY_STROLLER_ORGANIZERS,19532
MLM429688,Bebés > Paseo del Bebé > Accesorios para Carriolas > Otros,MLM-BABY_SUPPLIES,334
MLM430280,Bebés > Paseo del Bebé > Accesorios para Carriolas > Reductores,MLM-BABY_STROLLER_AND_CAR_SEAT_LINERS,5302
MLM431044,Bebés > Paseo del Bebé > Almohadas para Cinturones,MLM-VEHICLE_SEAT_BELT_COVERS,9480
MLM72163,Bebés > Paseo del Bebé > Arneses y Correas,MLM-INFANTS_HARNESSES_AND_WRIST_LEASHES,16364
MLM1387,Bebés > Paseo del Bebé > Autoasientos,MLM-BABY_CAR_SEATS,5384
MLM1386,Bebés > Paseo del Bebé > Carriolas para Bebés,MLM-BABY_STROLLERS,9789
MLM124534,Bebés > Paseo del Bebé > Mochilas y Porta Bebés > Canguros,MLM-BABY_CARRIERS,17561
MLM124535,Bebés > Paseo del Bebé > Mochilas y Porta Bebés > Fulares,MLM-BABY_WRAP_SLINGS,7281
MLM124533,Bebés > Paseo del Bebé > Mochilas y Porta Bebés > Otros,MLM-BABY_SUPPLIES,107
MLM431302,Bebés > Paseo del Bebé > Organizadores para Carros,MLM-CAR_BACK_SEAT_ORGANIZERS,17846
MLM429697,Bebés > Paseo del Bebé > Otros,MLM-BABY_SUPPLIES,87
MLM271305,Bebés > Paseo del Bebé > Parasoles para Autos,MLM-VEHICLE_SUN_SHADES,11991
MLM457459,Bebés > Paseo del Bebé > Reductores,MLM-BABY_SUPPLIES,150
MLM179616,Bebés > Recámara de Bebés > Almohadas para Bebés,MLM-BABY_CUSHIONS_AND_PILLOWS,29404
MLM178487,Bebés > Recámara de Bebés > Cambiadores Rígidos,MLM-BABY_CHANGING_PADS,4526
MLM420260,Bebés > Recámara de Bebés > Colchones para Cuna,MLM-MATTRESSES,2054
MLM420245,Bebés > Recámara de Bebés > Colgantes de Puerta,MLM-BABY_DOOR_HANGERS,3550
MLM437978,Bebés > Recámara de Bebés > Cunas y Moisés > Camas Cuna,MLM-CONVENTIONAL_AND_CONVERTIBLE_CRIBS,271
MLM457946,Bebés > Recámara de Bebés > Cunas y Moisés > Catres,MLM-BABY_BASSINETS_MOSES_BASKETS_AND_MINI_CRIBS,186
MLM420251,Bebés > Recámara de Bebés > Cunas y Moisés > Cuna Corral,MLM-BABY_PLAYARDS,1952
MLM40400,Bebés > Recámara de Bebés > Cunas y Moisés > Cunas,MLM-CONVENTIONAL_AND_CONVERTIBLE_CRIBS,1999
MLM432284,Bebés > Recámara de Bebés > Cunas y Moisés > Cunas Portátiles,MLM-BABY_BASSINETS_MOSES_BASKETS_AND_MINI_CRIBS,1976
MLM457942,Bebés > Recámara de Bebés > Cunas y Moisés > Minicunas,MLM-BABY_BASSINETS_MOSES_BASKETS_AND_MINI_CRIBS,55
MLM185370,Bebés > Recámara de Bebés > Cunas y Moisés > Moisés,MLM-BABY_BASSINETS_MOSES_BASKETS_AND_MINI_CRIBS,1790
MLM40398,Bebés > Recámara de Bebés > Cunas y Moisés > Otros,MLM-BABY_CRIBS_AND_BASSINETS,73
MLM430277,Bebés > Recámara de Bebés > Juegos de Recámara,MLM-BABY_BEDROOM_KITS,3485
MLM420252,Bebés > Recámara de Bebés > Manta de Apego,MLM-BABY_BLANKETS,15161
MLM457853,Bebés > Recámara de Bebés > Máquinas de Ruido Blanco,MLM-WHITE_NOISE_MACHINES,1072
MLM420249,Bebés > Recámara de Bebés > Nido Contenedor,MLM-BABY_NESTS,2620
MLM194279,Bebés > Recámara de Bebés > Organizadores de Juguetes,MLM-TOY_STORAGE_ORGANIZERS,44929
MLM191004,Bebés > Recámara de Bebés > Organizadores de Pañales,MLM-DIAPER_ORGANIZERS,13374
MLM82876,Bebés > Recámara de Bebés > Otros,MLM-BABY_SUPPLIES,1129
MLM417043,Bebés > Recámara de Bebés > Portadientes de Leche,MLM-BABY_TOOTH_BOXES,1286
MLM71785,Bebés > Recámara de Bebés > Ropa y Protectores para Cuna > Cobijas,MLM-BABY_BLANKETS,30868
MLM82316,Bebés > Recámara de Bebés > Ropa y Protectores para Cuna > Edredones,MLM-COMFORTERS,10407
MLM82321,Bebés > Recámara de Bebés > Ropa y Protectores para Cuna > Otros,MLM-BEDDING,46
MLM191276,Bebés > Recámara de Bebés > Ropa y Protectores para Cuna > Protectores de Cuna,MLM-BABY_CRIB_BUMPERS,6935
MLM82322,Bebés > Recámara de Bebés > Ropa y Protectores para Cuna > Sábanas,MLM-BED_SHEETS,11758
MLM430321,Bebés > Ropa y Calzado para Bebés > Accesorios > Baberos,MLM-BABY_BIBS,8207
MLM174552,Bebés > Ropa y Calzado para Bebés > Accesorios > Gorros,MLM-HATS_AND_CAPS,10937
MLM430322,Bebés > Ropa y Calzado para Bebés > Accesorios > Otros,MLM-BABY_CLOTHING,45
MLM437607,"Bebés > Ropa y Calzado para Bebés > Accesorios > Tocados, Tiaras y Diademas",MLM-HEADPIECES_TIARAS_AND_HEADBANDS,23736
MLM437612,Bebés > Ropa y Calzado para Bebés > Batas,MLM-ROBES,194
MLM430325,Bebés > Ropa y Calzado para Bebés > Blusas,MLM-BLOUSES,2718
MLM458053,Bebés > Ropa y Calzado para Bebés > Bolsas de Dormir,MLM-BABY_SLEEPING_BAGS,2179
MLM82378,Bebés > Ropa y Calzado para Bebés > Calcetas,MLM-SOCKS,35282
MLM82324,Bebés > Ropa y Calzado para Bebés > Calzado,MLM-BABIES_FOOTWEAR,27036
MLM82388,Bebés > Ropa y Calzado para Bebés > Camisas,MLM-SHIRTS,16398
MLM82367,Bebés > Ropa y Calzado para Bebés > Chamarras,MLM-JACKETS_AND_COATS,7870
MLM82379,Bebés > Ropa y Calzado para Bebés > Conjuntos,MLM-BABY_CLOTHING_SETS,24770
MLM194361,Bebés > Ropa y Calzado para Bebés > Faldas,MLM-SKIRTS,668
MLM437611,Bebés > Ropa y Calzado para Bebés > Kits para Salida del Hospital,MLM-BABY_CLOTHING_SETS,3105
MLM187803,Bebés > Ropa y Calzado para Bebés > Mamelucos y Pañaleros,MLM-BABY_BODYSUITS,72898
MLM82327,Bebés > Ropa y Calzado para Bebés > Otros,MLM-BABY_CLOTHING,470
MLM82368,Bebés > Ropa y Calzado para Bebés > Overoles,MLM-JUMPSUITS_AND_OVERALLS,3865
MLM82390,Bebés > Ropa y Calzado para Bebés > Pantalones,MLM-PANTS,9995
MLM193461,Bebés > Ropa y Calzado para Bebés > Pijamas,MLM-PAJAMAS,3497
MLM82370,Bebés > Ropa y Calzado para Bebés > Playeras,MLM-T_SHIRTS,11373
MLM194362,Bebés > Ropa y Calzado para Bebés > Shorts,MLM-SHORTS,935
MLM82391,Bebés > Ropa y Calzado para Bebés > Sudaderas,MLM-SWEATSHIRTS_AND_HOODIES,1444
MLM82382,Bebés > Ropa y Calzado para Bebés > Sweaters,MLM-SWEATERS_AND_CARDIGANS,4499
MLM189319,Bebés > Ropa y Calzado para Bebés > Trajes de Baño,MLM-BABY_SWIMWEAR,4557
MLM10280,Bebés > Ropa y Calzado para Bebés > Vestidos,MLM-DRESSES,19954
MLM189895,Bebés > Salud del Bebé > Aspiradores Nasales,MLM-BABY_NASAL_ASPIRATORS,873
MLM191217,Bebés > Salud del Bebé > Botones y Parches Repelentes,MLM-BABY_REPELLENT_BUTTONS_AND_PATCHES,70
MLM429707,Bebés > Salud del Bebé > Chupones Termómetros,MLM-THERMOMETERS,181
MLM430102,Bebés > Salud del Bebé > Collares de Dentición,MLM-BABY_TEETHING_BRACELETS_AND_NECKLACES,472
MLM429708,Bebés > Salud del Bebé > Otros,MLM-BABY_SUPPLIES,142
MLM178483,Bebés > Seguridad para Bebés > Barandales,MLM-BED_AND_CRIB_SAFETY_RAILS,3101
MLM420158,Bebés > Seguridad para Bebés > Cascos para Bebés,MLM-BABY_SAFETY_HELMETS,19457
MLM418319,Bebés > Seguridad para Bebés > Cubiertas para Enchufes,MLM-OUTLET_PLUG_COVERS,17613
MLM190817,Bebés > Seguridad para Bebés > Espejos Retrovisores,MLM-BABY_CAR_MIRRORS,5286
MLM40394,Bebés > Seguridad para Bebés > Monitores para Bebés,MLM-BABY_MONITORS,3839
MLM1886,Bebés > Seguridad para Bebés > Otros,MLM-BABY_SUPPLIES,616
MLM178484,Bebés > Seguridad para Bebés > Protectores de Esquinas,MLM-BABY_CORNER_GUARDS,26221
MLM420159,Bebés > Seguridad para Bebés > Puertas de Seguridad,MLM-DOOR_AND_STAIR_SAFETY_FENCES,13980
MLM193798,Bebés > Seguridad para Bebés > Rodilleras para Bebés,MLM-BABY_KNEE_PADS,601
MLM190980,Bebés > Seguridad para Bebés > Seguros para Puertas,MLM-BABY_SAFETY_LOCKS,41201
MLM430278,Bebés > Seguridad para Bebés > Tapetes Antigolpes,MLM-BABY_SUPPLIES,5469
MLM430107,Bebés > Seguridad para Bebés > Tapetes de Goma,MLM-BABY_PUZZLE_PLAY_MATS,31946
MLM431043,Bebés > Seguridad para Bebés > Torres de Aprendizaje,MLM-KIDS_LEARNING_TOWERS,13087
MLM171922,Belleza y Cuidado Personal > Artefactos para el Cabello > Cepillos Eléctricos,MLM-ELECTRIC_HAIR_BRUSHES,29608
MLM168333,Belleza y Cuidado Personal > Artefactos para el Cabello > Cortadoras de Cabello,MLM-HAIR_CLIPPERS_ELECTRIC_SHAVERS_AND_HAIR_TRIMMERS,26451
MLM455869,Belleza y Cuidado Personal > Artefactos para el Cabello > Kits de Artefactos,MLM-HAIR_APPLIANCE_KITS,2110
MLM455197,Belleza y Cuidado Personal > Artefactos para el Cabello > Otros,MLM-BEAUTY_AND_PERSONAL_CARE_SUPPLIES,445
MLM4598,Belleza y Cuidado Personal > Artefactos para el Cabello > Planchas para Cabello,MLM-HAIR_STRAIGHTENERS,19399
MLM456356,Belleza y Cuidado Personal > Artefactos para el Cabello > Repuestos de Cortadora de Pelo,MLM-HAIR_CLIPPERS_ELECTRIC_SHAVERS_AND_HAIR_TRIMMERS_COMBS_AND_BLADES,3928
MLM168332,Belleza y Cuidado Personal > Artefactos para el Cabello > Rizadoras,MLM-CURLING_IRONS,4888
MLM4597,Belleza y Cuidado Personal > Artefactos para el Cabello > Secadoras de Cabello,MLM-HAIR_DRYERS,20306
MLM446228,Belleza y Cuidado Personal > Artefactos para el Cabello > Trimmers,MLM-HAIR_CLIPPERS_ELECTRIC_SHAVERS_AND_HAIR_TRIMMERS,16165
MLM417767,Belleza y Cuidado Personal > Artículos de Peluquería > Accesorios de Peluquería > Bandas Térmicas para Reflejos,MLM-HAIR_DYEING_PAPERS,2531
MLM421294,Belleza y Cuidado Personal > Artículos de Peluquería > Accesorios de Peluquería > Cabezas de Práctica,MLM-HAIRDRESSING_TRAINING_HEADS,29235
MLM190784,Belleza y Cuidado Personal > Artículos de Peluquería > Accesorios de Peluquería > Capas,MLM-HAIRDRESSING_CAPES,48435
MLM172007,Belleza y Cuidado Personal > Artículos de Peluquería > Accesorios de Peluquería > Cepillos,MLM-HAIR_BRUSHES,78037
MLM191130,Belleza y Cuidado Personal > Artículos de Peluquería > Accesorios de Peluquería > Difusores para Secadoras,MLM-HAIR_DRYER_DIFFUSERS,6219
MLM191283,Belleza y Cuidado Personal > Artículos de Peluquería > Accesorios de Peluquería > Envases Atomizadores,MLM-PACKAGING_CONTAINERS,27028
MLM420708,Belleza y Cuidado Personal > Artículos de Peluquería > Accesorios de Peluquería > Gorras,MLM-HAIRDRESSING_CAPS,42795
MLM187818,Belleza y Cuidado Personal > Artículos de Peluquería > Accesorios de Peluquería > Otros,MLM-HAIRDRESSING_ACCESSORIES,1872
MLM430899,Belleza y Cuidado Personal > Artículos de Peluquería > Accesorios de Peluquería > Papeles para Tinte de Pelo,MLM-HAIRDRESSING_ACCESSORIES,2686
MLM172006,Belleza y Cuidado Personal > Artículos de Peluquería > Accesorios de Peluquería > Peines,MLM-HAIR_COMBS,117441
MLM194278,Belleza y Cuidado Personal > Artículos de Peluquería > Accesorios de Peluquería > Pinzas para Cabello,MLM-HAIRDRESSING_CLIPS,66873
MLM191888,Belleza y Cuidado Personal > Artículos de Peluquería > Accesorios de Peluquería > Rulos,MLM-HAIR_ROLLERS,32377
MLM172008,Belleza y Cuidado Personal > Artículos de Peluquería > Accesorios de Peluquería > Tijeras de Cabello,MLM-HAIRDRESSING_SCISSORS,21914
MLM455935,Belleza y Cuidado Personal > Artículos de Peluquería > Extensiones y Pelucas > Accesorios para Colocación > Cintas,MLM-HAIRDRESSING_ACCESSORIES,2385
MLM455934,Belleza y Cuidado Personal > Artículos de Peluquería > Extensiones y Pelucas > Accesorios para Colocación > Otros,MLM-HAIRDRESSING_ACCESSORIES,1394
MLM455936,Belleza y Cuidado Personal > Artículos de Peluquería > Extensiones y Pelucas > Accesorios para Colocación > Removedores,MLM-HAIRDRESSING_ACCESSORIES,922
MLM431655,Belleza y Cuidado Personal > Artículos de Peluquería > Extensiones y Pelucas > Cola de Caballo,MLM-HAIRDRESSING_ACCESSORIES,5241
MLM431654,Belleza y Cuidado Personal > Artículos de Peluquería > Extensiones y Pelucas > Cortinas de Cabello,MLM-HAIRDRESSING_ACCESSORIES,464
MLM16090,Belleza y Cuidado Personal > Artículos de Peluquería > Extensiones y Pelucas > Extensiones,MLM-HAIR_EXTENSIONS,13990
MLM431981,Belleza y Cuidado Personal > Artículos de Peluquería > Extensiones y Pelucas > Flecos Postizos,MLM-FAKE_BANGS,928
MLM437167,Belleza y Cuidado Personal > Artículos de Peluquería > Extensiones y Pelucas > Otros,MLM-HAIRDRESSING_ACCESSORIES,1375
MLM7787,Belleza y Cuidado Personal > Artículos de Peluquería > Extensiones y Pelucas > Pelucas,MLM-BEAUTY_WIGS,210453
MLM189365,Belleza y Cuidado Personal > Artículos de Peluquería > Muebles para Estética > Carros Auxiliares,MLM-SALON_TROLLEYS,3320
MLM189367,Belleza y Cuidado Personal > Artículos de Peluquería > Muebles para Estética > Espejos para Estética,MLM-SALON_FURNITURE,107
MLM432590,Belleza y Cuidado Personal > Artículos de Peluquería > Muebles para Estética > Faros de Barbería,MLM-SALON_FURNITURE,397
MLM432546,Belleza y Cuidado Personal > Artículos de Peluquería > Muebles para Estética > Juegos de Muebles para Salones,MLM-SALON_FURNITURE_KITS,416
MLM189699,Belleza y Cuidado Personal > Artículos de Peluquería > Muebles para Estética > Lavabos,MLM-BACKWASH_UNITS,365
MLM189366,Belleza y Cuidado Personal > Artículos de Peluquería > Muebles para Estética > Lámparas para Estética,MLM-MAGNIFYING_GLASSES,2079
MLM189362,Belleza y Cuidado Personal > Artículos de Peluquería > Muebles para Estética > Otros,MLM-SALON_FURNITURE,219
MLM189363,Belleza y Cuidado Personal > Artículos de Peluquería > Muebles para Estética > Sillas para Estética,MLM-STYLING_AND_BARBER_CHAIRS,4344
MLM431052,Belleza y Cuidado Personal > Artículos de Peluquería > Muebles para Estética > Vaporizadores de Cabello,MLM-HAIRDRESSING_FLOOR_AND_WALL_HAIR_STEAMERS,227
MLM431644,Belleza y Cuidado Personal > Artículos de Peluquería > Otros,MLM-HAIRDRESSING_ACCESSORIES,92
MLM194074,Belleza y Cuidado Personal > Barbería > Brochas de Afeitar,MLM-SHAVING_BRUSHES,9446
MLM194073,"Belleza y Cuidado Personal > Barbería > Bálsamos, Aceites y Tónicos",MLM-BEARD_OILS_AND_BALMS,5042
MLM194075,Belleza y Cuidado Personal > Barbería > Capas,MLM-HAIRDRESSING_CAPES,3241
MLM194077,Belleza y Cuidado Personal > Barbería > Cartuchos para Rasuradoras,MLM-RAZOR_CARTRIDGES,1260
MLM433421,Belleza y Cuidado Personal > Barbería > Cepillos Alisadores para Barba,MLM-ELECTRIC_HAIR_BRUSHES,1699
MLM194079,Belleza y Cuidado Personal > Barbería > Cuchillas de Afeitar,MLM-RAZOR_BLADES,2085
MLM194078,Belleza y Cuidado Personal > Barbería > Espumas de Afeitar,MLM-SHAVING_CREAMS,831
MLM194388,Belleza y Cuidado Personal > Barbería > Jabones de Afeitar,MLM-BEAUTY_AND_PERSONAL_CARE_SUPPLIES,1934
MLM194389,Belleza y Cuidado Personal > Barbería > Kits para Barba,MLM-BEARD_KITS,7587
MLM190902,Belleza y Cuidado Personal > Barbería > Navajas de Afeitar,MLM-STRAIGHT_RAZORS,8324
MLM194081,Belleza y Cuidado Personal > Barbería > Otros,MLM-BEAUTY_AND_PERSONAL_CARE_SUPPLIES,3393
MLM191210,Belleza y Cuidado Personal > Barbería > Peines Delineadores de Barba,MLM-HAIR_COMBS,6669
MLM190968,Belleza y Cuidado Personal > Barbería > Productos Post Afeitar,MLM-AFTERSHAVES,17782
MLM417607,Belleza y Cuidado Personal > Barbería > Rasuradoras > Otros,MLM-BEAUTY_AND_PERSONAL_CARE_SUPPLIES,147
MLM194083,Belleza y Cuidado Personal > Barbería > Rasuradoras > Rasuradoras Desechables,MLM-DISPOSABLE_AND_REFILLABLE_RAZORS,1202
MLM4605,Belleza y Cuidado Personal > Barbería > Rasuradoras > Rasuradoras Eléctricas,MLM-HAIR_CLIPPERS_ELECTRIC_SHAVERS_AND_HAIR_TRIMMERS,40677
MLM193976,Belleza y Cuidado Personal > Cuidado de la Piel > Autobronceantes,MLM-SELF_TANNERS,7304
MLM172339,Belleza y Cuidado Personal > Cuidado de la Piel > Bálsamos Labiales,MLM-LIP_BALMS,53548
MLM178755,Belleza y Cuidado Personal > Cuidado de la Piel > Cuidado Corporal,MLM-BODY_SKIN_CARE_PRODUCTS,403301
MLM178705,Belleza y Cuidado Personal > Cuidado de la Piel > Cuidado Facial,MLM-FACIAL_SKIN_CARE_PRODUCTS,898773
MLM432650,Belleza y Cuidado Personal > Cuidado de la Piel > Kits de Cuidado de la Piel,MLM-SKIN_CARE_KITS,90879
MLM191128,Belleza y Cuidado Personal > Cuidado de la Piel > Limpieza Facial > Cepillos Faciales > Cepillos Faciales Eléctricos,MLM-ELECTRIC_FACIAL_BRUSHES_AND_SPONGES,2099
MLM433718,Belleza y Cuidado Personal > Cuidado de la Piel > Limpieza Facial > Cepillos Faciales > Cepillos Manuales,MLM-MANUAL_FACIAL_BRUSHES_AND_SPONGES,14303
MLM179203,Belleza y Cuidado Personal > Cuidado de la Piel > Limpieza Facial > Desmaquillantes,MLM-MAKEUP_REMOVERS,37644
MLM191840,Belleza y Cuidado Personal > Cuidado de la Piel > Limpieza Facial > Esponjas Faciales,MLM-MANUAL_FACIAL_BRUSHES_AND_SPONGES,8512
MLM179202,Belleza y Cuidado Personal > Cuidado de la Piel > Limpieza Facial > Otros,MLM-SKIN_CARE_SUPPLIES,6167
MLM456030,Belleza y Cuidado Personal > Cuidado de la Piel > Limpieza Facial > Toallitas Reutilizables,MLM-REUSABLE_MAKEUP_REMOVERS,19645
MLM189648,Belleza y Cuidado Personal > Cuidado de la Piel > Limpieza Facial > Vaporizadores Faciales > Eléctricos,MLM-ELECTRIC_FACIAL_STEAMERS,542
MLM457135,Belleza y Cuidado Personal > Cuidado de la Piel > Limpieza Facial > Vaporizadores Faciales > Otros,MLM-SKIN_CARE_SUPPLIES,6
MLM457132,Belleza y Cuidado Personal > Cuidado de la Piel > Limpieza Facial > Vaporizadores Faciales > Portátiles,MLM-PORTABLE_FACIAL_STEAMERS,2964
MLM178708,Belleza y Cuidado Personal > Cuidado de la Piel > Mascarillas Faciales,MLM-FACE_MASKS,97746
MLM1259,Belleza y Cuidado Personal > Cuidado de la Piel > Otros,MLM-SKIN_CARE_SUPPLIES,6752
MLM431844,Belleza y Cuidado Personal > Cuidado de la Piel > Protección Solar > After Sun,MLM-AFTER_SUNS,819
MLM178704,Belleza y Cuidado Personal > Cuidado de la Piel > Protección Solar > Bronceador,MLM-SUN_TANNER_PRODUCTS,6251
MLM431970,Belleza y Cuidado Personal > Cuidado de la Piel > Protección Solar > Cintas para Bronceado,MLM-TANNING_ADHESIVE_TAPES,315
MLM178701,Belleza y Cuidado Personal > Cuidado de la Piel > Protección Solar > Otros,MLM-SKIN_CARE_SUPPLIES,257
MLM178702,Belleza y Cuidado Personal > Cuidado de la Piel > Protección Solar > Protectores y Bloqueadores,MLM-SUNSCREENS,20787
MLM191794,Belleza y Cuidado Personal > Cuidado de la Piel > Pulseras Repelentes,MLM-REPELLENT_BRACELETS,4244
MLM191261,Belleza y Cuidado Personal > Cuidado de la Piel > Repelentes,MLM-SKIN_REPELLENTS,2653
MLM171893,Belleza y Cuidado Personal > Cuidado del Cabello > Crema para Peinar,MLM-HAIR_TREATMENTS,11679
MLM191692,Belleza y Cuidado Personal > Cuidado del Cabello > Fijadores para el Cabello,MLM-HAIR_FIXATIVES,13450
MLM1267,Belleza y Cuidado Personal > Cuidado del Cabello > Otros,MLM-BEAUTY_AND_PERSONAL_CARE_SUPPLIES,4566
MLM430117,Belleza y Cuidado Personal > Cuidado del Cabello > Shampoos y Acondicionadores,MLM-HAIR_SHAMPOOS_AND_CONDITIONERS,118705
MLM430110,Belleza y Cuidado Personal > Cuidado del Cabello > Tintes y Decolorantes,MLM-HAIR_AND_FACE_DYES_AND_BLEACHES,44484
MLM171894,Belleza y Cuidado Personal > Cuidado del Cabello > Tratamientos para el Cabello,MLM-HAIR_TREATMENTS,161080
MLM191357,Belleza y Cuidado Personal > Depilación > Bandas Depilatorias,MLM-HAIR_REMOVAL_STRIPS,2299
MLM189232,Belleza y Cuidado Personal > Depilación > Calentadores de Cera,MLM-DEPILATORY_WAX_WARMERS,7095
MLM185258,Belleza y Cuidado Personal > Depilación > Ceras para Depilar,MLM-DEPILATORY_WAXES,5009
MLM185260,Belleza y Cuidado Personal > Depilación > Cremas Depiladoras,MLM-DEPILATORY_CREAMS,2021
MLM185257,Belleza y Cuidado Personal > Depilación > Depiladoras > Convencionales,MLM-EPILATORS_AND_TRIMMERS,22843
MLM185259,Belleza y Cuidado Personal > Depilación > Depiladoras > Definitivas,MLM-PERMANENT_EPILATORS,2830
MLM194066,Belleza y Cuidado Personal > Depilación > Kits de Depilación,MLM-HAIR_REMOVAL_KITS,4353
MLM431641,Belleza y Cuidado Personal > Depilación > Lapiceras Capilares,MLM-HAIR_RAZOR_PENS,39
MLM191755,Belleza y Cuidado Personal > Depilación > Moldes para Cejas,MLM-EYEBROW_STENCILS,4315
MLM185256,Belleza y Cuidado Personal > Depilación > Otros,MLM-HAIR_REMOVAL,1089
MLM191618,Belleza y Cuidado Personal > Depilación > Pinzas para Depilar,MLM-TWEEZERS,27149
MLM193962,Belleza y Cuidado Personal > Depilación > Resortes Depiladores,MLM-HAIR_REMOVAL_SPRINGS,1604
MLM194453,Belleza y Cuidado Personal > Farmacia > Alcohol Etílico,MLM-ETHYL_ALCOHOL,27
MLM458021,Belleza y Cuidado Personal > Farmacia > Alcoholes Líquidos,MLM-ANTIBACTERIAL_ALCOHOL,60
MLM445794,Belleza y Cuidado Personal > Farmacia > Alcoholes en Aerosol,MLM-ANTIBACTERIAL_ALCOHOL,7
MLM458020,Belleza y Cuidado Personal > Farmacia > Alcoholes en Spray,MLM-ANTIBACTERIAL_ALCOHOL,63
MLM419424,Belleza y Cuidado Personal > Farmacia > Algodones,MLM-HYDROPHILIC_COTTON,21
MLM194454,Belleza y Cuidado Personal > Farmacia > Bicarbonato de Sodio,MLM-SODIUM_BICARBONATE,18
MLM435060,Belleza y Cuidado Personal > Farmacia > Bolsas de Colostomía,MLM-COLOSTOMY_BAGS,48
MLM194459,Belleza y Cuidado Personal > Farmacia > Cuidado Sexual > Condones,MLM-CONDOMS,120
MLM194460,Belleza y Cuidado Personal > Farmacia > Cuidado Sexual > Lubricantes,MLM-PERSONAL_LUBRICANTS_AND_GELS,1112
MLM194461,Belleza y Cuidado Personal > Farmacia > Cuidado Sexual > Otros,MLM-HEALTH_CARE_SUPPLIES,198
MLM455796,Belleza y Cuidado Personal > Farmacia > Cápsulas Vacías,MLM-EMPTY_CAPSULES,1182
MLM194456,Belleza y Cuidado Personal > Farmacia > Gasas,MLM-GAUZES,551
MLM194457,Belleza y Cuidado Personal > Farmacia > Geles Antibacteriales,MLM-ANTIBACTERIAL_ALCOHOL,900
MLM194458,Belleza y Cuidado Personal > Farmacia > Otros,MLM-HEALTH_CARE_SUPPLIES,1321
MLM431651,Belleza y Cuidado Personal > Farmacia > Tests de Embarazo y Ovulación,MLM-PREGNANCY_AND_OVULATION_TESTS,49
MLM438382,Belleza y Cuidado Personal > Farmacia > Vendas,MLM-SPORT_AND_MEDICAL_BANDAGES,96
MLM191290,Belleza y Cuidado Personal > Higiene Personal > Absorbentes de Axilas,MLM-ABSORBENT_SWEAT_PADS,9544
MLM191294,Belleza y Cuidado Personal > Higiene Personal > Cartuchos para Rasuradoras,MLM-RAZOR_CARTRIDGES,3592
MLM191046,Belleza y Cuidado Personal > Higiene Personal > Cuchillas de Afeitar,MLM-RAZOR_BLADES,10937
MLM455784,Belleza y Cuidado Personal > Higiene Personal > Cuidado Bucal > Blanqueadores Dentales > Aceleradores Led,MLM-TEETH_WHITENING_LED_ACCELERATORS,880
MLM448310,Belleza y Cuidado Personal > Higiene Personal > Cuidado Bucal > Blanqueadores Dentales > Blanqueadores en Polvo,MLM-TEETH_WHITENING_POWDERS,863
MLM448305,Belleza y Cuidado Personal > Higiene Personal > Cuidado Bucal > Blanqueadores Dentales > Jeringas Blanqueadoras,MLM-TEETH_WHITENING_SYRINGES,1196
MLM455785,Belleza y Cuidado Personal > Higiene Personal > Cuidado Bucal > Blanqueadores Dentales > Kits para Blanqueamiento,MLM-TEETH_WHITENING_KITS,16091
MLM454113,Belleza y Cuidado Personal > Higiene Personal > Cuidado Bucal > Blanqueadores Dentales > Lápices Blanqueadores,MLM-BEAUTY_AND_PERSONAL_CARE_SUPPLIES,574
MLM455778,Belleza y Cuidado Personal > Higiene Personal > Cuidado Bucal > Blanqueadores Dentales > Otros,MLM-BEAUTY_AND_PERSONAL_CARE_SUPPLIES,9265
MLM409333,Belleza y Cuidado Personal > Higiene Personal > Cuidado Bucal > Blanqueadores Dentales > Tiras Blanqueadoras,MLM-TEETH_WHITENING_STRIPS,13691
MLM457012,Belleza y Cuidado Personal > Higiene Personal > Cuidado Bucal > Cabezales para Cepillos,MLM-TOOTHBRUSH_HEADS,7239
MLM430518,Belleza y Cuidado Personal > Higiene Personal > Cuidado Bucal > Cajas de Retenedor Ortodóntico,MLM-ORTHODONTIC_RETAINER_BOXES,11069
MLM167988,Belleza y Cuidado Personal > Higiene Personal > Cuidado Bucal > Cepillos Dentales,MLM-TOOTHBRUSHES,32313
MLM447211,Belleza y Cuidado Personal > Higiene Personal > Cuidado Bucal > Cepillos Eléctricos,MLM-ELECTRIC_TOOTHBRUSHES,3625
MLM194393,Belleza y Cuidado Personal > Higiene Personal > Cuidado Bucal > Cepillos Interdentales,MLM-INTERDENTAL_BRUSHES,9466
MLM430515,Belleza y Cuidado Personal > Higiene Personal > Cuidado Bucal > Ceras para Ortodoncia,MLM-ORTHODONTIC_WAXES,885
MLM189205,Belleza y Cuidado Personal > Higiene Personal > Cuidado Bucal > Enjuague Bucal,MLM-MOUTHWASHES,3966
MLM180913,Belleza y Cuidado Personal > Higiene Personal > Cuidado Bucal > Hilos Dentales,MLM-DENTAL_FLOSSES,3405
MLM188731,Belleza y Cuidado Personal > Higiene Personal > Cuidado Bucal > Irrigadores Bucales,MLM-ORAL_IRRIGATORS,10282
MLM455787,Belleza y Cuidado Personal > Higiene Personal > Cuidado Bucal > Limpiadores de Lengua,MLM-TONGUE_CLEANERS_AND_SCRAPERS,11804
MLM180914,Belleza y Cuidado Personal > Higiene Personal > Cuidado Bucal > Otros,MLM-BEAUTY_AND_PERSONAL_CARE_SUPPLIES,2729
MLM168075,Belleza y Cuidado Personal > Higiene Personal > Cuidado Bucal > Pastas Dentales,MLM-TOOTHPASTES,107250
MLM167989,Belleza y Cuidado Personal > Higiene Personal > Desodorantes,MLM-DEODORANTS,18894
MLM191671,Belleza y Cuidado Personal > Higiene Personal > Espumas de Afeitar,MLM-SHAVING_CREAMS,4640
MLM457529,Belleza y Cuidado Personal > Higiene Personal > Higiene Femenina > Calzones Menstruales,MLM-PANTIES,745
MLM187668,Belleza y Cuidado Personal > Higiene Personal > Higiene Femenina > Copas Menstruales,MLM-MENSTRUAL_CUPS_AND_DISCS,4122
MLM187687,Belleza y Cuidado Personal > Higiene Personal > Higiene Femenina > Dispositivos Urinarios,MLM-FEMALE_URINATION_DEVICES,1807
MLM432398,Belleza y Cuidado Personal > Higiene Personal > Higiene Femenina > Esterilizadores de Copas > Eléctricos,MLM-ELECTRIC_MENSTRUAL_CUP_STERILIZERS,376
MLM432397,Belleza y Cuidado Personal > Higiene Personal > Higiene Femenina > Esterilizadores de Copas > Manuales,MLM-MANUAL_MENSTRUAL_CUP_STERILIZERS,246
MLM453571,Belleza y Cuidado Personal > Higiene Personal > Higiene Femenina > Jabones Íntimos,MLM-INTIMATE_SOAPS,1338
MLM187669,Belleza y Cuidado Personal > Higiene Personal > Higiene Femenina > Otros,MLM-BEAUTY_AND_PERSONAL_CARE_SUPPLIES,312
MLM194143,Belleza y Cuidado Personal > Higiene Personal > Higiene Femenina > Pantiprotectores Diarios,MLM-PANTY_LINERS,1709
MLM194498,Belleza y Cuidado Personal > Higiene Personal > Higiene Femenina > Protectores Mamarios,MLM-NURSING_PADS,5412
MLM187666,Belleza y Cuidado Personal > Higiene Personal > Higiene Femenina > Tampones,MLM-TAMPONS,462
MLM187667,Belleza y Cuidado Personal > Higiene Personal > Higiene Femenina > Toallitas Femeninas > Desechables,MLM-SANITARY_PADS,6266
MLM455943,Belleza y Cuidado Personal > Higiene Personal > Higiene Femenina > Toallitas Femeninas > Reutilizables,MLM-REUSABLE_SANITARY_PADS,4322
MLM191638,Belleza y Cuidado Personal > Higiene Personal > Hisopos para Oídos,MLM-COTTON_SWABS,1756
MLM189051,Belleza y Cuidado Personal > Higiene Personal > Jabones > En Barra,MLM-BAR_SOAPS,46071
MLM189050,Belleza y Cuidado Personal > Higiene Personal > Jabones > Líquido,MLM-LIQUID_HAND_AND_BODY_SOAPS,27181
MLM189049,Belleza y Cuidado Personal > Higiene Personal > Jabones > Otros,MLM-BEAUTY_AND_PERSONAL_CARE_SUPPLIES,2831
MLM190889,Belleza y Cuidado Personal > Higiene Personal > Limpiadores de Oídos,MLM-EAR_WAX_REMOVERS,2286
MLM187665,Belleza y Cuidado Personal > Higiene Personal > Otros,MLM-BEAUTY_AND_PERSONAL_CARE_SUPPLIES,4373
MLM431600,Belleza y Cuidado Personal > Higiene Personal > Papeles Higiénicos,MLM-TOILET_PAPERS,923
MLM191697,Belleza y Cuidado Personal > Higiene Personal > Pañuelos Desechables,MLM-FACIAL_TISSUES,18111
MLM455043,Belleza y Cuidado Personal > Higiene Personal > Protección para Incontinencia > Otros,MLM-HEALTH_CARE_SUPPLIES,6
MLM189695,Belleza y Cuidado Personal > Higiene Personal > Protección para Incontinencia > Pañales para Adultos,MLM-ADULT_DIAPERS,185
MLM455049,Belleza y Cuidado Personal > Higiene Personal > Protección para Incontinencia > Salvacamas,MLM-INCONTINENCE_UNDERPADS,19
MLM455051,Belleza y Cuidado Personal > Higiene Personal > Protección para Incontinencia > Toallas,MLM-INCONTINENCE_PADS,44
MLM191827,Belleza y Cuidado Personal > Higiene Personal > Rascadores de Espalda,MLM-BACK_SCRATCHERS,20059
MLM194011,Belleza y Cuidado Personal > Higiene Personal > Rasuradoras Desechables,MLM-DISPOSABLE_AND_REFILLABLE_RAZORS,4144
MLM191691,Belleza y Cuidado Personal > Higiene Personal > Talcos,MLM-TALCUMS,1650
MLM191653,Belleza y Cuidado Personal > Higiene Personal > Toallas Húmedas,MLM-HYGIENIC_WET_WIPES,3181
MLM191678,Belleza y Cuidado Personal > Higiene Personal > Venditas Adhesivas,MLM-PROTECTIVE_ADHESIVE_BANDAGES,14089
MLM193782,Belleza y Cuidado Personal > Manicura y Pedicura > Decoración para Uñas > Cintillas para Uñas,MLM-NAIL_TAPES,2481
MLM417182,Belleza y Cuidado Personal > Manicura y Pedicura > Decoración para Uñas > Kits de Stamping,MLM-NAIL_STAMPING_PLATES,124
MLM418967,Belleza y Cuidado Personal > Manicura y Pedicura > Decoración para Uñas > Otros,MLM-MANICURE_AND_PEDICURE_SUPPLIES,545
MLM194029,Belleza y Cuidado Personal > Manicura y Pedicura > Decoración para Uñas > Pegamentos de Uñas,MLM-NAIL_GLUES,1482
MLM179744,Belleza y Cuidado Personal > Manicura y Pedicura > Decoración para Uñas > Placa de Sellos,MLM-NAIL_STAMPING_PLATES,4428
MLM191310,Belleza y Cuidado Personal > Manicura y Pedicura > Decoración para Uñas > Sellos para Uñas,MLM-NAIL_STAMPS,7378
MLM189820,Belleza y Cuidado Personal > Manicura y Pedicura > Decoración para Uñas > Stickers para Uñas,MLM-NAIL_STICKERS,38016
MLM189747,Belleza y Cuidado Personal > Manicura y Pedicura > Decoración para Uñas > Strass de Uñas,MLM-NAIL_RHINESTONES,40923
MLM194061,Belleza y Cuidado Personal > Manicura y Pedicura > Decoración para Uñas > Uñas Postizas,MLM-FALSE_NAILS,6608
MLM191253,Belleza y Cuidado Personal > Manicura y Pedicura > Dedos para Práctica,MLM-MANICURE_PRACTICE_HANDS_AND_FINGERS,1765
MLM194022,Belleza y Cuidado Personal > Manicura y Pedicura > Diluyentes de Esmalte,MLM-NAIL_POLISH_THINNERS,382
MLM179743,Belleza y Cuidado Personal > Manicura y Pedicura > Esmaltes,MLM-NAIL_POLISH,10210
MLM179609,Belleza y Cuidado Personal > Manicura y Pedicura > Instrumental > Alicates,MLM-NAIL_AND_CUTICLE_CUTTERS,73717
MLM433666,Belleza y Cuidado Personal > Manicura y Pedicura > Instrumental > Desenterradores de Uñas,MLM-INGROWN_NAIL_FIXERS,5262
MLM191381,Belleza y Cuidado Personal > Manicura y Pedicura > Instrumental > Empujadores de Cutículas,MLM-CUTICLE_PUSHERS,1004
MLM179613,Belleza y Cuidado Personal > Manicura y Pedicura > Instrumental > Kits de Manicura y Pedicura,MLM-MANICURE_AND_PEDICURE_KITS,38075
MLM179608,Belleza y Cuidado Personal > Manicura y Pedicura > Instrumental > Limas para Uñas,MLM-NAIL_FILES,28923
MLM187830,Belleza y Cuidado Personal > Manicura y Pedicura > Instrumental > Otros,MLM-MANICURE_AND_PEDICURE_SUPPLIES,1158
MLM191259,Belleza y Cuidado Personal > Manicura y Pedicura > Instrumental > Removedores de Cutículas,MLM-CUTICLE_REMOVERS,3685
MLM191227,Belleza y Cuidado Personal > Manicura y Pedicura > Instrumental > Separadores de Dedos,MLM-MANICURE_AND_PEDICURE_FINGER_SEPARATORS,14635
MLM179610,Belleza y Cuidado Personal > Manicura y Pedicura > Instrumental > Tornos,MLM-MANICURE_AND_PEDICURE_DRILLS,28439
MLM191249,Belleza y Cuidado Personal > Manicura y Pedicura > Manos para Práctica,MLM-MANICURE_PRACTICE_HANDS_AND_FINGERS,4801
MLM191651,Belleza y Cuidado Personal > Manicura y Pedicura > Mesas para Manicura,MLM-MANICURE_TABLES,1099
MLM193995,Belleza y Cuidado Personal > Manicura y Pedicura > Muestrarios de Uñas,MLM-NAIL_SAMPLES,4870
MLM179606,Belleza y Cuidado Personal > Manicura y Pedicura > Otros,MLM-MANICURE_AND_PEDICURE_SUPPLIES,1998
MLM416984,Belleza y Cuidado Personal > Manicura y Pedicura > Pantuflas Desechables,MLM-DISPOSABLE_SLIPPERS_AND_FLIP_FLOPS,34
MLM428953,Belleza y Cuidado Personal > Manicura y Pedicura > Parafineros,MLM-PARAFFIN_WAX_WARMERS,4193
MLM194031,Belleza y Cuidado Personal > Manicura y Pedicura > Porta Esmaltes > Anillos Portaesmaltes,MLM-NAIL_POLISH_RING_HOLDERS,2871
MLM432601,Belleza y Cuidado Personal > Manicura y Pedicura > Porta Esmaltes > Carros,MLM-NAIL_POLISH_TROLLEYS,3079
MLM193799,Belleza y Cuidado Personal > Manicura y Pedicura > Porta Esmaltes > Estantes para Esmaltes,MLM-NAIL_POLISH_SHELVES_AND_ORGANIZERS,5688
MLM432599,Belleza y Cuidado Personal > Manicura y Pedicura > Porta Esmaltes > Otros,MLM-MANICURE_AND_PEDICURE_SUPPLIES,8
MLM430214,Belleza y Cuidado Personal > Manicura y Pedicura > Protectores de Esmalte,MLM-MANICURE_FINGER_COVERS,3379
MLM190945,Belleza y Cuidado Personal > Manicura y Pedicura > Removedores de Esmaltes,MLM-NAIL_POLISH_REMOVERS,1439
MLM192054,Belleza y Cuidado Personal > Manicura y Pedicura > Sprays y Gotas Seca Esmaltes,MLM-NAIL_POLISH_DRYING_SPRAYS_AND_DROPS,138
MLM192034,Belleza y Cuidado Personal > Manicura y Pedicura > Tratamientos para Manos y Pies > Cremas para Manos y Pies,MLM-BODY_SKIN_CARE_PRODUCTS,34606
MLM189831,Belleza y Cuidado Personal > Manicura y Pedicura > Tratamientos para Manos y Pies > Fortalecedores de Uñas,MLM-NAIL_STRENGTHENERS,25412
MLM431339,Belleza y Cuidado Personal > Manicura y Pedicura > Tratamientos para Manos y Pies > Mascarillas para Manos y Pies,MLM-HAND_AND_FOOT_MASKS,7075
MLM190773,Belleza y Cuidado Personal > Manicura y Pedicura > Tratamientos para Manos y Pies > Máquinas Exfoliadoras,MLM-MANICURE_AND_PEDICURE_ELECTRONIC_EXFOLIATORS_AND_FILES,18446
MLM418972,Belleza y Cuidado Personal > Manicura y Pedicura > Tratamientos para Manos y Pies > Otros,MLM-MANICURE_AND_PEDICURE_SUPPLIES,1959
MLM194374,Belleza y Cuidado Personal > Manicura y Pedicura > Tratamientos para Manos y Pies > Piedras Pómez,MLM-SKIN_PUMICE_STONES,8412
MLM429587,Belleza y Cuidado Personal > Manicura y Pedicura > Uñas Esculpidas > Extractores de Polvo,MLM-NAIL_DUST_COLLECTORS,792
MLM429305,Belleza y Cuidado Personal > Manicura y Pedicura > Uñas Esculpidas > Geles y Acrílicos,MLM-SCULPTURED_NAIL_GELS_AND_ACRYLICS,10550
MLM194660,Belleza y Cuidado Personal > Manicura y Pedicura > Uñas Esculpidas > Kits para Uñas en Gel,MLM-GEL_NAIL_KITS,3306
MLM179607,Belleza y Cuidado Personal > Manicura y Pedicura > Uñas Esculpidas > Lámparas Uv,MLM-NAIL_DRYERS,4226
MLM420110,Belleza y Cuidado Personal > Manicura y Pedicura > Uñas Esculpidas > Moldes para Uñas,MLM-SCULPTURED_NAIL_FORMS,5737
MLM418969,Belleza y Cuidado Personal > Manicura y Pedicura > Uñas Esculpidas > Otros,MLM-MANICURE_AND_PEDICURE_SUPPLIES,1433
MLM194002,Belleza y Cuidado Personal > Manicura y Pedicura > Uñas Esculpidas > Pinceles para Uñas,MLM-NAIL_ART_BRUSHES,24255
MLM193996,Belleza y Cuidado Personal > Manicura y Pedicura > Uñas Esculpidas > Pinzas y Clips para Uñas,MLM-SCULPTURED_NAIL_REMOVER_CLIPS,2936
MLM418976,Belleza y Cuidado Personal > Manicura y Pedicura > Uñas Esculpidas > Polvo para Uñas,MLM-NAIL_POWDERS,9211
MLM190918,Belleza y Cuidado Personal > Maquillaje > Agujas Microblading,MLM-MICROBLADING_NEEDLES,1524
MLM456072,Belleza y Cuidado Personal > Maquillaje > Aplicadores para Maquillaje > Agitadores para Esmalte,MLM-NAIL_POLISH_SHAKERS,726
MLM180964,Belleza y Cuidado Personal > Maquillaje > Aplicadores para Maquillaje > Brochas para Maquillaje,MLM-MAKEUP_BRUSHES,102783
MLM180978,Belleza y Cuidado Personal > Maquillaje > Aplicadores para Maquillaje > Espejos para Maquillaje,MLM-MIRRORS,51070
MLM172331,Belleza y Cuidado Personal > Maquillaje > Aplicadores para Maquillaje > Esponjas para Maquillaje,MLM-MAKEUP_SPONGES,28304
MLM194489,Belleza y Cuidado Personal > Maquillaje > Aplicadores para Maquillaje > Limpiadores de Brochas,MLM-MAKEUP_BRUSH_TEXTURED_CLEANERS,10474
MLM429540,Belleza y Cuidado Personal > Maquillaje > Aplicadores para Maquillaje > Líquidos para Limpiar Brochas,MLM-MAKEUP_BRUSH_LIQUID_CLEANERS,1751
MLM180962,Belleza y Cuidado Personal > Maquillaje > Aplicadores para Maquillaje > Otros,MLM-MAKEUP,1082
MLM454717,Belleza y Cuidado Personal > Maquillaje > Aplicadores para Maquillaje > Perfiladores de Cejas,MLM-EYEBROW_TRIMMERS,6625
MLM180977,Belleza y Cuidado Personal > Maquillaje > Aplicadores para Maquillaje > Rizadores de Pestañas,MLM-EYELASH_CURLERS,18063
MLM180979,Belleza y Cuidado Personal > Maquillaje > Aplicadores para Maquillaje > Sacapuntas de Maquillaje,MLM-MANUAL_PENCIL_SHARPENERS,1738
MLM43686,Belleza y Cuidado Personal > Maquillaje > Kits de Maquillaje,MLM-MAKEUP_KITS,26216
MLM172338,Belleza y Cuidado Personal > Maquillaje > Labios > Delineadores de Labios,MLM-LIP_LINERS,8053
MLM43676,Belleza y Cuidado Personal > Maquillaje > Labios > Gloss,MLM-LIP_GLOSSES,49302
MLM29883,Belleza y Cuidado Personal > Maquillaje > Labios > Labiales,MLM-LIPSTICKS,49093
MLM29900,Belleza y Cuidado Personal > Maquillaje > Labios > Otros Productos,MLM-MAKEUP,2133
MLM180981,Belleza y Cuidado Personal > Maquillaje > Maletines de Maquillaje,MLM-MAKEUP_TRAIN_CASES,71893
MLM194745,"Belleza y Cuidado Personal > Maquillaje > Ojos, Pestañas y Cejas > Delineadores de Cejas",MLM-EYEBROW_EYELINERS,14715
MLM29902,"Belleza y Cuidado Personal > Maquillaje > Ojos, Pestañas y Cejas > Delineadores para Ojos",MLM-EYELINERS,21709
MLM172387,"Belleza y Cuidado Personal > Maquillaje > Ojos, Pestañas y Cejas > Extensiones de Pestañas",MLM-EYELASH_EXTENSIONS,83986
MLM29901,"Belleza y Cuidado Personal > Maquillaje > Ojos, Pestañas y Cejas > Máscaras de Pestañas",MLM-MASCARAS,32247
MLM456936,"Belleza y Cuidado Personal > Maquillaje > Ojos, Pestañas y Cejas > Máscaras para Cejas",MLM-EYEBROW_MASCARAS,6568
MLM29903,"Belleza y Cuidado Personal > Maquillaje > Ojos, Pestañas y Cejas > Otros Productos",MLM-MAKEUP,5700
MLM425068,"Belleza y Cuidado Personal > Maquillaje > Ojos, Pestañas y Cejas > Pegamento para Pestañas",MLM-EYELASH_GLUES,10242
MLM456935,"Belleza y Cuidado Personal > Maquillaje > Ojos, Pestañas y Cejas > Sombras para Cejas",MLM-EYEBROW_SHADOWS,2464
MLM29907,"Belleza y Cuidado Personal > Maquillaje > Ojos, Pestañas y Cejas > Sombras para Ojos",MLM-EYESHADOWS,33557
MLM454715,"Belleza y Cuidado Personal > Maquillaje > Ojos, Pestañas y Cejas > Tratamientos",MLM-EYEBROW_AND_EYELASH_TREATMENTS,14355
MLM189902,Belleza y Cuidado Personal > Maquillaje > Organizadores de Maquillaje,MLM-MAKEUP_ORGANIZERS,136869
MLM1881,Belleza y Cuidado Personal > Maquillaje > Otros,MLM-MAKEUP,2829
MLM172337,Belleza y Cuidado Personal > Maquillaje > Rostro > Bases de Maquillaje,MLM-FOUNDATIONS,96219
MLM172335,Belleza y Cuidado Personal > Maquillaje > Rostro > Correctores,MLM-CONCEALERS,24329
MLM172360,Belleza y Cuidado Personal > Maquillaje > Rostro > Iluminadores y Rubores,MLM-BLUSHES_HIGHLIGHTERS_AND_COUNTOURS,31973
MLM172334,Belleza y Cuidado Personal > Maquillaje > Rostro > Otros Productos,MLM-MAKEUP,2531
MLM172359,Belleza y Cuidado Personal > Maquillaje > Rostro > Primer,MLM-MAKEUP_PRIMERS,23394
MLM455926,Belleza y Cuidado Personal > Maquillaje > Rostro > Strass Autoadhesivos,MLM-MAKEUP,968
MLM1275,Belleza y Cuidado Personal > Otros,MLM-BEAUTY_AND_PERSONAL_CARE_SUPPLIES,29012
MLM1271,Belleza y Cuidado Personal > Perfumes,MLM-PERFUMES,121758
MLM190908,Belleza y Cuidado Personal > Tratamientos de Belleza > Correctores Nasales,MLM-NOSE_SHAPERS,5675
MLM455925,Belleza y Cuidado Personal > Tratamientos de Belleza > Dermógrafos,MLM-BEAUTY_AND_PERSONAL_CARE_SUPPLIES,1335
MLM418970,Belleza y Cuidado Personal > Tratamientos de Belleza > Diademas para Spa,MLM-COSMETIC_HEADBANDS,28231
MLM192059,Belleza y Cuidado Personal > Tratamientos de Belleza > Engrosadores de Labios > Aparatos Engrosadores,MLM-LIP_PLUMPER_DEVICES,1415
MLM425051,Belleza y Cuidado Personal > Tratamientos de Belleza > Engrosadores de Labios > Bálsamos y Geles,MLM-LIP_BALMS,6511
MLM425050,Belleza y Cuidado Personal > Tratamientos de Belleza > Engrosadores de Labios > Otros,MLM-BEAUTY_AND_PERSONAL_CARE_SUPPLIES,41
MLM455788,Belleza y Cuidado Personal > Tratamientos de Belleza > Equipos de Cosmetología > Espátulas Ultrasónicas,MLM-ULTRASONIC_SKIN_SCRUBBERS,2909
MLM193950,Belleza y Cuidado Personal > Tratamientos de Belleza > Equipos de Cosmetología > Máscaras Led Faciales,MLM-LED_THERAPY_FACE_MASKS,4914
MLM455803,Belleza y Cuidado Personal > Tratamientos de Belleza > Equipos de Cosmetología > Otros,MLM-BEAUTY_AND_PERSONAL_CARE_SUPPLIES,59
MLM191777,Belleza y Cuidado Personal > Tratamientos de Belleza > Equipos de Cosmetología > Plumas Removedoras de Manchas,MLM-FACIAL_SPOT_REMOVER_PENS,930
MLM456151,Belleza y Cuidado Personal > Tratamientos de Belleza > Equipos de Cosmetología > Removedores de Puntos Negros > Manuales,MLM-BLACKHEAD_MANUAL_REMOVERS,8460
MLM456150,Belleza y Cuidado Personal > Tratamientos de Belleza > Equipos de Cosmetología > Removedores de Puntos Negros > Otros,MLM-BEAUTY_AND_PERSONAL_CARE_SUPPLIES,65
MLM455790,Belleza y Cuidado Personal > Tratamientos de Belleza > Equipos de Cosmetología > Removedores de Puntos Negros > Succionadores de Puntos Negros,MLM-BLACKHEAD_SUCTION_REMOVERS,5941
MLM194653,Belleza y Cuidado Personal > Tratamientos de Belleza > Equipos de Cosmetología > Rodillos de Microagujas,MLM-MICRONEEDLE_ROLLERS,603
MLM189647,Belleza y Cuidado Personal > Tratamientos de Belleza > Equipos de Estética Corporal > Aparatos de Radiofrecuencia,MLM-RADIOFREQUENCY_MACHINES,1085
MLM433680,Belleza y Cuidado Personal > Tratamientos de Belleza > Equipos de Estética Corporal > Camas Solares,MLM-SUNBEDS,56
MLM393684,Belleza y Cuidado Personal > Tratamientos de Belleza > Equipos de Estética Corporal > Cavitadores Ultrasónicos,MLM-ULTRASONIC_CAVITATION_MACHINES,43
MLM428971,Belleza y Cuidado Personal > Tratamientos de Belleza > Equipos de Estética Corporal > Electroestimulación > Cinturones Abdominales,MLM-ABDOMINAL_TONING_BELTS,330
MLM191234,Belleza y Cuidado Personal > Tratamientos de Belleza > Equipos de Estética Corporal > Electroestimulación > Electrodos,MLM-ELECTRODE_PADS,2076
MLM188681,Belleza y Cuidado Personal > Tratamientos de Belleza > Equipos de Estética Corporal > Electroestimulación > Electroestimuladores,MLM-ELECTRONIC_MUSCLE_STIMULATORS,2267
MLM194097,Belleza y Cuidado Personal > Tratamientos de Belleza > Equipos de Estética Corporal > Electroestimulación > Otros,MLM-ESTHETIC_ELECTRIC_DEVICES,146
MLM419976,Belleza y Cuidado Personal > Tratamientos de Belleza > Equipos de Estética Corporal > Electroporadores,MLM-ESTHETIC_ELECTROPORATORS,36
MLM417204,Belleza y Cuidado Personal > Tratamientos de Belleza > Equipos de Estética Corporal > Equipos de Criolipólisis,MLM-CRYOLIPOLYSIS_MACHINES,19
MLM194420,Belleza y Cuidado Personal > Tratamientos de Belleza > Equipos de Estética Corporal > Otros,MLM-ESTHETIC_ELECTRIC_DEVICES,57
MLM418749,Belleza y Cuidado Personal > Tratamientos de Belleza > Equipos de Estética Corporal > Presoterapia,MLM-PRESSOTHERAPY_MACHINES,542
MLM455809,Belleza y Cuidado Personal > Tratamientos de Belleza > Equipos de Estética Corporal > Vacumterapia > Equipos de Vacumterapia,MLM-VACUTHERAPY_MACHINES,196
MLM455807,Belleza y Cuidado Personal > Tratamientos de Belleza > Equipos de Estética Corporal > Vacumterapia > Otros,MLM-ESTHETIC_ELECTRIC_DEVICES,0
MLM180941,Belleza y Cuidado Personal > Tratamientos de Belleza > Equipos de Estética Corporal > Vacumterapia > Ventosas Chinas,MLM-CHINESE_MEDICAL_CUPS_SETS,921
MLM7836,Belleza y Cuidado Personal > Tratamientos de Belleza > Fajas,MLM-BODY_SHAPERS,35267
MLM194020,Belleza y Cuidado Personal > Tratamientos de Belleza > Guantes Exfoliantes,MLM-EXFOLIATING_GLOVES_AND_MITTS,967
MLM431306,Belleza y Cuidado Personal > Tratamientos de Belleza > Insumos > Cartuchos de Microagujas,MLM-MICRONEEDLING_CARTRIDGES,1079
MLM455813,Belleza y Cuidado Personal > Tratamientos de Belleza > Insumos > Geles Conductores,MLM-CONDUCTIVE_GELS,2216
MLM455793,Belleza y Cuidado Personal > Tratamientos de Belleza > Insumos > Microcánulas para Relleno,MLM-FILLING_MICROCANNULAS,388
MLM455805,Belleza y Cuidado Personal > Tratamientos de Belleza > Insumos > Otros,MLM-BEAUTY_AND_PERSONAL_CARE_SUPPLIES,51
MLM430750,Belleza y Cuidado Personal > Tratamientos de Belleza > Microblading > Anillos para Microblading,MLM-MICROBLADING_RINGS,550
MLM431637,Belleza y Cuidado Personal > Tratamientos de Belleza > Microblading > Otros,MLM-BEAUTY_AND_PERSONAL_CARE_SUPPLIES,83
MLM430762,Belleza y Cuidado Personal > Tratamientos de Belleza > Microblading > Pigmentos para Microblading,MLM-FACIAL_PIGMENTS,1665
MLM430755,Belleza y Cuidado Personal > Tratamientos de Belleza > Microblading > Reglas para Microblading,MLM-MICROBLADING_RULERS,4404
MLM194418,Belleza y Cuidado Personal > Tratamientos de Belleza > Otros,MLM-BEAUTY_AND_PERSONAL_CARE_SUPPLIES,4220
MLM191665,Belleza y Cuidado Personal > Tratamientos de Belleza > Reductores de Papada,MLM-DOUBLE_CHIN_REDUCER_DEVICES,571
MLM189026,Deportes y Fitness  > Suplementos y Shakers > Botellas Deportivas,MLM-SPORT_AND_BAZAAR_BOTTLES,75704
MLM438179,Deportes y Fitness  > Suplementos y Shakers > Otros,MLM-SPORTS_AND_FITNESS,60
MLM194506,Deportes y Fitness  > Suplementos y Shakers > Shakers,MLM-SHAKER_BOTTLES,11960
MLM167994,Deportes y Fitness  > Suplementos y Shakers > Suplementos Deportivos,MLM-SUPPLEMENTS,88915
MLM167971,"Hogar, Muebles y Jardín > Cuidado del Hogar y Lavanderia > Accesorios de Limpieza > Baldes, Palanganas y Fuentes",MLM-BUCKETS_AND_BASINS,26172
MLM191694,"Hogar, Muebles y Jardín > Cuidado del Hogar y Lavanderia > Accesorios de Limpieza > Bombas Destapacaños",MLM-PLUNGERS,30300
MLM438969,"Hogar, Muebles y Jardín > Cuidado del Hogar y Lavanderia > Accesorios de Limpieza > Botes de Basura",MLM-WASTE_BASKETS,51238
MLM191377,"Hogar, Muebles y Jardín > Cuidado del Hogar y Lavanderia > Accesorios de Limpieza > Carros de Limpieza",MLM-CLEANING_TROLLEYS,2897
MLM189312,"Hogar, Muebles y Jardín > Cuidado del Hogar y Lavanderia > Accesorios de Limpieza > Cepillos de Limpieza",MLM-HOME_CLEANING_BRUSHES,284327
MLM156015,"Hogar, Muebles y Jardín > Cuidado del Hogar y Lavanderia > Accesorios de Limpieza > Escobas",MLM-BROOMS,17567
MLM156014,"Hogar, Muebles y Jardín > Cuidado del Hogar y Lavanderia > Accesorios de Limpieza > Esponjas de Limpieza",MLM-CLEANING_SPONGES,89601
MLM167972,"Hogar, Muebles y Jardín > Cuidado del Hogar y Lavanderia > Accesorios de Limpieza > Guantes de Limpieza",MLM-CLEANING_GLOVES,29210
MLM191838,"Hogar, Muebles y Jardín > Cuidado del Hogar y Lavanderia > Accesorios de Limpieza > Limpia Vidrio Magnéticos",MLM-MAGNETIC_GLASS_CLEANERS,21941
MLM156012,"Hogar, Muebles y Jardín > Cuidado del Hogar y Lavanderia > Accesorios de Limpieza > Mop",MLM-CLEANING_MOPS,76231
MLM455561,"Hogar, Muebles y Jardín > Cuidado del Hogar y Lavanderia > Accesorios de Limpieza > Neutralizadores de Olores",MLM-HOME_APPLIANCE_ODOR_NEUTRALIZERS,12648
MLM190915,"Hogar, Muebles y Jardín > Cuidado del Hogar y Lavanderia > Accesorios de Limpieza > Organizadores de Escobas",MLM-BROOM_HOLDERS,27732
MLM156010,"Hogar, Muebles y Jardín > Cuidado del Hogar y Lavanderia > Accesorios de Limpieza > Otros",MLM-CLEANING_SUPPLIES,1679
MLM191778,"Hogar, Muebles y Jardín > Cuidado del Hogar y Lavanderia > Accesorios de Limpieza > Palos de Escoba",MLM-BROOM_AND_SQUEEGEE_HANDLES,2505
MLM189215,"Hogar, Muebles y Jardín > Cuidado del Hogar y Lavanderia > Accesorios de Limpieza > Plumeros",MLM-DUSTERS,40551
MLM432234,"Hogar, Muebles y Jardín > Cuidado del Hogar y Lavanderia > Accesorios de Limpieza > Quita Pelusas > Eléctricos",MLM-ELECTRIC_LINT_REMOVERS,5081
MLM432233,"Hogar, Muebles y Jardín > Cuidado del Hogar y Lavanderia > Accesorios de Limpieza > Quita Pelusas > Manuales",MLM-MANUAL_LINT_REMOVERS,20219
MLM189209,"Hogar, Muebles y Jardín > Cuidado del Hogar y Lavanderia > Accesorios de Limpieza > Recogedores de Basura",MLM-DUSTPANS,26752
MLM191909,"Hogar, Muebles y Jardín > Cuidado del Hogar y Lavanderia > Accesorios de Limpieza > Repuestos para Mop",MLM-CLEANING_MOP_REPLACEMENTS,61128
MLM437272,"Hogar, Muebles y Jardín > Cuidado del Hogar y Lavanderia > Accesorios de Limpieza > Secadores de Piso",MLM-SQUEEGEES,3869
MLM168682,"Hogar, Muebles y Jardín > Cuidado del Hogar y Lavanderia > Accesorios de Limpieza > Trapos y Paños de Limpieza",MLM-CLEANING_CLOTHS,106354
MLM436113,"Hogar, Muebles y Jardín > Cuidado del Hogar y Lavanderia > Accesorios para Lavandería > Baldes, Palanganas y Fuentones",MLM-BUCKETS_AND_BASINS,3887
MLM430555,"Hogar, Muebles y Jardín > Cuidado del Hogar y Lavanderia > Accesorios para Lavandería > Bolas para Lavar y Secar Ropa",MLM-WASHING_MACHINE_AND_DRYER_BALLS,8793
MLM191365,"Hogar, Muebles y Jardín > Cuidado del Hogar y Lavanderia > Accesorios para Lavandería > Bolsas para Lavar Ropa",MLM-LAUNDRY_WASH_BAGS,52991
MLM156017,"Hogar, Muebles y Jardín > Cuidado del Hogar y Lavanderia > Accesorios para Lavandería > Burros de Planchar",MLM-IRONING_BOARDS,6911
MLM436112,"Hogar, Muebles y Jardín > Cuidado del Hogar y Lavanderia > Accesorios para Lavandería > Cestos de Ropa",MLM-LAUNDRY_BASKETS,37413
MLM431745,"Hogar, Muebles y Jardín > Cuidado del Hogar y Lavanderia > Accesorios para Lavandería > Dobladores de Ropa",MLM-MANUAL_CLOTH_FOLDING_BOARDS,2650
MLM455400,"Hogar, Muebles y Jardín > Cuidado del Hogar y Lavanderia > Accesorios para Lavandería > Fundas para Burros de Planchar",MLM-IRONING_BOARD_COVERS,7374
MLM190916,"Hogar, Muebles y Jardín > Cuidado del Hogar y Lavanderia > Accesorios para Lavandería > Fundas para Lavadoras",MLM-WASHING_AND_DRYER_MACHINE_COVERS,2280507
MLM407810,"Hogar, Muebles y Jardín > Cuidado del Hogar y Lavanderia > Accesorios para Lavandería > Muebles de Planchar",MLM-IRONING_BOARD_CENTERS,858
MLM436101,"Hogar, Muebles y Jardín > Cuidado del Hogar y Lavanderia > Accesorios para Lavandería > Otros",MLM-CLEANING_SUPPLIES,6823
MLM194262,"Hogar, Muebles y Jardín > Cuidado del Hogar y Lavanderia > Accesorios para Lavandería > Pinzas para Ropa",MLM-CLOTHESPINS,39522
MLM156013,"Hogar, Muebles y Jardín > Cuidado del Hogar y Lavanderia > Accesorios para Lavandería > Tendederos",MLM-DRYING_RACKS,45110
MLM438909,"Hogar, Muebles y Jardín > Cuidado del Hogar y Lavanderia > Control de Plagas > Insecticidas",MLM-INSECTICIDES,231
MLM433262,"Hogar, Muebles y Jardín > Cuidado del Hogar y Lavanderia > Control de Plagas > Lámparas Insecticidas",MLM-INSECT_KILLER_LIGHTS,108
MLM194447,"Hogar, Muebles y Jardín > Cuidado del Hogar y Lavanderia > Control de Plagas > Otros",MLM-GARDEN_AND_OUTDOOR_SUPPLIES,32
MLM429101,"Hogar, Muebles y Jardín > Cuidado del Hogar y Lavanderia > Control de Plagas > Raquetas Eléctricas",MLM-ELECTRIC_INSECT_RACKETS,57
MLM438904,"Hogar, Muebles y Jardín > Cuidado del Hogar y Lavanderia > Control de Plagas > Repelentes > Aparatos Repelentes",MLM-MAT_AND_LIQUID_REPELLENT_ELECTRIC_DEVICES,39
MLM438905,"Hogar, Muebles y Jardín > Cuidado del Hogar y Lavanderia > Control de Plagas > Repelentes > Espirales",MLM-HOME_REPELLENTS,49
MLM194502,"Hogar, Muebles y Jardín > Cuidado del Hogar y Lavanderia > Control de Plagas > Repelentes > Otros",MLM-GARDEN_AND_OUTDOOR_SUPPLIES,253
MLM194340,"Hogar, Muebles y Jardín > Cuidado del Hogar y Lavanderia > Control de Plagas > Repelentes > Repelentes Electrónicos",MLM-MAT_AND_LIQUID_REPELLENT_ELECTRIC_DEVICES,30
MLM457614,"Hogar, Muebles y Jardín > Cuidado del Hogar y Lavanderia > Control de Plagas > Repelentes > Repelentes Ultrasónicos",MLM-PLAGUES_ULTRASONIC_REPELLENTS,329
MLM457999,"Hogar, Muebles y Jardín > Cuidado del Hogar y Lavanderia > Control de Plagas > Repelentes > Repuestos Líquidos",MLM-HOME_REPELLENTS,0
MLM438907,"Hogar, Muebles y Jardín > Cuidado del Hogar y Lavanderia > Control de Plagas > Repelentes > Tabletas",MLM-HOME_REPELLENTS,17
MLM191883,"Hogar, Muebles y Jardín > Cuidado del Hogar y Lavanderia > Control de Plagas > Repelentes en Gel",MLM-HOME_REPELLENTS,49
MLM418075,"Hogar, Muebles y Jardín > Cuidado del Hogar y Lavanderia > Control de Plagas > Trampas > Otros",MLM-GARDEN_AND_OUTDOOR_SUPPLIES,135
MLM438899,"Hogar, Muebles y Jardín > Cuidado del Hogar y Lavanderia > Control de Plagas > Trampas > Trampas de Insectos Adhesivas",MLM-INSECT_TRAPS,99
MLM418077,"Hogar, Muebles y Jardín > Cuidado del Hogar y Lavanderia > Control de Plagas > Trampas > Trampas para Cucarachas",MLM-INSECT_TRAPS,53
MLM418076,"Hogar, Muebles y Jardín > Cuidado del Hogar y Lavanderia > Control de Plagas > Trampas > Trampas para Ratas",MLM-RODENT_TRAPS,211
MLM194423,"Hogar, Muebles y Jardín > Cuidado del Hogar y Lavanderia > Cuidado del Calzado > Cepillos para Calzado",MLM-SHOE_BRUSHES,9844
MLM193748,"Hogar, Muebles y Jardín > Cuidado del Hogar y Lavanderia > Cuidado del Calzado > Limpieza de Calzado",MLM-FOOTWEAR_CLEANERS_AND_POLISHES,24323
MLM194424,"Hogar, Muebles y Jardín > Cuidado del Hogar y Lavanderia > Cuidado del Calzado > Otros",MLM-CLEANING_SUPPLIES,166
MLM189102,"Hogar, Muebles y Jardín > Cuidado del Hogar y Lavanderia > Desechables > Bolsas de Basura",MLM-TRASH_BAGS,29408
MLM193992,"Hogar, Muebles y Jardín > Cuidado del Hogar y Lavanderia > Desechables > Bolsas para Aspiradoras",MLM-VACUUM_CLEANER_BAGS,34464
MLM191615,"Hogar, Muebles y Jardín > Cuidado del Hogar y Lavanderia > Desechables > Bolsas para Congelar",MLM-FREEZER_BAGS,14530
MLM194387,"Hogar, Muebles y Jardín > Cuidado del Hogar y Lavanderia > Desechables > Cerillos",MLM-MATCHSTICKS,142
MLM191281,"Hogar, Muebles y Jardín > Cuidado del Hogar y Lavanderia > Desechables > Film Plástico",MLM-PLASTIC_WRAPS,11468
MLM436105,"Hogar, Muebles y Jardín > Cuidado del Hogar y Lavanderia > Desechables > Otros",MLM-CLEANING_SUPPLIES,50
MLM191709,"Hogar, Muebles y Jardín > Cuidado del Hogar y Lavanderia > Desechables > Papel Aluminio",MLM-ALUMINUM_FOILS,14737
MLM167970,"Hogar, Muebles y Jardín > Cuidado del Hogar y Lavanderia > Desechables > Papeles Higiénicos",MLM-TOILET_PAPERS,10093
MLM189817,"Hogar, Muebles y Jardín > Cuidado del Hogar y Lavanderia > Desechables > Servilletas de Papel",MLM-PAPER_NAPKINS,10861
MLM193952,"Hogar, Muebles y Jardín > Cuidado del Hogar y Lavanderia > Desechables > Servitoallas",MLM-KITCHEN_PAPER_TOWELS,7080
MLM194443,"Hogar, Muebles y Jardín > Cuidado del Hogar y Lavanderia > Otros",MLM-CLEANING_SUPPLIES,25248
MLM194023,"Hogar, Muebles y Jardín > Cuidado del Hogar y Lavanderia > Productos de Lavandería > Almidones para Planchar",MLM-WRINKLE_RELEASERS,1045
MLM436138,"Hogar, Muebles y Jardín > Cuidado del Hogar y Lavanderia > Productos de Lavandería > Bolas para Lavar y Secar Ropa",MLM-WASHING_MACHINE_AND_DRYER_BALLS,2206
MLM436139,"Hogar, Muebles y Jardín > Cuidado del Hogar y Lavanderia > Productos de Lavandería > Bolsas para Lavar Ropa",MLM-LAUNDRY_WASH_BAGS,14157
MLM436132,"Hogar, Muebles y Jardín > Cuidado del Hogar y Lavanderia > Productos de Lavandería > Detergentes para Ropa",MLM-LAUNDRY_DETERGENTS,12366
MLM194412,"Hogar, Muebles y Jardín > Cuidado del Hogar y Lavanderia > Productos de Lavandería > Jabones para Lavandería",MLM-LAUNDRY_BAR_SOAPS,3223
MLM187570,"Hogar, Muebles y Jardín > Cuidado del Hogar y Lavanderia > Productos de Lavandería > Otros",MLM-CLEANING_SUPPLIES,496
MLM407835,"Hogar, Muebles y Jardín > Cuidado del Hogar y Lavanderia > Productos de Lavandería > Perfumes para Ropa",MLM-FABRIC_FRAGRANCES,2271
MLM167964,"Hogar, Muebles y Jardín > Cuidado del Hogar y Lavanderia > Productos de Lavandería > Quitamanchas",MLM-STAIN_REMOVERS_AND_FABRIC_WHITENERS,26328
MLM167965,"Hogar, Muebles y Jardín > Cuidado del Hogar y Lavanderia > Productos de Lavandería > Suavizantes",MLM-FABRIC_SOFTENERS,5813
MLM439187,"Hogar, Muebles y Jardín > Cuidado del Hogar y Lavanderia > Productos de Limpieza > Aromatizadores",MLM-AIR_FRESHENERS,4250
MLM189579,"Hogar, Muebles y Jardín > Cuidado del Hogar y Lavanderia > Productos de Limpieza > Blanqueadores",MLM-BLEACHES,1215
MLM194426,"Hogar, Muebles y Jardín > Cuidado del Hogar y Lavanderia > Productos de Limpieza > Ceras para Pisos",MLM-HOUSEHOLD_CLEANING_WAXES,2264
MLM190757,"Hogar, Muebles y Jardín > Cuidado del Hogar y Lavanderia > Productos de Limpieza > Desengrasantes",MLM-MULTIPURPOSE_CLEANERS_AND_DISINFECTANTS,4077
MLM194425,"Hogar, Muebles y Jardín > Cuidado del Hogar y Lavanderia > Productos de Limpieza > Desodorantes para Inodoros",MLM-TOILET_DEODORIZERS,66011
MLM194427,"Hogar, Muebles y Jardín > Cuidado del Hogar y Lavanderia > Productos de Limpieza > Destapacaños Químicos",MLM-CHEMICAL_DRAIN_CLEANERS,15770
MLM167966,"Hogar, Muebles y Jardín > Cuidado del Hogar y Lavanderia > Productos de Limpieza > Detergentes",MLM-DISHWASHING_DETERGENTS,4213
MLM434458,"Hogar, Muebles y Jardín > Cuidado del Hogar y Lavanderia > Productos de Limpieza > Impermeabilizantes de Telas",MLM-FABRIC_WATER_REPELLENT_PRODUCTS,1616
MLM194025,"Hogar, Muebles y Jardín > Cuidado del Hogar y Lavanderia > Productos de Limpieza > Limpiadores Líquidos de Pisos",MLM-FLOOR_DEODORIZERS,14037
MLM167962,"Hogar, Muebles y Jardín > Cuidado del Hogar y Lavanderia > Productos de Limpieza > Limpiadores Multiusos",MLM-MULTIPURPOSE_CLEANERS_AND_DISINFECTANTS,38402
MLM193873,"Hogar, Muebles y Jardín > Cuidado del Hogar y Lavanderia > Productos de Limpieza > Limpiadores de Alfombras",MLM-CARPET_AND_UPHOLSTERY_CLEANERS,4812
MLM167967,"Hogar, Muebles y Jardín > Cuidado del Hogar y Lavanderia > Productos de Limpieza > Otros",MLM-CLEANING_SUPPLIES,10348
MLM167968,"Hogar, Muebles y Jardín > Cuidado del Hogar y Lavanderia > Productos de Limpieza > Toallitas Desinfectantes",MLM-HOUSEHOLD_CLEANING_WET_WIPES,14800
MLM458048,Mascotas > Abrigos,MLM-PET_JACKETS_AND_COATS,12415
MLM458043,Mascotas > Ahuyentadores Ultrasónicos,MLM-ANIMAL_AND_PET_PRODUCTS,901
MLM1103,Mascotas > Aves > Alimentos,MLM-BIRD_FOODS,12603
MLM429114,Mascotas > Aves > Anillos,MLM-BIRD_BANDS,806
MLM418100,Mascotas > Aves > Aves > Codornices,MLM-QUAILS,30
MLM126116,Mascotas > Aves > Aves > Gallos y Gallinas,MLM-ROOSTERS_AND_HENS,650
MLM126115,Mascotas > Aves > Aves > Otros,MLM-ANIMALS_AND_PETS,102
MLM126123,Mascotas > Aves > Aves > Pavos Reales,MLM-PEACOCKS,634
MLM126113,Mascotas > Aves > Bebederos y Comederos,MLM-BIRD_DRINKERS_AND_FEEDERS,146513
MLM174887,Mascotas > Aves > Cetrería > Caperuzas,MLM-ANIMAL_AND_PET_PRODUCTS,233
MLM174888,Mascotas > Aves > Cetrería > Cascabeles,MLM-FALCONRY_BELLS,367
MLM174886,Mascotas > Aves > Cetrería > Destorcedores,MLM-ANIMAL_AND_PET_PRODUCTS,538
MLM174884,Mascotas > Aves > Cetrería > Guantes,MLM-FALCONRY_GLOVES,522
MLM174885,Mascotas > Aves > Cetrería > Kit de Cetrería,MLM-FALCONRY_KITS,299
MLM174883,Mascotas > Aves > Cetrería > Otros,MLM-ANIMAL_AND_PET_PRODUCTS,6
MLM429113,Mascotas > Aves > Huevos Fértiles,MLM-FERTILE_BIRD_EGGS,37
MLM34088,Mascotas > Aves > Incubadoras,MLM-BIRD_EGGS_INCUBATORS,6297
MLM126114,Mascotas > Aves > Juguetes,MLM-BIRD_TOYS,118427
MLM418688,Mascotas > Aves > Nidos,MLM-BIRD_NESTS,2675
MLM1104,Mascotas > Aves > Otros,MLM-ANIMAL_AND_PET_PRODUCTS,1817
MLM457310,Mascotas > Aves > Pelotas,MLM-PET_TOY_BALLS,3235
MLM458049,Mascotas > Botas y Zapatos,MLM-ANIMAL_AND_PET_PRODUCTS,1102
MLM458037,Mascotas > Cepillos y Peines,MLM-PET_BRUSHES,30517
MLM458042,Mascotas > Cinturones de Seguridad,MLM-PET_SEAT_BELTS,1856
MLM458036,Mascotas > Collares,MLM-PET_COLLARS,25864
MLM189464,Mascotas > Conejos > Conejos,MLM-RABBITS,1197
MLM457315,Mascotas > Conejos > Cortaúñas,MLM-PET_NAIL_CLIPPERS,636
MLM189466,Mascotas > Conejos > Jaulas,MLM-ANIMAL_CAGES,6453
MLM189465,Mascotas > Conejos > Otros,MLM-ANIMAL_AND_PET_PRODUCTS,13
MLM457309,Mascotas > Conejos > Pelotas,MLM-PET_TOY_BALLS,2619
MLM458045,Mascotas > Contenedores de Alimento,MLM-PET_FOOD_STORAGE_CONTAINERS,1080
MLM126302,Mascotas > Correas para Mascotas,MLM-PET_LEASHES,71565
MLM458050,Mascotas > Cortaúñas,MLM-PET_NAIL_CLIPPERS,30
MLM1118,Mascotas > Equinos > Caballos y Yeguas,MLM-HORSES_AND_MARES,537
MLM429299,Mascotas > Equinos > Carretas,MLM-HORSE_CARTS,206
MLM429258,Mascotas > Equinos > Higiene y Cuidado > Kits de Herramientas,MLM-HORSE_CARE_TOOL_KITS,10408
MLM434398,Mascotas > Equinos > Higiene y Cuidado > Otros,MLM-ANIMAL_AND_PET_PRODUCTS,924
MLM434399,Mascotas > Equinos > Higiene y Cuidado > Peines y Cepillos,MLM-ANIMAL_AND_PET_PRODUCTS,3351
MLM434400,Mascotas > Equinos > Higiene y Cuidado > Peladoras,MLM-ELECTRIC_PET_CLIPPERS_AND_SHEARS,84
MLM433291,Mascotas > Equinos > Higiene y Cuidado > Tijeras,MLM-MANUAL_SHEAR_SCISSORS,3406
MLM1125,Mascotas > Equinos > Otros,MLM-ANIMAL_AND_PET_PRODUCTS,56
MLM429104,Mascotas > Equinos > Suplementos para Caballos,MLM-FARM_ANIMAL_SUPPLEMENTS,1036
MLM437279,Mascotas > Gatos > Accesorios,MLM-ANIMAL_AND_PET_PRODUCTS,2927
MLM457547,Mascotas > Gatos > Ahuyentadores Ultrasónicos,MLM-PET_ULTRASONIC_REPELLENTS,792
MLM1087,"Mascotas > Gatos > Alimento, Premios y Suplemento > Alimentos",MLM-CAT_AND_DOG_FOODS,17750
MLM434780,"Mascotas > Gatos > Alimento, Premios y Suplemento > Otros",MLM-ANIMAL_AND_PET_PRODUCTS,32
MLM194441,"Mascotas > Gatos > Alimento, Premios y Suplemento > Premios",MLM-PET_TREATS,3660
MLM434783,"Mascotas > Gatos > Alimento, Premios y Suplemento > Suplementos",MLM-CAT_AND_DOG_SUPPLEMENTS,507
MLM457276,Mascotas > Gatos > Bozales,MLM-CAT_AND_DOG_MUZZLES,2326
MLM457565,Mascotas > Gatos > Camas y Cuchas > Almohadilla Térmica Eléctrica,MLM-ELECTRIC_PET_HEATING_PADS,202
MLM126128,Mascotas > Gatos > Camas y Cuchas > Camas,MLM-CAT_AND_DOG_BEDS,22329
MLM126127,Mascotas > Gatos > Camas y Cuchas > Casas,MLM-CAT_HOUSES,13520
MLM431357,Mascotas > Gatos > Camas y Cuchas > Cobija,MLM-CAT_AND_DOG_BLANKETS,1748
MLM126126,Mascotas > Gatos > Camas y Cuchas > Otros,MLM-ANIMAL_AND_PET_PRODUCTS,98
MLM437772,Mascotas > Gatos > Comederos y Bebederos,MLM-CAT_AND_DOG_DRINKERS_AND_FEEDERS,76534
MLM457542,Mascotas > Gatos > Contenedores de Alimento,MLM-PET_FOOD_STORAGE_CONTAINERS,547
MLM126130,Mascotas > Gatos > Estética y Cuidado > Artículos Sanitarios > Arena,MLM-CATS_LITTER,4641
MLM126131,Mascotas > Gatos > Estética y Cuidado > Artículos Sanitarios > Areneros,MLM-PET_SANITARY_BOXES,44913
MLM434793,Mascotas > Gatos > Estética y Cuidado > Artículos Sanitarios > Otros,MLM-ANIMAL_AND_PET_PRODUCTS,2117
MLM457548,Mascotas > Gatos > Estética y Cuidado > Artículos Sanitarios > Pañales,MLM-PET_DIAPERS,322
MLM457313,Mascotas > Gatos > Estética y Cuidado > Artículos de Peluquería > Cortaúñas,MLM-PET_NAIL_CLIPPERS,5925
MLM457399,Mascotas > Gatos > Estética y Cuidado > Artículos de Peluquería > Jabones,MLM-PET_SOAPS,196
MLM434792,Mascotas > Gatos > Estética y Cuidado > Artículos de Peluquería > Otros,MLM-ANIMAL_AND_PET_PRODUCTS,792
MLM126132,Mascotas > Gatos > Estética y Cuidado > Artículos de Peluquería > Peines y Cepillos,MLM-PET_BRUSHES,15286
MLM457544,Mascotas > Gatos > Estética y Cuidado > Artículos de Peluquería > Secadores,MLM-PET_DRYERS,517
MLM194536,Mascotas > Gatos > Estética y Cuidado > Artículos de Peluquería > Shampoos y Acondicionadores,MLM-CAT_AND_DOG_SHAMPOOS_AND_CONDITIONERS,632
MLM194531,Mascotas > Gatos > Estética y Cuidado > Medicamentos y Antipulgas,MLM-NON_PRESCRIPTION_PET_ANTIPARASITICS,196
MLM126129,Mascotas > Gatos > Estética y Cuidado > Otros,MLM-ANIMAL_AND_PET_PRODUCTS,443
MLM429108,Mascotas > Gatos > Estética y Cuidado > Pastas Dentales,MLM-PET_TOOTHPASTES,697
MLM126124,Mascotas > Gatos > Estética y Cuidado > Rascadores,MLM-CAT_SCRATCHERS,22321
MLM1082,Mascotas > Gatos > Gatos,MLM-CATS,1962
MLM458047,Mascotas > Gatos > Indumentaria y Accesorios > Abrigos,MLM-PET_JACKETS_AND_COATS,6782
MLM457549,Mascotas > Gatos > Indumentaria y Accesorios > Batas de Baño,MLM-PET_ROBES,227
MLM457543,Mascotas > Gatos > Indumentaria y Accesorios > Botas y Zapatos,MLM-PET_FOOTWEAR,1954
MLM457541,Mascotas > Gatos > Indumentaria y Accesorios > Impermeables,MLM-PET_RAINCOATS,939
MLM457546,Mascotas > Gatos > Indumentaria y Accesorios > Moños,MLM-PET_BOWS,1215
MLM457540,Mascotas > Gatos > Indumentaria y Accesorios > Otros,MLM-ANIMAL_AND_PET_PRODUCTS,0
MLM457545,Mascotas > Gatos > Indumentaria y Accesorios > Vestidos,MLM-PET_DRESSES,152
MLM1084,Mascotas > Gatos > Juguetes,MLM-CAT_TOYS,147006
MLM457875,Mascotas > Gatos > Kits de Juguetes,MLM-ANIMAL_AND_PET_PRODUCTS,2101
MLM1090,Mascotas > Gatos > Otros,MLM-ANIMAL_AND_PET_PRODUCTS,910
MLM457249,Mascotas > Gatos > Pelotas,MLM-PET_TOY_BALLS,9228
MLM429331,Mascotas > Gatos > Puertas y Rampas > Escaleras y Rampas,MLM-PET_STAIRS_AND_RAMPS,492
MLM434782,Mascotas > Gatos > Puertas y Rampas > Otros,MLM-ANIMAL_AND_PET_PRODUCTS,1
MLM429245,Mascotas > Gatos > Puertas y Rampas > Puertas,MLM-PET_DOORS,3206
MLM458903,Mascotas > Gatos > Soportes para Rehabilitación,MLM-PET_REHABILITATION_HARNESSES_AND_SUPPORTS,0
MLM457322,Mascotas > Gatos > Viaje y Paseo > Chapas de Identificación,MLM-PET_TAGS,2123
MLM457550,Mascotas > Gatos > Viaje y Paseo > Cinturones de Seguridad,MLM-PET_SEAT_BELTS,642
MLM126136,Mascotas > Gatos > Viaje y Paseo > Collares,MLM-PET_COLLARS,31749
MLM1083,Mascotas > Gatos > Viaje y Paseo > Jaulas y Transportadoras,MLM-PET_CARRIERS_AND_CARRYING_BAGS,9609
MLM434785,Mascotas > Gatos > Viaje y Paseo > Otros,MLM-ANIMAL_AND_PET_PRODUCTS,2
MLM458038,Mascotas > Golosinas para Mascotas,MLM-PET_TREATS,2089
MLM429329,Mascotas > Insectos > Cucarachas,MLM-COCKROACHES,457
MLM429309,Mascotas > Insectos > Escarabajos,MLM-BEETLES,121
MLM429310,Mascotas > Insectos > Grillos,MLM-CRICKETS,304
MLM429308,Mascotas > Insectos > Otros,MLM-ANIMALS_AND_PETS,41
MLM458033,Mascotas > Jabones,MLM-PET_SOAPS,273
MLM456660,Mascotas > Jaulas para Mascotas,MLM-ANIMAL_CAGES,34660
MLM458046,Mascotas > Moños,MLM-PET_BOWS,771
MLM1126,Mascotas > Otros,MLM-ANIMAL_AND_PET_PRODUCTS,19272
MLM458051,Mascotas > Pastas Dentales,MLM-PET_TOOTHPASTES,1677
MLM458040,Mascotas > Pañales,MLM-PET_DIAPERS,2853
MLM1094,Mascotas > Peces > Alimentos,MLM-FISH_FOODS,7760
MLM1099,Mascotas > Peces > Otros,MLM-ANIMAL_AND_PET_PRODUCTS,896
MLM1092,Mascotas > Peces > Peceras y Accesorios > Acuarios Completos,MLM-AQUARIUM_KITS,6537
MLM189955,Mascotas > Peces > Peceras y Accesorios > Alimentadores Automáticos,MLM-AQUARIUM_AUTOMATIC_FEEDERS,12270
MLM190035,Mascotas > Peces > Peceras y Accesorios > Bombas de Olas,MLM-AQUARIUM_WAVE_MAKERS,2436
MLM191828,Mascotas > Peces > Peceras y Accesorios > Climatización > Enfriadores,MLM-AQUARIUM_CHILLERS,3768
MLM434839,Mascotas > Peces > Peceras y Accesorios > Climatización > Otros,MLM-ANIMAL_AND_PET_PRODUCTS,226
MLM32282,Mascotas > Peces > Peceras y Accesorios > Climatización > Termostatos Calentadores,MLM-AQUARIUM_THERMOSTATS,11079
MLM85019,Mascotas > Peces > Peceras y Accesorios > Climatización > Termómetros,MLM-AQUARIUM_THERMOMETERS,578
MLM32644,Mascotas > Peces > Peceras y Accesorios > Decoración para Acuarios > Adornos,MLM-AQUARIUM_ORNAMENTS,83401
MLM434838,Mascotas > Peces > Peceras y Accesorios > Decoración para Acuarios > Otros,MLM-ANIMAL_AND_PET_PRODUCTS,1406
MLM190787,Mascotas > Peces > Peceras y Accesorios > Decoración para Acuarios > Plantas Acuáticas,MLM-AQUARIUM_PLANTS,816
MLM190788,Mascotas > Peces > Peceras y Accesorios > Decoración para Acuarios > Troncos,MLM-ANIMAL_AND_PET_PRODUCTS,1403
MLM416680,Mascotas > Peces > Peceras y Accesorios > Limpieza y Mantenimiento > Acondicionadores de Agua,MLM-AQUARIUM_WATER_CONDITIONERS,5977
MLM429236,Mascotas > Peces > Peceras y Accesorios > Limpieza y Mantenimiento > Alguicidas,MLM-AQUARIUM_ALGAECIDES,1018
MLM7115,Mascotas > Peces > Peceras y Accesorios > Limpieza y Mantenimiento > Bombas,MLM-AQUARIUM_PUMPS,25739
MLM437774,Mascotas > Peces > Peceras y Accesorios > Limpieza y Mantenimiento > Bombas de Aire,MLM-AQUARIUM_AIR_PUMPS,21332
MLM431948,Mascotas > Peces > Peceras y Accesorios > Limpieza y Mantenimiento > Difusores de Co2,MLM-AQUARIUM_CO2_DIFFUSERS,3991
MLM8321,Mascotas > Peces > Peceras y Accesorios > Limpieza y Mantenimiento > Filtros,MLM-AQUARIUM_FILTERS,30690
MLM191244,Mascotas > Peces > Peceras y Accesorios > Limpieza y Mantenimiento > Limpiadores Magnéticos,MLM-MAGNETIC_AQUARIUM_CLEANERS,4046
MLM189769,Mascotas > Peces > Peceras y Accesorios > Limpieza y Mantenimiento > Limpiadores de Grava,MLM-AQUARIUM_GRAVEL_CLEANERS,9429
MLM429398,Mascotas > Peces > Peceras y Accesorios > Limpieza y Mantenimiento > Materiales Filtrantes,MLM-AQUARIUM_FILTER_MATERIALS,13576
MLM434837,Mascotas > Peces > Peceras y Accesorios > Limpieza y Mantenimiento > Otros,MLM-ANIMAL_AND_PET_PRODUCTS,8896
MLM428993,Mascotas > Peces > Peceras y Accesorios > Limpieza y Mantenimiento > Reguladores de Co2,MLM-AQUARIUM_CO2_REGULATORS,6041
MLM189237,Mascotas > Peces > Peceras y Accesorios > Limpieza y Mantenimiento > Sales,MLM-AQUARIUM_SALTS,981
MLM32300,Mascotas > Peces > Peceras y Accesorios > Limpieza y Mantenimiento > Skimmers,MLM-AQUARIUM_SKIMMERS,3526
MLM432789,Mascotas > Peces > Peceras y Accesorios > Limpieza y Mantenimiento > Sustratos para Peceras,MLM-AQUARIUM_SUBSTRATES,3114
MLM32647,Mascotas > Peces > Peceras y Accesorios > Lámparas,MLM-AQUARIUM_LIGHTS,22203
MLM32645,Mascotas > Peces > Peceras y Accesorios > Otros,MLM-ANIMAL_AND_PET_PRODUCTS,7026
MLM457013,Mascotas > Peces > Peceras y Accesorios > Peceras,MLM-AQUARIUMS,13591
MLM174881,Mascotas > Peces > Peceras y Accesorios > Redes para peceras,MLM-AQUARIUM_NETS,7429
MLM434832,Mascotas > Peces > Peceras y Accesorios > Repuestos > Anillos,MLM-ANIMAL_AND_PET_PRODUCTS,996
MLM437773,Mascotas > Peces > Peceras y Accesorios > Repuestos > Bases para Peceras,MLM-AQUARIUM_BASES,5368
MLM434831,Mascotas > Peces > Peceras y Accesorios > Repuestos > Cartuchos,MLM-ANIMAL_AND_PET_PRODUCTS,704
MLM434830,Mascotas > Peces > Peceras y Accesorios > Repuestos > Esponjas,MLM-ANIMAL_AND_PET_PRODUCTS,1511
MLM434829,Mascotas > Peces > Peceras y Accesorios > Repuestos > Otros,MLM-ANIMAL_AND_PET_PRODUCTS,1589
MLM434833,Mascotas > Peces > Peceras y Accesorios > Repuestos > Piedras Difusoras,MLM-ANIMAL_AND_PET_PRODUCTS,1464
MLM431755,Mascotas > Peces > Peceras y Accesorios > Repuestos > Tapas para Peceras,MLM-AQUARIUM_HOODS,4517
MLM1096,Mascotas > Peces > Peces,MLM-FISHES,1355
MLM193820,Mascotas > Perros > Adiestramiento > Ahuyentadores,MLM-PET_ULTRASONIC_REPELLENTS,873
MLM126286,Mascotas > Perros > Adiestramiento > Bozales,MLM-CAT_AND_DOG_MUZZLES,18432
MLM193737,Mascotas > Perros > Adiestramiento > Cercos Invisibles,MLM-INVISIBLE_PET_FENCES,2482
MLM126283,Mascotas > Perros > Adiestramiento > Clickers,MLM-PET_TRAINING_CLICKERS,6157
MLM126285,Mascotas > Perros > Adiestramiento > Collares Antiladridos,MLM-DOG_BARK_CONTROL_COLLARS,11799
MLM126281,Mascotas > Perros > Adiestramiento > Otros,MLM-ANIMAL_AND_PET_PRODUCTS,891
MLM189355,Mascotas > Perros > Adiestramiento > Repelentes,MLM-LIQUIDS_AND_GELS_PET_REPELLENTS,1492
MLM126284,Mascotas > Perros > Adiestramiento > Silbatos,MLM-DOG_TRAINING_WHISTLES,7552
MLM126282,Mascotas > Perros > Adiestramiento > Tapetes Entrenadores,MLM-DOG_POTTY_PADS,41010
MLM1077,"Mascotas > Perros > Alimento, Premios y Suplemento > Alimentos",MLM-CAT_AND_DOG_FOODS,30065
MLM434761,"Mascotas > Perros > Alimento, Premios y Suplemento > Otros",MLM-ANIMAL_AND_PET_PRODUCTS,39
MLM189729,"Mascotas > Perros > Alimento, Premios y Suplemento > Premios",MLM-PET_TREATS,13706
MLM168696,"Mascotas > Perros > Alimento, Premios y Suplemento > Suplementos Alimenticios",MLM-CAT_AND_DOG_SUPPLEMENTS,8106
MLM189774,Mascotas > Perros > Bebederos y Comederos > Bebederos,MLM-CAT_AND_DOG_DRINKERS_AND_FEEDERS,55143
MLM189776,Mascotas > Perros > Bebederos y Comederos > Comederos,MLM-CAT_AND_DOG_DRINKERS_AND_FEEDERS,57196
MLM189965,Mascotas > Perros > Bebederos y Comederos > Contenedores de Alimento,MLM-PET_FOOD_STORAGE_CONTAINERS,4620
MLM434772,Mascotas > Perros > Bebederos y Comederos > Otros,MLM-ANIMAL_AND_PET_PRODUCTS,16
MLM32641,Mascotas > Perros > Camas y Casas > Camas,MLM-CAT_AND_DOG_BEDS,42195
MLM32642,Mascotas > Perros > Camas y Casas > Casas,MLM-DOG_HOUSES,3497
MLM189764,Mascotas > Perros > Camas y Casas > Cobija,MLM-CAT_AND_DOG_BLANKETS,21902
MLM457152,Mascotas > Perros > Camas y Casas > Mantas Térmicas Eléctricas,MLM-ELECTRIC_PET_HEATING_PADS,5058
MLM32649,Mascotas > Perros > Camas y Casas > Otros,MLM-ANIMAL_AND_PET_PRODUCTS,105
MLM456824,Mascotas > Perros > Estética y Cuidado > Artículos Sanitarios > Bandejas Sanitarias,MLM-DOG_POTTY_TRAYS,4181
MLM191219,Mascotas > Perros > Estética y Cuidado > Artículos Sanitarios > Bolsas Sanitarias,MLM-DOG_POOP_BAGS,9323
MLM434768,Mascotas > Perros > Estética y Cuidado > Artículos Sanitarios > Otros,MLM-ANIMAL_AND_PET_PRODUCTS,2445
MLM189964,Mascotas > Perros > Estética y Cuidado > Artículos Sanitarios > Porta Bolsas Sanitarias,MLM-DOG_POOP_BAG_DISPENSERS,6805
MLM194287,Mascotas > Perros > Estética y Cuidado > Artículos Sanitarios > Recogedores Sanitarios,MLM-PET_SANITARY_SHOVELS,13329
MLM85041,Mascotas > Perros > Estética y Cuidado > Artículos de Peluquería > Cortauñas,MLM-PET_NAIL_CLIPPERS,24624
MLM194285,Mascotas > Perros > Estética y Cuidado > Artículos de Peluquería > Cuchillas,MLM-PET_CLIPPER_REPLACEMENT_BLADES,7724
MLM189982,Mascotas > Perros > Estética y Cuidado > Artículos de Peluquería > Jabones,MLM-PET_SOAPS,523
MLM126300,Mascotas > Perros > Estética y Cuidado > Artículos de Peluquería > Mesas para Peluquería,MLM-PET_GROOMING_TABLES,437
MLM434769,Mascotas > Perros > Estética y Cuidado > Artículos de Peluquería > Otros,MLM-ANIMAL_AND_PET_PRODUCTS,4716
MLM81644,Mascotas > Perros > Estética y Cuidado > Artículos de Peluquería > Peines y Cepillos,MLM-PET_BRUSHES,137200
MLM85033,Mascotas > Perros > Estética y Cuidado > Artículos de Peluquería > Perfumes,MLM-PET_COLOGNES_AND_PERFUMES,1928
MLM81651,Mascotas > Perros > Estética y Cuidado > Artículos de Peluquería > Rasuradoras,MLM-ELECTRIC_PET_CLIPPERS_AND_SHEARS,13378
MLM85022,Mascotas > Perros > Estética y Cuidado > Artículos de Peluquería > Secadoras,MLM-PET_DRYERS,4825
MLM85023,Mascotas > Perros > Estética y Cuidado > Artículos de Peluquería > Shampoos y Acondicionadores,MLM-CAT_AND_DOG_SHAMPOOS_AND_CONDITIONERS,5048
MLM189544,Mascotas > Perros > Estética y Cuidado > Artículos de Peluquería > Tijeras,MLM-PET_GROOMING_SCISSORS,11929
MLM194527,Mascotas > Perros > Estética y Cuidado > Medicamentos y Antipulgas,MLM-NON_PRESCRIPTION_PET_ANTIPARASITICS,932
MLM81647,Mascotas > Perros > Estética y Cuidado > Otros,MLM-ANIMAL_AND_PET_PRODUCTS,2701
MLM429109,Mascotas > Perros > Estética y Cuidado > Pastas Dentales,MLM-PET_TOOTHPASTES,1544
MLM429135,Mascotas > Perros > Estética y Cuidado > Pañales,MLM-PET_DIAPERS,12205
MLM194741,Mascotas > Perros > Juguetes > Dispensadores de Premios,MLM-TREAT_DISPENSING_PET_TOYS,36888
MLM194742,Mascotas > Perros > Juguetes > Frisbees,MLM-DOG_FRISBEES,9648
MLM189347,Mascotas > Perros > Juguetes > Huesos,MLM-DOG_TOY_BONES,10992
MLM194743,Mascotas > Perros > Juguetes > Kits de Juguetes,MLM-PET_TOY_KITS,22694
MLM432249,Mascotas > Perros > Juguetes > Lanzapelotas > Eléctricos,MLM-AUTOMATIC_PET_BALL_LAUNCHERS,2246
MLM432248,Mascotas > Perros > Juguetes > Lanzapelotas > Manuales,MLM-MANUAL_PET_BALL_LAUNCHERS,1308
MLM194739,Mascotas > Perros > Juguetes > Mordibles y Chillones,MLM-ANIMAL_AND_PET_PRODUCTS,30044
MLM189343,Mascotas > Perros > Juguetes > Otros,MLM-ANIMAL_AND_PET_PRODUCTS,18800
MLM189348,Mascotas > Perros > Juguetes > Pelotas,MLM-PET_TOY_BALLS,50515
MLM194744,Mascotas > Perros > Juguetes > Peluches,MLM-STUFFED_PET_TOYS,65930
MLM1080,Mascotas > Perros > Otros,MLM-ANIMAL_AND_PET_PRODUCTS,2160
MLM193941,Mascotas > Perros > Perros de Cruza,MLM-CROSSBREED_DOGS,189
MLM1073,Mascotas > Perros > Perros de Raza,MLM-PUREBRED_DOGS,3715
MLM369570,Mascotas > Perros > Perros en Adopción,MLM-ANIMAL_AND_PET_PRODUCTS,11
MLM187700,"Mascotas > Perros > Puertas, Rampas y Corrales > Corrales",MLM-PET_PLAYPENS,4888
MLM429330,"Mascotas > Perros > Puertas, Rampas y Corrales > Escaleras y Rampas",MLM-PET_STAIRS_AND_RAMPS,4905
MLM434763,"Mascotas > Perros > Puertas, Rampas y Corrales > Otros",MLM-ANIMAL_AND_PET_PRODUCTS,5
MLM429244,"Mascotas > Perros > Puertas, Rampas y Corrales > Puertas",MLM-PET_DOORS,20847
MLM370519,Mascotas > Perros > Ropa > Abrigos,MLM-PET_JACKETS_AND_COATS,55383
MLM431931,Mascotas > Perros > Ropa > Batas de Baño,MLM-PET_ROBES,3216
MLM418602,Mascotas > Perros > Ropa > Botas,MLM-PET_FOOTWEAR,23943
MLM431933,Mascotas > Perros > Ropa > Calzones,MLM-DOG_AND_CAT_SANITARY_PANTIES,2761
MLM189408,Mascotas > Perros > Ropa > Chalecos Salvavidas,MLM-PET_LIFE_JACKETS,5014
MLM85068,Mascotas > Perros > Ropa > Disfraces,MLM-PET_COSTUMES,144343
MLM85059,Mascotas > Perros > Ropa > Impermeables,MLM-PET_RAINCOATS,10773
MLM191318,Mascotas > Perros > Ropa > Moños,MLM-PET_BOWS,11502
MLM85065,Mascotas > Perros > Ropa > Otros,MLM-ANIMAL_AND_PET_PRODUCTS,2777
MLM85070,Mascotas > Perros > Ropa > Playeras,MLM-ANIMAL_AND_PET_PRODUCTS,8618
MLM85058,Mascotas > Perros > Ropa > Vestidos,MLM-PET_DRESSES,18863
MLM429132,Mascotas > Perros > Sillas de Rueda,MLM-PET_WHEELCHAIRS,3791
MLM458902,Mascotas > Perros > Soportes para Rehabilitación,MLM-PET_REHABILITATION_HARNESSES_AND_SUPPORTS,15
MLM434777,Mascotas > Perros > Viaje y Paseo > Bebederos Portátiles,MLM-ANIMAL_AND_PET_PRODUCTS,3400
MLM8040,Mascotas > Perros > Viaje y Paseo > Bolsas y Transportadoras,MLM-PET_CARRIERS_AND_CARRYING_BAGS,15630
MLM431938,Mascotas > Perros > Viaje y Paseo > Cinturones de Seguridad,MLM-PET_SEAT_BELTS,5719
MLM126304,"Mascotas > Perros > Viaje y Paseo > Collares, Correas y Arneses > Arneses",MLM-PET_HARNESSES,73274
MLM434778,"Mascotas > Perros > Viaje y Paseo > Collares, Correas y Arneses > Bozales",MLM-CAT_AND_DOG_MUZZLES,5200
MLM126303,"Mascotas > Perros > Viaje y Paseo > Collares, Correas y Arneses > Collares",MLM-PET_COLLARS,80201
MLM126301,"Mascotas > Perros > Viaje y Paseo > Collares, Correas y Arneses > Otros",MLM-ANIMAL_AND_PET_PRODUCTS,2313
MLM126305,"Mascotas > Perros > Viaje y Paseo > Collares, Correas y Arneses > Placas de Identificación",MLM-PET_TAGS,10995
MLM437771,Mascotas > Perros > Viaje y Paseo > Fundas para Tapizados,MLM-ANIMAL_AND_PET_PRODUCTS,464
MLM126288,Mascotas > Perros > Viaje y Paseo > Mochilas y Alforjas,MLM-DOG_BACKPACKS_AND_SADDLEBAGS,10352
MLM434765,Mascotas > Perros > Viaje y Paseo > Otros,MLM-ANIMAL_AND_PET_PRODUCTS,962
MLM458041,Mascotas > Pilotos,MLM-PET_RAINCOATS,1930
MLM191005,Mascotas > Reptiles y Anfibios > Alimentos > Alimento Balanceado,MLM-REPTILE_AND_AMPHIBIAN_FOODS,2843
MLM191006,Mascotas > Reptiles y Anfibios > Alimentos > Alimento Vivo,MLM-ANIMAL_AND_PET_PRODUCTS,40
MLM191007,Mascotas > Reptiles y Anfibios > Alimentos > Otros,MLM-ANIMAL_AND_PET_PRODUCTS,400
MLM1116,Mascotas > Reptiles y Anfibios > Otros,MLM-ANIMAL_AND_PET_PRODUCTS,635
MLM126166,Mascotas > Reptiles y Anfibios > Terrarios y Tortugueros > Climatización > Calentadores y Placas Térmicas,MLM-TERRARIUM_HEATERS,7440
MLM434856,Mascotas > Reptiles y Anfibios > Terrarios y Tortugueros > Climatización > Otros,MLM-ANIMAL_AND_PET_PRODUCTS,12
MLM126167,Mascotas > Reptiles y Anfibios > Terrarios y Tortugueros > Climatización > Termómetros,MLM-TERRARIUM_THERMOMETERS,129
MLM434854,Mascotas > Reptiles y Anfibios > Terrarios y Tortugueros > Decoración,MLM-ANIMAL_AND_PET_PRODUCTS,4990
MLM429353,Mascotas > Reptiles y Anfibios > Terrarios y Tortugueros > Focos,MLM-REPTILE_AND_AMPHIBIAN_TERRARIUM_LIGHT_BULBS,32825
MLM434853,Mascotas > Reptiles y Anfibios > Terrarios y Tortugueros > Otros,MLM-ANIMAL_AND_PET_PRODUCTS,24
MLM85063,Mascotas > Reptiles y Anfibios > Terrarios y Tortugueros > Terrarios,MLM-ANIMAL_TERRARIUMS,13777
MLM126144,Mascotas > Roedores > Alimentos y Vitaminas > Alimento,MLM-RODENT_FOODS,2262
MLM437493,Mascotas > Roedores > Alimentos y Vitaminas > Otros,MLM-ANIMAL_AND_PET_PRODUCTS,0
MLM178387,Mascotas > Roedores > Alimentos y Vitaminas > Vitaminas,MLM-ANIMAL_AND_PET_PRODUCTS,27
MLM126150,Mascotas > Roedores > Bebederos y Comederos,MLM-RODENT_DRINKERS_AND_FEEDERS,28288
MLM429719,Mascotas > Roedores > Casas,MLM-RABBIT_AND_RODENT_HOUSES,39468
MLM457314,Mascotas > Roedores > Cortaúñas,MLM-PET_NAIL_CLIPPERS,1970
MLM126145,Mascotas > Roedores > Juguetes,MLM-RODENT_TOYS,50695
MLM126142,Mascotas > Roedores > Otros,MLM-ANIMAL_AND_PET_PRODUCTS,139
MLM194439,Mascotas > Roedores > Roedores > Chinchillas,MLM-CHINCHILLAS,20
MLM418416,Mascotas > Roedores > Roedores > Cuyos,MLM-GUINEA_PIGS,11
MLM437775,Mascotas > Roedores > Roedores > Hamsters,MLM-HAMSTERS,73
MLM418415,Mascotas > Roedores > Roedores > Otros Roedores,MLM-ANIMALS_AND_PETS,98
MLM178392,Mascotas > Roedores > Shampoo,MLM-RODENT_SHAMPOOS,169
MLM178391,Mascotas > Roedores > Sustratos,MLM-PET_SHAVINGS,1440
MLM457893,Salud y Equipamiento Médico > Cuidado de la Salud > Anteojos Pregraduados,MLM-CORRECTIVE_GLASSES,125
MLM438390,Salud y Equipamiento Médico > Cuidado de la Salud > Audífonos,MLM-HEARING_AIDS,1220
MLM455821,Salud y Equipamiento Médico > Cuidado de la Salud > Botiquín de Primeros Auxilios,MLM-FIRST_AID_KITS,11426
MLM5387,Salud y Equipamiento Médico > Cuidado de la Salud > Básculas,MLM-BODYWEIGHT_SCALES,8241
MLM179746,Salud y Equipamiento Médico > Cuidado de la Salud > Correctores de Juanetes,MLM-BUNION_CORRECTORS,1296
MLM445788,Salud y Equipamiento Médico > Cuidado de la Salud > Cubrebocas Reutilizables,MLM-REUSABLE_MASKS,18497
MLM458774,Salud y Equipamiento Médico > Cuidado de la Salud > Farmacia > Agua Oxigenada,MLM-HYDROGEN_PEROXIDE,6
MLM191698,Salud y Equipamiento Médico > Cuidado de la Salud > Farmacia > Alcohol Etílico,MLM-ETHYL_ALCOHOL,291
MLM458019,Salud y Equipamiento Médico > Cuidado de la Salud > Farmacia > Alcoholes Líquidos,MLM-ANTIBACTERIAL_ALCOHOL,302
MLM445792,Salud y Equipamiento Médico > Cuidado de la Salud > Farmacia > Alcoholes en Aerosol,MLM-ANTIBACTERIAL_ALCOHOL,23
MLM458018,Salud y Equipamiento Médico > Cuidado de la Salud > Farmacia > Alcoholes en Spray,MLM-ANTIBACTERIAL_ALCOHOL,83
MLM419423,Salud y Equipamiento Médico > Cuidado de la Salud > Farmacia > Algodones,MLM-HYDROPHILIC_COTTON,3504
MLM193870,Salud y Equipamiento Médico > Cuidado de la Salud > Farmacia > Bicarbonato de Sodio,MLM-SODIUM_BICARBONATE,845
MLM191669,Salud y Equipamiento Médico > Cuidado de la Salud > Farmacia > Bolsas de Colostomía,MLM-COLOSTOMY_BAGS,1334
MLM167992,Salud y Equipamiento Médico > Cuidado de la Salud > Farmacia > Cuidado Sexual > Condones,MLM-CONDOMS,20190
MLM167991,Salud y Equipamiento Médico > Cuidado de la Salud > Farmacia > Cuidado Sexual > Lubricantes,MLM-PERSONAL_LUBRICANTS_AND_GELS,9836
MLM187605,Salud y Equipamiento Médico > Cuidado de la Salud > Farmacia > Cuidado Sexual > Otros,MLM-HEALTH_CARE_SUPPLIES,1336
MLM455795,Salud y Equipamiento Médico > Cuidado de la Salud > Farmacia > Cápsulas Vacías,MLM-EMPTY_CAPSULES,4058
MLM191087,Salud y Equipamiento Médico > Cuidado de la Salud > Farmacia > Gasas,MLM-GAUZES,4351
MLM168014,Salud y Equipamiento Médico > Cuidado de la Salud > Farmacia > Geles Antibacteriales,MLM-ANTIBACTERIAL_ALCOHOL,2214
MLM194673,Salud y Equipamiento Médico > Cuidado de la Salud > Farmacia > Medicamentos de Venta Libre > Analgésicos,MLM-PAIN_RELIEF_MEDICINES,353
MLM194695,Salud y Equipamiento Médico > Cuidado de la Salud > Farmacia > Medicamentos de Venta Libre > Antigripales,MLM-COUGH_COLD_AND_FLU_MEDICINES,145
MLM194698,Salud y Equipamiento Médico > Cuidado de la Salud > Farmacia > Medicamentos de Venta Libre > Antihistamínicos,MLM-ALLERGY_MEDICINES,38
MLM457823,Salud y Equipamiento Médico > Cuidado de la Salud > Farmacia > Medicamentos de Venta Libre > Antiinfecciosos Venta Libre,MLM-OTC_ANTINFECTIVE_MEDICINES,13
MLM455222,Salud y Equipamiento Médico > Cuidado de la Salud > Farmacia > Medicamentos de Venta Libre > Antiinflamatorios,MLM-HEALTH_CARE_SUPPLIES,31
MLM194690,Salud y Equipamiento Médico > Cuidado de la Salud > Farmacia > Medicamentos de Venta Libre > Antimicóticos,MLM-ANTIFUNGAL_MEDICINES,88
MLM457816,Salud y Equipamiento Médico > Cuidado de la Salud > Farmacia > Medicamentos de Venta Libre > Antiparasitarios Venta Libre,MLM-OTC_ANTIPARASITIC_MEDICINES,244
MLM457817,Salud y Equipamiento Médico > Cuidado de la Salud > Farmacia > Medicamentos de Venta Libre > Cardiovasculares Venta Libre,MLM-OTC_CARDIOVASCULAR_MEDICINES,91
MLM457819,Salud y Equipamiento Médico > Cuidado de la Salud > Farmacia > Medicamentos de Venta Libre > Dermatológicos Venta Libre,MLM-OTC_DERMATOLOGIC_MEDICINES,663
MLM194674,Salud y Equipamiento Médico > Cuidado de la Salud > Farmacia > Medicamentos de Venta Libre > Digestivos,MLM-DIGESTIVE_MEDICINES,238
MLM457821,Salud y Equipamiento Médico > Cuidado de la Salud > Farmacia > Medicamentos de Venta Libre > Digestivos Venta Libre,MLM-OTC_DIGESTIVE_AND_METABOLIC_MEDICINES,2166
MLM194717,Salud y Equipamiento Médico > Cuidado de la Salud > Farmacia > Medicamentos de Venta Libre > Dolor de Garganta,MLM-SORE_THROAT_MEDICINES,30
MLM457813,Salud y Equipamiento Médico > Cuidado de la Salud > Farmacia > Medicamentos de Venta Libre > Hormonales Venta Libre,MLM-OTC_HORMONE_MEDICINES,7
MLM457815,Salud y Equipamiento Médico > Cuidado de la Salud > Farmacia > Medicamentos de Venta Libre > Inmunomoduladores Venta Libre,MLM-OTC_IMMUNOLOGIC_MEDICINES,28
MLM457822,Salud y Equipamiento Médico > Cuidado de la Salud > Farmacia > Medicamentos de Venta Libre > Musculoarticulares Venta Libre,MLM-OTC_MUSCULOSKELETAL_MEDICINES,612
MLM194675,Salud y Equipamiento Médico > Cuidado de la Salud > Farmacia > Medicamentos de Venta Libre > Oftálmicos,MLM-EYE_CARE_MEDICINES,64
MLM194677,Salud y Equipamiento Médico > Cuidado de la Salud > Farmacia > Medicamentos de Venta Libre > Otros Medicamentos,MLM-HEALTH_CARE_SUPPLIES,645
MLM457824,Salud y Equipamiento Médico > Cuidado de la Salud > Farmacia > Medicamentos de Venta Libre > Para Ojos y Oídos Venta Libre,MLM-OTC_OTIC_AND_EYE_CARE_MEDICINES,324
MLM457820,Salud y Equipamiento Médico > Cuidado de la Salud > Farmacia > Medicamentos de Venta Libre > Para la Sangre Venta Libre,MLM-OTC_BLOOD_AND_HEMATOPOIETIC_ORGAN_MEDICINES,32
MLM455223,Salud y Equipamiento Médico > Cuidado de la Salud > Farmacia > Medicamentos de Venta Libre > Presión Arterial,MLM-HEALTH_CARE_SUPPLIES,32
MLM431865,Salud y Equipamiento Médico > Cuidado de la Salud > Farmacia > Medicamentos de Venta Libre > Rehidratantes Orales,MLM-ORAL_REHYDRATION_MEDICINES,14
MLM457814,Salud y Equipamiento Médico > Cuidado de la Salud > Farmacia > Medicamentos de Venta Libre > Respiratorios Venta Libre,MLM-OTC_RESPIRATORY_MEDICINES,1212
MLM457812,Salud y Equipamiento Médico > Cuidado de la Salud > Farmacia > Medicamentos de Venta Libre > Sistema Nervioso Venta Libre,MLM-OTC_NEUROLOGICAL_MEDICINES,1181
MLM457818,Salud y Equipamiento Médico > Cuidado de la Salud > Farmacia > Medicamentos de Venta Libre > Uroginecológicos Venta Libre,MLM-OTC_URINARY_MEDICINES,251
MLM194471,Salud y Equipamiento Médico > Cuidado de la Salud > Farmacia > Otros,MLM-HEALTH_CARE_SUPPLIES,4134
MLM457891,Salud y Equipamiento Médico > Cuidado de la Salud > Farmacia > Soluciones Fisiológicas,MLM-SALINE_SOLUTIONS,211
MLM194260,Salud y Equipamiento Médico > Cuidado de la Salud > Farmacia > Tests de Embarazo y Ovulación,MLM-PREGNANCY_AND_OVULATION_TESTS,544
MLM178504,Salud y Equipamiento Médico > Cuidado de la Salud > Farmacia > Vendas,MLM-SPORT_AND_MEDICAL_BANDAGES,13770
MLM454754,Salud y Equipamiento Médico > Cuidado de la Salud > Filtros para Cubrebocas,MLM-MASK_FILTERS,73
MLM454768,Salud y Equipamiento Médico > Cuidado de la Salud > Lámparas Sanitizantes,MLM-SANITIZING_LIGHTS,2585
MLM190866,Salud y Equipamiento Médico > Cuidado de la Salud > Medidores de Presión > Aneroides,MLM-ANEROID_AND_MERCURY_SPHYGMOMANOMETERS,2811
MLM190865,Salud y Equipamiento Médico > Cuidado de la Salud > Medidores de Presión > Digitales,MLM-BLOOD_PRESSURE_MONITORS,5830
MLM190864,Salud y Equipamiento Médico > Cuidado de la Salud > Medidores de Presión > Otros,MLM-HEALTH_CARE_SUPPLIES,62
MLM167993,Salud y Equipamiento Médico > Cuidado de la Salud > Otros,MLM-HEALTH_CARE_SUPPLIES,15016
MLM180920,Salud y Equipamiento Médico > Cuidado de la Salud > Pastilleros,MLM-PILL_BOXES,48575
MLM455442,Salud y Equipamiento Médico > Cuidado de la Salud > Pistolas Desinfectantes,MLM-SANITIZING_GUNS,1342
MLM455042,Salud y Equipamiento Médico > Cuidado de la Salud > Protección para Incontinencia > Otros,MLM-HEALTH_CARE_SUPPLIES,15
MLM194512,Salud y Equipamiento Médico > Cuidado de la Salud > Protección para Incontinencia > Pañales para Adultos,MLM-ADULT_DIAPERS,9468
MLM455048,Salud y Equipamiento Médico > Cuidado de la Salud > Protección para Incontinencia > Salvacamas,MLM-INCONTINENCE_UNDERPADS,7866
MLM455050,Salud y Equipamiento Médico > Cuidado de la Salud > Protección para Incontinencia > Toallas,MLM-INCONTINENCE_PADS,202
MLM430522,Salud y Equipamiento Médico > Cuidado de la Salud > Pulseras Anti Náuseas,MLM-ACUPRESSURE_WRISTBANDS,59
MLM456984,Salud y Equipamiento Médico > Cuidado de la Salud > Pupilentes > Estuches,MLM-CONTACT_LENS_CASES,2693
MLM443598,Salud y Equipamiento Médico > Cuidado de la Salud > Pupilentes > Lentes con Graduación,MLM-CORRECTIVE_CONTACT_LENSES,487
MLM3975,Salud y Equipamiento Médico > Cuidado de la Salud > Pupilentes > Lentes de Contacto,MLM-NON_CORRECTIVE_CONTACT_LENSES,4899
MLM420669,Salud y Equipamiento Médico > Cuidado de la Salud > Pupilentes > Otros,MLM-HEALTH_CARE_SUPPLIES,39
MLM420668,Salud y Equipamiento Médico > Cuidado de la Salud > Pupilentes > Soluciones Limpiadoras,MLM-CONTACT_LENS_CLEANING_SOLUTIONS,4466
MLM194538,Salud y Equipamiento Médico > Cuidado de la Salud > Terapias de Frío y Calor > Almohadillas Térmicas,MLM-HEATING_PADS,36250
MLM194370,Salud y Equipamiento Médico > Cuidado de la Salud > Terapias de Frío y Calor > Bolsas de Agua Caliente,MLM-HOT_WATER_BOTTLES,12533
MLM432585,Salud y Equipamiento Médico > Cuidado de la Salud > Terapias de Frío y Calor > Compresas en Gel,MLM-THERMAL_GEL_PACKS,7349
MLM435057,Salud y Equipamiento Médico > Cuidado de la Salud > Terapias de Frío y Calor > Otros,MLM-HEALTH_CARE_SUPPLIES,276
MLM178505,Salud y Equipamiento Médico > Cuidado de la Salud > Termómetros Digitales,MLM-THERMOMETERS,2597
MLM457931,Salud y Equipamiento Médico > Cuidado de la Salud > Termómetros de Mercurio,MLM-THERMOMETERS,282
MLM192053,Salud y Equipamiento Médico > Cuidado de la Salud > Tratamientos Respiratorios > Aerocámaras,MLM-INHALER_SPACERS,244
MLM434749,Salud y Equipamiento Médico > Cuidado de la Salud > Tratamientos Respiratorios > Aspiradores de Secreciones,MLM-ELECTRIC_SECRETION_ASPIRATORS,295
MLM458509,Salud y Equipamiento Médico > Cuidado de la Salud > Tratamientos Respiratorios > Espirómetros Digitales,MLM-DIGITAL_SPIROMETERS,33
MLM434748,Salud y Equipamiento Médico > Cuidado de la Salud > Tratamientos Respiratorios > Espirómetros de Incentivo,MLM-INCENTIVE_SPIROMETERS,166
MLM180918,Salud y Equipamiento Médico > Cuidado de la Salud > Tratamientos Respiratorios > Humidificadores,MLM-ELECTRIC_OIL_DIFFUSERS_HUMIDIFIERS_AND_VAPORIZERS,10309
MLM429419,Salud y Equipamiento Médico > Cuidado de la Salud > Tratamientos Respiratorios > Lavadoras Nasales,MLM-NASAL_WASHERS,1198
MLM434750,Salud y Equipamiento Médico > Cuidado de la Salud > Tratamientos Respiratorios > Láseres Terapéuticos Nasales,MLM-HEALTH_CARE_SUPPLIES,13
MLM434747,Salud y Equipamiento Médico > Cuidado de la Salud > Tratamientos Respiratorios > Máscaras para Nebulizadores,MLM-NEBULIZER_MASKS,95
MLM189109,Salud y Equipamiento Médico > Cuidado de la Salud > Tratamientos Respiratorios > Nebulizadores,MLM-NEBULIZERS,1377
MLM435065,Salud y Equipamiento Médico > Cuidado de la Salud > Tratamientos Respiratorios > Otros,MLM-HEALTH_CARE_SUPPLIES,257
MLM438384,Salud y Equipamiento Médico > Cuidado de la Salud > Tratamientos Respiratorios > Purificadores de Aire,MLM-AIR_PURIFIERS,34409
MLM435542,Salud y Equipamiento Médico > Cuidado de la Salud > Tratamientos Respiratorios > Tiras Nasales,MLM-NASAL_STRIPS,502
MLM432660,Salud y Equipamiento Médico > Cuidado de la Salud > Tratamientos para Piojos > Kits,MLM-HEALTH_CARE_SUPPLIES,404
MLM432658,Salud y Equipamiento Médico > Cuidado de la Salud > Tratamientos para Piojos > Lociones,MLM-HEALTH_CARE_SUPPLIES,347
MLM432656,Salud y Equipamiento Médico > Cuidado de la Salud > Tratamientos para Piojos > Otros,MLM-HEALTH_CARE_SUPPLIES,8
MLM190911,Salud y Equipamiento Médico > Cuidado de la Salud > Tratamientos para Piojos > Peines,MLM-LICE_COMBS,2688
MLM432659,Salud y Equipamiento Médico > Cuidado de la Salud > Tratamientos para Piojos > Repelentes,MLM-HEALTH_CARE_SUPPLIES,53
MLM432657,Salud y Equipamiento Médico > Cuidado de la Salud > Tratamientos para Piojos > Shampoos y Acondicionadores,MLM-HEALTH_CARE_SUPPLIES,773
MLM435255,Salud y Equipamiento Médico > Cuidado de la Salud > Tratamientos para Ronquidos > Aparatos Electrónicos,MLM-HEALTH_CARE_SUPPLIES,37
MLM430749,Salud y Equipamiento Médico > Cuidado de la Salud > Tratamientos para Ronquidos > Bandas anti ronquidos,MLM-ANTI_SNORE_CHIN_STRAPS,13741
MLM432519,Salud y Equipamiento Médico > Cuidado de la Salud > Tratamientos para Ronquidos > Clips Nasales,MLM-ANTI_SNORE_NASAL_DILATORS,580
MLM432515,Salud y Equipamiento Médico > Cuidado de la Salud > Tratamientos para Ronquidos > Otros,MLM-HEALTH_CARE_SUPPLIES,248
MLM435256,Salud y Equipamiento Médico > Cuidado de la Salud > Tratamientos para Ronquidos > Protectores Bucales,MLM-ANTI_GRINDING_AND_ANTI_SNORE_MOUTH_GUARDS,535
MLM454895,Salud y Equipamiento Médico > Equipamiento Médico > Campanas de Flujo Laminar,MLM-LAMINAR_FLOW_HOODS,53
MLM409166,Salud y Equipamiento Médico > Equipamiento Médico > Desfibriladores Externos,MLM-EXTERNAL_DEFIBRILLATORS,204
MLM190873,Salud y Equipamiento Médico > Equipamiento Médico > Educación y Entrenamiento > Maniquíes de RCP,MLM-CPR_TRAINING_MANIKINS,402
MLM433620,Salud y Equipamiento Médico > Equipamiento Médico > Educación y Entrenamiento > Modelos Anatómicos de Órganos,MLM-HUMAN_ORGAN_ANATOMICAL_MODELS,1796
MLM430492,Salud y Equipamiento Médico > Equipamiento Médico > Educación y Entrenamiento > Modelos de Esqueletos Humanos,MLM-HUMAN_SKELETON_ANATOMICAL_MODELS,2669
MLM435075,Salud y Equipamiento Médico > Equipamiento Médico > Educación y Entrenamiento > Otros,MLM-MEDICAL_EQUIPMENT,185
MLM454894,Salud y Equipamiento Médico > Equipamiento Médico > Encapsuladoras Manuales,MLM-MANUAL_CAPSULE_FILLERS,42
MLM194382,Salud y Equipamiento Médico > Equipamiento Médico > Equipamiento Odontológico > Hornos,MLM-DENTAL_PORCELAIN_OVENS,180
MLM409314,Salud y Equipamiento Médico > Equipamiento Médico > Equipamiento Odontológico > Instrumental Odontológico > Brackets,MLM-ORTHODONTIC_BRACKETS,1424
MLM409365,Salud y Equipamiento Médico > Equipamiento Médico > Equipamiento Odontológico > Instrumental Odontológico > Curetas,MLM-DENTAL_CURETTES,89
MLM409362,Salud y Equipamiento Médico > Equipamiento Médico > Equipamiento Odontológico > Instrumental Odontológico > Escaladores,MLM-DENTAL_ULTRASONIC_SCALERS,4612
MLM413161,Salud y Equipamiento Médico > Equipamiento Médico > Equipamiento Odontológico > Instrumental Odontológico > Jeringas Dentales,MLM-DENTAL_EQUIPMENT,311
MLM429342,Salud y Equipamiento Médico > Equipamiento Médico > Equipamiento Odontológico > Instrumental Odontológico > Kits de Instrumentos,MLM-DENTAL_INSTRUMENT_KITS,4495
MLM193738,Salud y Equipamiento Médico > Equipamiento Médico > Equipamiento Odontológico > Instrumental Odontológico > Micromotores Dentales,MLM-DENTAL_EQUIPMENT,184
MLM417910,Salud y Equipamiento Médico > Equipamiento Médico > Equipamiento Odontológico > Instrumental Odontológico > Otros,MLM-DENTAL_EQUIPMENT,56
MLM409363,Salud y Equipamiento Médico > Equipamiento Médico > Equipamiento Odontológico > Instrumental Odontológico > Pinzas Dentales,MLM-DENTAL_PLIERS,400
MLM409315,Salud y Equipamiento Médico > Equipamiento Médico > Equipamiento Odontológico > Instrumental Odontológico > Prótesis Dentales,MLM-DENTAL_PROSTHESES,505
MLM413986,Salud y Equipamiento Médico > Equipamiento Médico > Equipamiento Odontológico > Limpiadores Ultrasónicos,MLM-ULTRASONIC_CLEANERS,914
MLM414005,Salud y Equipamiento Médico > Equipamiento Médico > Equipamiento Odontológico > Lámparas Odontológicas > Lámparas Cialíticas,MLM-SURGICAL_LIGHTS,40
MLM194064,Salud y Equipamiento Médico > Equipamiento Médico > Equipamiento Odontológico > Lámparas Odontológicas > Lámparas de Fotocurado,MLM-DENTAL_CURING_LIGHTS,808
MLM413970,Salud y Equipamiento Médico > Equipamiento Médico > Equipamiento Odontológico > Lámparas Odontológicas > Otros,MLM-DENTAL_EQUIPMENT,14
MLM438157,Salud y Equipamiento Médico > Equipamiento Médico > Equipamiento Odontológico > Otros,MLM-DENTAL_EQUIPMENT,414
MLM433548,Salud y Equipamiento Médico > Equipamiento Médico > Equipamiento Odontológico > Parrillas para Dientes,MLM-DENTAL_EQUIPMENT,111
MLM194381,Salud y Equipamiento Médico > Equipamiento Médico > Equipamiento Odontológico > Sillones Dentales,MLM-DENTAL_CHAIRS,125
MLM180951,Salud y Equipamiento Médico > Equipamiento Médico > Equipamiento Odontológico > Taburetes,MLM-MEDICAL_STOOLS,2829
MLM431303,Salud y Equipamiento Médico > Equipamiento Médico > Equipamiento Odontológico > Turbinas Dentales,MLM-DENTAL_HIGH_SPEED_HANDPIECES,691
MLM408127,Salud y Equipamiento Médico > Equipamiento Médico > Equipos de Magnetoterapia,MLM-MAGNETIC_THERAPY_MACHINES,42
MLM180950,Salud y Equipamiento Médico > Equipamiento Médico > Equipos de Monitoreo > Básculas,MLM-BODYWEIGHT_SCALES,1813
MLM191284,Salud y Equipamiento Médico > Equipamiento Médico > Equipos de Monitoreo > Dopplers Fetales,MLM-FETAL_DOPPLERS,135
MLM408026,Salud y Equipamiento Médico > Equipamiento Médico > Equipos de Monitoreo > Ecógrafos,MLM-MEDICAL_ULTRASOUND_SCANNERS,233
MLM193732,Salud y Equipamiento Médico > Equipamiento Médico > Equipos de Monitoreo > Electrocardiógrafos,MLM-ECG_MACHINES,1030
MLM191885,Salud y Equipamiento Médico > Equipamiento Médico > Equipos de Monitoreo > Estadímetros,MLM-STADIOMETERS,4161
MLM187660,Salud y Equipamiento Médico > Equipamiento Médico > Equipos de Monitoreo > Estetoscopios,MLM-STETHOSCOPES,2044
MLM456363,Salud y Equipamiento Médico > Equipamiento Médico > Equipos de Monitoreo > Kits de Enfermería,MLM-NURSING_KITS,355
MLM189948,Salud y Equipamiento Médico > Equipamiento Médico > Equipos de Monitoreo > Medidores de Glucosa,MLM-BLOOD_GLUCOSE_METERS,1868
MLM438295,Salud y Equipamiento Médico > Equipamiento Médico > Equipos de Monitoreo > Microscopios Médicos,MLM-MICROSCOPES,120
MLM180948,Salud y Equipamiento Médico > Equipamiento Médico > Equipos de Monitoreo > Negatoscopios,MLM-NEGATOSCOPES,125
MLM408030,Salud y Equipamiento Médico > Equipamiento Médico > Equipos de Monitoreo > Oftalmoscopios,MLM-OPHTHALMOSCOPES,113
MLM408019,Salud y Equipamiento Médico > Equipamiento Médico > Equipos de Monitoreo > Otoscopios Analógicos,MLM-OTOSCOPES,345
MLM457925,Salud y Equipamiento Médico > Equipamiento Médico > Equipos de Monitoreo > Otoscopios Digitales,MLM-OTOSCOPES,300
MLM438296,Salud y Equipamiento Médico > Equipamiento Médico > Equipos de Monitoreo > Otros,MLM-MEDICAL_EQUIPMENT,252
MLM408023,Salud y Equipamiento Médico > Equipamiento Médico > Equipos de Monitoreo > Oxímetros,MLM-OXIMETERS,951
MLM433026,Salud y Equipamiento Médico > Equipamiento Médico > Equipos de Monitoreo > Piezas para Estetoscopios,MLM-MEDICAL_EQUIPMENT,317
MLM191891,Salud y Equipamiento Médico > Equipamiento Médico > Equipos de Monitoreo > Plicómetros Analógicos,MLM-BODY_FAT_CALIPERS,408
MLM457937,Salud y Equipamiento Médico > Equipamiento Médico > Equipos de Monitoreo > Plicómetros Digitales,MLM-BODY_FAT_CALIPERS,150
MLM413979,Salud y Equipamiento Médico > Equipamiento Médico > Instrumental Médico > Catéteres,MLM-CATHETERS,5219
MLM178507,Salud y Equipamiento Médico > Equipamiento Médico > Instrumental Médico > Espátulas de Ayre,MLM-AYRE_SCRAPERS,842
MLM194400,Salud y Equipamiento Médico > Equipamiento Médico > Instrumental Médico > Hilo de Sutura,MLM-SUTURE_THREADS,1127
MLM455905,Salud y Equipamiento Médico > Equipamiento Médico > Instrumental Médico > Indumentaria Quirúrgica > Batas,MLM-SURGICAL_GOWNS,1119
MLM455903,Salud y Equipamiento Médico > Equipamiento Médico > Instrumental Médico > Indumentaria Quirúrgica > Cubre Calzado,MLM-FOOTWEAR_COVERS,1568
MLM178498,Salud y Equipamiento Médico > Equipamiento Médico > Instrumental Médico > Indumentaria Quirúrgica > Cubrebocas,MLM-SURGICAL_AND_INDUSTRIAL_MASKS,38321
MLM178496,Salud y Equipamiento Médico > Equipamiento Médico > Instrumental Médico > Indumentaria Quirúrgica > Guantes Desechables,MLM-DISPOSABLE_GLOVES,26895
MLM455897,Salud y Equipamiento Médico > Equipamiento Médico > Instrumental Médico > Indumentaria Quirúrgica > Otros,MLM-MEDICAL_EQUIPMENT,359
MLM189428,Salud y Equipamiento Médico > Equipamiento Médico > Instrumental Médico > Jeringas,MLM-SYRINGES,3993
MLM433260,Salud y Equipamiento Médico > Equipamiento Médico > Instrumental Médico > Mangueras,MLM-MEDICAL_HOSES,2821
MLM435384,Salud y Equipamiento Médico > Equipamiento Médico > Instrumental Médico > Martillos de Reflejo,MLM-MEDICAL_EQUIPMENT,983
MLM178494,Salud y Equipamiento Médico > Equipamiento Médico > Instrumental Médico > Otros,MLM-MEDICAL_EQUIPMENT,6621
MLM432560,Salud y Equipamiento Médico > Equipamiento Médico > Instrumental Médico > Pinzas Hemostáticas,MLM-HEMOSTATS,2515
MLM413980,Salud y Equipamiento Médico > Equipamiento Médico > Instrumental Médico > Sondas,MLM-CATHETERS,1682
MLM432627,Salud y Equipamiento Médico > Equipamiento Médico > Instrumental Médico > Torniquetes Médicos,MLM-MEDICAL_TOURNIQUETS,614
MLM457741,Salud y Equipamiento Médico > Equipamiento Médico > Lámparas Cialíticas,MLM-SURGICAL_LIGHTS,35
MLM191839,Salud y Equipamiento Médico > Equipamiento Médico > Material de Laboratorio > Autoclaves de Laboratorio,MLM-MEDICAL_AND_LABORATORY_AUTOCLAVES,1068
MLM413993,Salud y Equipamiento Médico > Equipamiento Médico > Material de Laboratorio > Binoculares Manos Libres,MLM-MAGNIFYING_GLASSES,51
MLM191776,Salud y Equipamiento Médico > Equipamiento Médico > Material de Laboratorio > Buretas,MLM-BURETTES,642
MLM189080,Salud y Equipamiento Médico > Equipamiento Médico > Material de Laboratorio > Básculas de Laboratorio,MLM-PRECISION_SCALES,2172
MLM409150,Salud y Equipamiento Médico > Equipamiento Médico > Material de Laboratorio > Erlenmeyer,MLM-MEDICAL_EQUIPMENT,211
MLM189768,Salud y Equipamiento Médico > Equipamiento Médico > Material de Laboratorio > Frascos con Gotero,MLM-DROPPING_BOTTLES,12449
MLM192050,Salud y Equipamiento Médico > Equipamiento Médico > Material de Laboratorio > Gradillas,MLM-TEST_TUBE_RACKS,3638
MLM192055,Salud y Equipamiento Médico > Equipamiento Médico > Material de Laboratorio > Matraces de Destilación,MLM-DISTILLATION_FLASKS,1738
MLM432221,Salud y Equipamiento Médico > Equipamiento Médico > Material de Laboratorio > Microtubos,MLM-LABORATORY_TUBES_AND_MICROTUBES,1399
MLM438159,Salud y Equipamiento Médico > Equipamiento Médico > Material de Laboratorio > Otros,MLM-MEDICAL_EQUIPMENT,6463
MLM178497,Salud y Equipamiento Médico > Equipamiento Médico > Material de Laboratorio > Pipetas,MLM-LABORATORY_PIPETTES,7164
MLM189772,Salud y Equipamiento Médico > Equipamiento Médico > Material de Laboratorio > Probetas,MLM-GRADUATED_CYLINDERS,1059
MLM457919,Salud y Equipamiento Médico > Equipamiento Médico > Material de Laboratorio > Tubos,MLM-LABORATORY_TUBES_AND_MICROTUBES,518
MLM432723,Salud y Equipamiento Médico > Equipamiento Médico > Material de Laboratorio > Tubos de Ensayo,MLM-GRADUATED_CYLINDERS,1565
MLM432724,Salud y Equipamiento Médico > Equipamiento Médico > Material de Laboratorio > Vasos de Precipitado,MLM-BEAKERS,3586
MLM180955,Salud y Equipamiento Médico > Equipamiento Médico > Muebles Médicos > Biombos,MLM-FOLDING_SCREENS,87
MLM180930,Salud y Equipamiento Médico > Equipamiento Médico > Muebles Médicos > Camas y Colchones > Camas de Hospital,MLM-HOSPITAL_BEDS,816
MLM431493,Salud y Equipamiento Médico > Equipamiento Médico > Muebles Médicos > Camas y Colchones > Camillas para Consultorios,MLM-MEDICAL_EQUIPMENT,61
MLM189800,Salud y Equipamiento Médico > Equipamiento Médico > Muebles Médicos > Camas y Colchones > Colchones Antiescaras,MLM-ELECTRIC_ANTIDECUBITUS_MATTRESSES,2062
MLM435260,Salud y Equipamiento Médico > Equipamiento Médico > Muebles Médicos > Camas y Colchones > Otros,MLM-MEDICAL_EQUIPMENT,186
MLM180921,Salud y Equipamiento Médico > Equipamiento Médico > Muebles Médicos > Camillas para Ambulancias,MLM-AMBULANCE_STRETCHERS,1038
MLM180947,Salud y Equipamiento Médico > Equipamiento Médico > Muebles Médicos > Juegos de Consultorio,MLM-EXAM_ROOM_FURNITURE_KITS,340
MLM180945,Salud y Equipamiento Médico > Equipamiento Médico > Muebles Médicos > Mesas de Exploración,MLM-MEDICAL_EXAM_TABLES,555
MLM180953,Salud y Equipamiento Médico > Equipamiento Médico > Muebles Médicos > Mesas para Instrumental Médico,MLM-MEDICAL_INSTRUMENT_TABLES,732
MLM180944,Salud y Equipamiento Médico > Equipamiento Médico > Muebles Médicos > Otros,MLM-MEDICAL_EQUIPMENT,378
MLM432930,Salud y Equipamiento Médico > Equipamiento Médico > Máquinas Centrífugas,MLM-CENTRIFUGE_MACHINES,462
MLM6569,Salud y Equipamiento Médico > Equipamiento Médico > Otros,MLM-MEDICAL_EQUIPMENT,2467
MLM191366,Salud y Equipamiento Médico > Equipamiento Médico > Oxigenoterapia > Concentradores de Oxígeno,MLM-OXYGEN_CONCENTRATORS,688
MLM430315,Salud y Equipamiento Médico > Equipamiento Médico > Oxigenoterapia > Equipos de CPAP,MLM-CPAP_MACHINES,1159
MLM439478,Salud y Equipamiento Médico > Equipamiento Médico > Oxigenoterapia > Filtros para Máscaras CPAP,MLM-MEDICAL_EQUIPMENT,769
MLM434726,Salud y Equipamiento Médico > Equipamiento Médico > Oxigenoterapia > Generadores de Ozono,MLM-MEDICAL_EQUIPMENT,216
MLM194375,Salud y Equipamiento Médico > Equipamiento Médico > Oxigenoterapia > Mascarillas Nasales para CPAP,MLM-NASAL_CPAP_MASKS,8537
MLM435077,Salud y Equipamiento Médico > Equipamiento Médico > Oxigenoterapia > Otros,MLM-MEDICAL_EQUIPMENT,508
MLM187594,Salud y Equipamiento Médico > Equipamiento Médico > Oxigenoterapia > Tanques de Oxígeno,MLM-OXYGEN_TANKS,329
MLM428966,Salud y Equipamiento Médico > Masajes > Masajeadores > Almohadas Masajeadoras,MLM-ELECTRIC_MASSAGE_PILLOWS,13629
MLM189097,Salud y Equipamiento Médico > Masajes > Masajeadores > Asientos Masajeadores,MLM-ELECTRIC_MASSAGES_SEATS,1103
MLM377692,Salud y Equipamiento Médico > Masajes > Masajeadores > Camas Masajeadoras,MLM-MASSAGE_TABLES_AND_CHAIRS,882
MLM429322,Salud y Equipamiento Médico > Masajes > Masajeadores > Colchonetas y Colchones,MLM-ELECTRIC_MASSAGE_MATS_AND_MATTRESSES,384
MLM180942,Salud y Equipamiento Médico > Masajes > Masajeadores > Hidromasajeadores para Pies,MLM-FOOT_BATH_MASSAGERS,10465
MLM455945,Salud y Equipamiento Médico > Masajes > Masajeadores > Kit de Masajeadores Eléctricos,MLM-ELECTRIC_MASSAGERS_KITS,70
MLM419980,Salud y Equipamiento Médico > Masajes > Masajeadores > Masajeadores Portátiles > Eléctricos,MLM-PORTABLE_ELECTRIC_MASSAGERS,83931
MLM419981,Salud y Equipamiento Médico > Masajes > Masajeadores > Masajeadores Portátiles > Manuales,MLM-MANUAL_MASSAGERS,57862
MLM189096,Salud y Equipamiento Médico > Masajes > Masajeadores > Otros,MLM-MASSAGE_EQUIPMENT,4551
MLM410814,Salud y Equipamiento Médico > Masajes > Masajeadores > Sillones Masajeadores,MLM-MASSAGE_SOFAS,144
MLM180940,"Salud y Equipamiento Médico > Masajes > Mesas, Camas y Sillas > Mesas y Camas para Masajes",MLM-MASSAGE_TABLES_AND_CHAIRS,8573
MLM435081,"Salud y Equipamiento Médico > Masajes > Mesas, Camas y Sillas > Otros",MLM-MASSAGE_EQUIPMENT,24
MLM185367,"Salud y Equipamiento Médico > Masajes > Mesas, Camas y Sillas > Sillas para Masajes",MLM-MASSAGE_TABLES_AND_CHAIRS,434
MLM180938,Salud y Equipamiento Médico > Masajes > Otros,MLM-MASSAGE_EQUIPMENT,822
MLM430489,Salud y Equipamiento Médico > Masajes > Piedras para Masajes,MLM-MASSAGE_STONES,5387
MLM179740,Salud y Equipamiento Médico > Movilidad > Andaderas,MLM-MEDICAL_WALKERS,3031
MLM435070,Salud y Equipamiento Médico > Movilidad > Ayudas para el Baño > Elevadores de Inodoro,MLM-HEALTH_CARE_SUPPLIES,834
MLM435069,Salud y Equipamiento Médico > Movilidad > Ayudas para el Baño > Otros,MLM-HEALTH_CARE_SUPPLIES,81
MLM189801,Salud y Equipamiento Médico > Movilidad > Ayudas para el Baño > Sillas de Baño,MLM-SHOWER_AND_TOILET_CHAIRS,7763
MLM179741,Salud y Equipamiento Médico > Movilidad > Bastones,MLM-ORTHOPEDIC_CANES,17638
MLM189707,Salud y Equipamiento Médico > Movilidad > Grúas para Pacientes,MLM-PATIENT_LIFTS,243
MLM189405,Salud y Equipamiento Médico > Movilidad > Muletas,MLM-CRUTCHES,3325
MLM30780,Salud y Equipamiento Médico > Movilidad > Otros,MLM-HEALTH_CARE_SUPPLIES,270
MLM191652,Salud y Equipamiento Médico > Movilidad > Sillas de Ruedas y Piezas > Cojines para Silla de Ruedas,MLM-WHEELCHAIR_CUSHIONS,48951
MLM401173,Salud y Equipamiento Médico > Movilidad > Sillas de Ruedas y Piezas > Otros,MLM-HEALTH_CARE_SUPPLIES,18
MLM455811,Salud y Equipamiento Médico > Movilidad > Sillas de Ruedas y Piezas > Piezas para Sillas de Ruedas > Descansabrazos,MLM-WHEELCHAIR_ARMRESTS,5714
MLM455812,Salud y Equipamiento Médico > Movilidad > Sillas de Ruedas y Piezas > Piezas para Sillas de Ruedas > Elevapiernas,MLM-WHEELCHAIR_ELEVATING_LEG_LIFTS,2371
MLM455808,Salud y Equipamiento Médico > Movilidad > Sillas de Ruedas y Piezas > Piezas para Sillas de Ruedas > Otros,MLM-HEALTH_CARE_SUPPLIES,2870
MLM455810,Salud y Equipamiento Médico > Movilidad > Sillas de Ruedas y Piezas > Piezas para Sillas de Ruedas > Ruedas,MLM-WHEELCHAIR_WHEELS,7393
MLM455816,Salud y Equipamiento Médico > Movilidad > Sillas de Ruedas y Piezas > Rampas,MLM-WHEELCHAIR_RAMPS,1400
MLM180929,Salud y Equipamiento Médico > Movilidad > Sillas de Ruedas y Piezas > Sillas de Ruedas,MLM-WHEELCHAIRS,4875
MLM455817,Salud y Equipamiento Médico > Movilidad > Sujetadores de Pacientes,MLM-PATIENT_GAIT_BELTS,9345
MLM174915,Salud y Equipamiento Médico > Ortopedia > Botas Ortopédicas,MLM-ORTHOPEDIC_WALKER_BOOTS,2844
MLM176150,Salud y Equipamiento Médico > Ortopedia > Cabestrillos,MLM-ARM_SLINGS,3412
MLM189435,Salud y Equipamiento Médico > Ortopedia > Coderas,MLM-ELBOW_SUPPORTS,6526
MLM176151,Salud y Equipamiento Médico > Ortopedia > Collarines Cervicales,MLM-CERVICAL_COLLARS,1458
MLM388193,Salud y Equipamiento Médico > Ortopedia > Espalderas,MLM-ORTHOPEDICS,7808
MLM189410,Salud y Equipamiento Médico > Ortopedia > Fajas Lumbares y Abdominales,MLM-LUMBAR_AND_ABDOMINAL_BRACES,3919
MLM189752,Salud y Equipamiento Médico > Ortopedia > Férulas,MLM-SPLINTS,34318
MLM176146,Salud y Equipamiento Médico > Ortopedia > Inmovilizadores de Hombro,MLM-ORTHOPEDIC_SHOULDER_PADS,16764
MLM435257,Salud y Equipamiento Médico > Ortopedia > Musleras y Pantorrilleras,MLM-ORTHOPEDICS,2195
MLM176148,Salud y Equipamiento Médico > Ortopedia > Muñequeras Ortopédicas,MLM-ORTHOPEDIC_WRIST_BRACES,4238
MLM174913,Salud y Equipamiento Médico > Ortopedia > Otros,MLM-ORTHOPEDICS,2207
MLM429675,Salud y Equipamiento Médico > Ortopedia > Podología > Correctores de Juanetes,MLM-BUNION_CORRECTORS,500
MLM432396,Salud y Equipamiento Médico > Ortopedia > Podología > Medias de Compresión,MLM-COMPRESSION_SOCKS,16111
MLM435072,Salud y Equipamiento Médico > Ortopedia > Podología > Otros,MLM-ORTHOPEDICS,157
MLM44116,Salud y Equipamiento Médico > Ortopedia > Podología > Plantillas,MLM-ORTHOTIC_INSERTS,6906
MLM422143,Salud y Equipamiento Médico > Ortopedia > Podología > Protectores de Metatarso,MLM-DANCE_METATARSAL_PROTECTORS,308
MLM193963,Salud y Equipamiento Médico > Ortopedia > Prótesis Mamarias Externas,MLM-EXTERNAL_BREAST_PROSTHESES,3559
MLM168008,Salud y Equipamiento Médico > Ortopedia > Rodilleras Ortopédicas,MLM-ORTHOPEDIC_KNEE_BRACES,34685
MLM189963,Salud y Equipamiento Médico > Ortopedia > Taloneras,MLM-HEEL_CUPS,1664
MLM176149,Salud y Equipamiento Médico > Ortopedia > Tobilleras Ortopédicas,MLM-ORTHOPEDIC_ANKLE_BRACES,16073
MLM187796,Salud y Equipamiento Médico > Otros,MLM-HEALTH_CARE_SUPPLIES,6885
MLM438195,Salud y Equipamiento Médico > Suplementos Alimenticios,MLM-SUPPLEMENTS,107169
MLM194383,Salud y Equipamiento Médico > Terapias Alternativas > Acupuntura > Agujas,MLM-ACUPUNCTURE_NEEDLES,495
MLM417738,Salud y Equipamiento Médico > Terapias Alternativas > Acupuntura > Otros,MLM-ALTERNATIVE_THERAPY_EQUIPMENT,40
MLM417740,Salud y Equipamiento Médico > Terapias Alternativas > Acupuntura > Plantillas,MLM-ALTERNATIVE_THERAPY_EQUIPMENT,61
MLM455942,Salud y Equipamiento Médico > Terapias Alternativas > Acupuntura > Plumas Electrónicas,MLM-ELECTRONIC_ACUPUNCTURE_PENS,2795
MLM409151,Salud y Equipamiento Médico > Terapias Alternativas > Almohadillas Relajantes,MLM-HEATING_PADS,326
MLM146239,Salud y Equipamiento Médico > Terapias Alternativas > Aromaterapia > Aceites Esenciales,MLM-ESSENTIAL_OILS,37875
MLM190914,Salud y Equipamiento Médico > Terapias Alternativas > Aromaterapia > Bombas Efervescentes,MLM-BATH_BOMBS,1881
MLM146240,Salud y Equipamiento Médico > Terapias Alternativas > Aromaterapia > Difusores de Aromas Eléctricos,MLM-ELECTRIC_OIL_DIFFUSERS_HUMIDIFIERS_AND_VAPORIZERS,6703
MLM454744,Salud y Equipamiento Médico > Terapias Alternativas > Aromaterapia > Difusores de Varillas,MLM-REED_DIFFUSERS,1557
MLM454745,Salud y Equipamiento Médico > Terapias Alternativas > Aromaterapia > Hornillos Aromáticos,MLM-AROMATIC_BURNERS,148
MLM146241,Salud y Equipamiento Médico > Terapias Alternativas > Aromaterapia > Otros,MLM-ALTERNATIVE_THERAPY_EQUIPMENT,2061
MLM189723,Salud y Equipamiento Médico > Terapias Alternativas > Aromaterapia > Sales de Baño,MLM-BATH_SALTS,2117
MLM438158,Salud y Equipamiento Médico > Terapias Alternativas > Otros,MLM-ALTERNATIVE_THERAPY_EQUIPMENT,5070
