gtin,producto_catalogo,nombre_catalogo,publicaciones_otros,precio_promedio_otros,precio_mediana_otros,precio_min_otros,precio_max_otros,publicaciones_atipicas,precio_mejor_vendedor,item_mejor_vendedor,vendedor_mejor,ventas_vendedor_mejor,metodo_mejor_vendedor,fecha,nota
7501123013302,MLM40655899,"Bedoyecta-tri Solución 10000 Mcg/100 Mg/50 Mg, 5 Jeringas Prellenadas 2 Ml",18,481.31,450.0,368.55,1223.51,2,420.0,MLM3534416650,FARMACIA INTEGRAL,1529023,vendedor_con_mas_ventas,2026-09-29,
7501058623300,MLM29700725,Leche de fórmula en polvo sin TACC Nestlé Nan Opti pro sabor neutro en lata de 1 de 800g - 6 meses a 1 años,3,345.0,345.0,345.0,1082.0,1,345.0,MLM5844616356,ESENCIA_Y_CUIDADO,83749,vendedor_con_mas_ventas,2026-09-29,
7501058623317,MLM16997456,"NAN 1 Optimal Pro Fórmula Para Lactantes De 0 a 6 Meses, Con Hierro y Probióticos Lata de 800 g",8,445.08,458.0,349.59,1360.03,2,350.0,MLM5811601228,ESENCIA_Y_CUIDADO,83749,vendedor_con_mas_ventas,2026-09-29,
7501318612655,MLM39473264,"Aspirina Protect Tableta 100 Mg, 28 Tabletas",10,287.69,278.28,239.0,434.3,0,262.0,MLM3459331172,FARMACIASWOWOSADECV,32048,vendedor_con_mas_ventas,2026-09-29,
7501034692184,MLM40172306,Jardianz Dpp Tableta 25 Mg/5 Mg 30 Tabletas,14,3184.38,3214.5,1951.0,8689.12,1,3070.0,MLM2182563669,FARMACIA INTEGRAL,1529023,vendedor_con_mas_ventas,2026-09-29,
7501943441804,MLM17379809,Pañales Huggies Supreme Etapa 5 Unisex 36 Piezas,8,777.85,704.06,465.0,1318.0,0,699.0,MLM2252650775,FARMACIAS BS,199720,vendedor_con_mas_ventas,2026-09-29,
7501943445796,MLM17379842,Pañales Huggies Supreme Etapa 6 Unisex 36 Piezas,10,723.4,653.0,490.0,1265.0,0,506.82,MLM3140796086,MERCADOLIBRE CPG_MX,26949522,vendedor_con_mas_ventas,2026-09-29,
7501058623188,MLM16139645,Leche de fórmula en polvo sin TACC Nestlé Nan Optipro 1 en lata de 1 de 400g - 0 a 6 meses,12,212.4,205.0,179.0,549.0,2,188.0,MLM2916899035,TODOSTORE1,105680,vendedor_con_mas_ventas,2026-09-29,
4015630064076,MLM37784929,,,,,,,,,,,,,2026-09-29,sin publicaciones de otros vendedores
8020030091252,MLM39474253,"Vessel Due F Cápsulas 250 LRU, 50 Cápsulas",15,1016.88,960.0,773.0,1874.15,0,830.0,MLM3511057876,FARMACIA INTEGRAL,1529023,vendedor_con_mas_ventas,2026-09-29,
7501943444966,MLM18976117,Pañales Kleenbebé Suavelastic Etapa 5 Unisex 40 Piezas,9,499.05,469.0,261.68,914.0,0,261.68,MLM1464617596,MERCADOLIBRE CPG_MX,26949522,vendedor_con_mas_ventas,2026-09-29,
7501109902866,MLM39455417,"Motrin Suspensión Infantil, 1 Frasco 120 Ml",10,380.97,369.0,279.0,605.68,0,400.0,MLM3659126966,DR.SANITO,184623,vendedor_con_mas_ventas,2026-09-29,
7506425645749,MLM23011505,Pañales KleenBebé Suavelastic Etapa 7 Unisex 40 Piezas,8,597.31,556.5,360.0,1002.0,0,494.0,MLM2422636053,FARMACEUTICADELSURESTE,97568,vendedor_con_mas_ventas,2026-09-29,
7501943441767,MLM17379816,Pañales Huggies Supreme Etapa 4 Unisex 36 Piezas,8,714.53,671.5,383.25,1118.0,0,383.25,MLM3140796084,MERCADOLIBRE CPG_MX,26949522,vendedor_con_mas_ventas,2026-09-29,
7501943444942,MLM42012939,Pañales Kleenbebé Suavelastic Etapa 4 Unisex 44 Piezas,4,361.56,371.5,253.25,450.0,0,253.25,MLM3556287448,MERCADOLIBRE CPG_MX,26949522,vendedor_con_mas_ventas,2026-09-29,
7501943447615,MLM18976308,Pañales Kleenbebé Suavelastic Etapa 6 Unisex 40 Piezas,6,363.49,378.77,269.9,1001.0,1,269.9,MLM1546638914,MERCADOLIBRE CPG_MX,26949522,vendedor_con_mas_ventas,2026-09-29,
7501123013340,MLM45284329,"Bedoyecta Cápsulas De Gelatina Blanda, 30 Cápsulas",16,354.19,324.5,235.0,949.19,2,272.46,MLM3533836716,FARMACEUTICADELSURESTE,97568,vendedor_con_mas_ventas,2026-09-29,
008400009418,MLM39474731,"Ribotripsin Grageas, 30 Grageas",9,538.9,552.0,398.0,664.0,0,577.33,MLM3659187356,FARMACIA PRIXZ,105668,vendedor_con_mas_ventas,2026-09-29,
7590002012468,MLM45287887,"Vicks Vaporub Ungüento, 1 Tarro 50 G",13,173.6,159.07,99.0,285.38,0,159.07,MLM3777060258,FARMACIA PRIXZ,105668,vendedor_con_mas_ventas,2026-09-29,
7501298217659,MLM52121009,"Dolo-neurobion Dc Solución Inyectable, 3 Jeringas Precargadas Doble Cámara 3 Ml",6,912.11,847.82,719.06,1371.98,0,719.06,MLM3833839408,MIALIVIO_FARMA,114074,vendedor_con_mas_ventas,2026-09-29,
7506425664191,,,,,,,,,,,,,,2026-09-29,sin producto de catálogo para el GTIN
1306881054187,,,,,,,,,,,,,,2026-09-29,sin producto de catálogo para el GTIN
7506425604364,MLM17379861,"Huggies Ultraconfort, Pañal Desechable Etapa 6 Niño, 40pzs Género Hombre Talla Grande (G)",5,708.84,696.22,567.0,955.0,0,567.0,MLM2274381419,FARMACEUTICADELSURESTE,97568,vendedor_con_mas_ventas,2026-09-29,
7503007704658,MLM42117810,"Nucleo Cmp Forte Cápsula 5 Mg/3 Mg, 30 Cápsulas",16,694.74,688.0,466.93,1177.11,0,466.93,MLM6305835412,MERCADOLIBRE CPG_MX,26949522,vendedor_con_mas_ventas,2026-09-29,
7501058623195,MLM16997453,Leche de fórmula en polvo sin TACC Nestlé Nan Opti pro en lata de 1 de 400g - 6 meses a 1 años,5,254.75,299.0,195.0,636.0,1,330.0,MLM2274420191,FARMACEUTICADELSURESTE,97568,vendedor_con_mas_ventas,2026-09-29,
7501298223704,MLM40172144,"Dolo-neurobion Tableta 0.25 Mg/50 Mg/50 Mg/50 Mg, 20 Tabletas",10,458.8,443.0,298.9,772.25,0,390.0,MLM3567836238,FARMACIA INTEGRAL,1529023,vendedor_con_mas_ventas,2026-09-29,
7501943434622,MLM36084341,Pañales KleenBebé Suavelastic Etapa 2 Unisex 40 Piezas,9,270.24,250.0,192.91,505.0,1,192.91,MLM2065509609,MERCADOLIBRE CPG_MX,26949522,vendedor_con_mas_ventas,2026-09-29,
7501943444928,MLM58935014,Kleenbebé Suavelastic Etapa 3 Mediano 44 Piezas,1,279.0,279.0,279.0,279.0,0,279.0,MLM5893952256,ABUNDANCIADISTRIBUCIONES,2755,vendedor_con_mas_ventas,2026-09-29,
7501287630926,MLM39473982,"Terramicina Cápsulas 500 Mg, 16 Cápsulas",5,509.76,475.0,372.0,740.81,0,372.0,MLM2425421495,FARMACEUTICADELSURESTE,97568,vendedor_con_mas_ventas,2026-09-29,
7506425604388,MLM17379871,Huggies Ultra Confort pañales etapa 6 niñas XXG 40 unidades,5,684.43,648.84,455.9,2899.0,1,455.9,MLM1325043821,MERCOSUPERMERCADO,648065,vendedor_con_mas_ventas,2026-09-29,
5000174305449,MLM19531168,Pasta Adhesiva Fixodent Original para Dentaduras de 40ml,29,188.67,184.81,119.0,510.0,1,215.0,MLM2848177609,FARMACIAS BS,199720,vendedor_con_mas_ventas,2026-09-29,
736085413359,MLM47537482,Lubricante Ocular Solución oftálmica 10Ml Lagricel PF,11,727.34,769.0,444.0,1331.86,0,467.03,MLM4324234048,MERCADOLIBRE CPG_MX,26949522,vendedor_con_mas_ventas,2026-09-29,
7506425604340,MLM17379866,"Huggies Ultraconfort, Pañal Desechable Etapa 5 Niña, 40pzs Género Mujer Talla Grande (G)",5,677.7,647.4,479.0,913.0,0,479.0,MLM3621739252,FARMACEUTICADELSURESTE,97568,vendedor_con_mas_ventas,2026-09-29,
3662042003059,MLM50964112,Thealoz Duo solución oftálmica gotero con 10 mL - Laboratorios Thea,9,820.55,873.0,630.46,1791.64,1,830.0,MLM2478470905,MIALIVIO_FARMA,114074,vendedor_con_mas_ventas,2026-09-29,
7501058623294,MLM14562941,Nestlé Nan Optimal pro 3 leche de fórmula en polvo sin tac en lata de 1 de 800g,3,569.67,578.0,392.0,739.0,0,392.0,MLM2422622077,FARMACEUTICADELSURESTE,97568,vendedor_con_mas_ventas,2026-09-29,
7501065008473,MLM58916395,"Theraflu Granulado 650 Mg/20 Mg/10 Mg, 10 Sobres",4,309.19,260.0,222.0,494.74,0,222.0,MLM2607122057,FARMACIASWOWOSADECV,32048,vendedor_con_mas_ventas,2026-09-29,
7501249606778,MLM39455911,"Postday Comprimido 1,5 Mg, 1 Comprimido",9,133.66,129.0,82.0,234.07,0,82.0,MLM3659148398,FARMACIASWOWOSADECV,32048,vendedor_con_mas_ventas,2026-09-29,
4015630981977,MLM69334459,Tiras Reactivas De Glucosa Accu Check Performa Caja 50 Pzas,6,546.43,550.0,340.0,732.6,0,410.0,MLM5630358252,FARMACIA INTEGRAL,1529023,vendedor_con_mas_ventas,2026-09-29,
7501008498880,MLM39455468,"Flanax Tableta 550 Mg, 30 Tabletas",4,546.88,568.23,437.84,613.25,0,437.84,MLM5390182958,MERCADOLIBRE CPG_MX,26949522,vendedor_con_mas_ventas,2026-09-29,
7501943474895,MLM19543669,Predoblados Diapro Gel Unitalla 10 Piezas,8,179.38,187.0,119.99,217.55,0,164.0,MLM4008615570,FARMACEUTICADELSURESTE,97568,vendedor_con_mas_ventas,2026-09-29,
7509546054032,MLM21635965,Pasta Dental Colgate Luminous White 22ml De Viaje,4,125.48,137.33,69.5,157.77,0,69.5,MLM4008693246,FARMACEUTICADELSURESTE,97568,vendedor_con_mas_ventas,2026-09-29,
7506425604326,MLM17379849,Huggies Ultraconfort Pañal Desechable Etapa 5 40 Piezas Género Hombre Talla Grande (G),2,815.0,815.0,479.0,1151.0,0,479.0,MLM2274368493,FARMACEUTICADELSURESTE,97568,vendedor_con_mas_ventas,2026-09-29,
7501471800265,MLM40170397,"Panclasa Cápsulas 80 Mg/80 Mg, 20 Cápsulas",11,406.05,399.0,256.0,733.28,0,432.0,MLM2329688607,DR.SANITO,184623,vendedor_con_mas_ventas,2026-09-29,
4015630067084,MLM24516212,Tiras Reactivas Accu-Chek Instant 50 Unidades con 100 Lancetas Color Blanco,,,,,,,,,,,,2026-09-29,catálogo rechazado (otra presentacion): El catálogo es un kit de 50 tiras con 100 lancetas; el producto son 50 tiras
7501298223711,MLM40171448,"Dolo-neurobion Tableta 0.25 Mg/50 Mg/50 Mg/50 Mg, 10 Tabletas",8,337.59,334.0,240.57,509.48,0,240.57,MLM2350603025,FARMACIA PRIXZ,105668,vendedor_con_mas_ventas,2026-09-29,
7501943498815,MLM38429330,Pañales Kleenbebé Suavelastic Etapa 1 Unisex 40 Piezas,9,190.48,231.0,127.4,489.0,2,127.4,MLM3546545612,MERCADOLIBRE CPG_MX,26949522,vendedor_con_mas_ventas,2026-09-29,
3662042003240,MLM50963712,Hyabak 10 mL solución gotero - Laboratorios Thea,7,681.6,679.0,498.0,855.18,0,790.0,MLM2351414755,FARMACIASWOWOSADECV,32048,vendedor_con_mas_ventas,2026-09-29,
7506425604302,MLM17379869,Pañales Huggies UltraConfort Etapa 4 niñas G,3,713.07,610.21,458.0,1071.0,0,458.0,MLM2274368473,FARMACEUTICADELSURESTE,97568,vendedor_con_mas_ventas,2026-09-29,
7501034630124,MLM40169652,"Jardianz Duo Tableta 12,5 Mg/850 Mg, 60 Tabletas",8,2039.81,1956.0,1727.0,5465.8,1,2120.0,MLM3054282261,FARMACIA INTEGRAL,1529023,vendedor_con_mas_ventas,2026-09-29,
7506425600007,MLM58752506,Pañales Huggies Ultraconfort Recién Nacido Unisex 44 Piezas,9,262.37,235.0,193.12,498.99,1,193.12,MLM4159432330,MERCADOLIBRE CPG_MX,26949522,vendedor_con_mas_ventas,2026-09-29,
7501300450210,,,,,,,,,,,,,,2026-09-29,sin producto de catálogo para el GTIN
7501298221403,MLM40172270,"Dolo-neurobion Forte Tableta 1 Mg/50 Mg/50 Mg/50 Mg, 30 Tabletas",9,713.75,710.0,408.0,1304.74,0,685.99,MLM3659070704,MIALIVIO_FARMA,114074,vendedor_con_mas_ventas,2026-09-29,
7501008497340,MLM47333646,Naproxeno sódico 550Mg 12 Tabletas Flanax,12,340.5,346.87,184.83,566.42,0,198.32,MLM3642314398,MERCADOLIBRE CPG_MX,26949522,vendedor_con_mas_ventas,2026-09-29,
7501159526029,MLM47334148,Eucaliptine Solucion Inyectable 100 Mg Caja C/10 Ampolletas,9,545.73,487.0,461.0,969.78,0,461.0,MLM2338892755,FARMACEUTICADELSURESTE,97568,vendedor_con_mas_ventas,2026-09-29,
7501298217635,MLM40998724,"Dolo-neurobion Forte Dc Solución Inyectable, 1 Jeringa Precargada Doble Cámara 3 Ml + Aguja Desechable",7,591.61,564.95,429.0,892.84,0,429.0,MLM2350602371,MIALIVIO_FARMA,114074,vendedor_con_mas_ventas,2026-09-29,
7501943433090,MLM17379867,Pañales Huggies Ultraconfort etapa 2 unisex 40 piezas,3,414.09,430.17,360.0,452.1,0,360.0,MLM2274317133,FARMACEUTICADELSURESTE,97568,vendedor_con_mas_ventas,2026-09-29,
7501165005624,MLM39475976,"Neuroflax Solución Inyectable 20 Mg/4 Mg, 3 Frascos Ámpula + 3 Ampolletas Diluyente 4 Ml",9,1738.19,1582.16,1350.0,3031.26,0,1503.28,MLM3464960574,FARMACIA PRIXZ,105668,vendedor_con_mas_ventas,2026-09-29,
7501298217703,MLM39474643,"Dexabion Doble Cámara, 3 Jeringas Prellenadas 3 Ml",7,754.78,720.0,599.0,1185.9,0,599.0,MLM5479757936,MIALIVIO_FARMA,114074,vendedor_con_mas_ventas,2026-09-29,
7506425604289,MLM17379872,"Huggies Ultraconfort, Pañal Desechable Etapa 4 Niño 40 U Género Hombre Talla Mediano (M)",2,764.5,764.5,458.0,1071.0,0,458.0,MLM2274420155,FARMACEUTICADELSURESTE,97568,vendedor_con_mas_ventas,2026-09-29,
7501070612368,MLM40172770,TREDA | Antidiarreico | Neomicina | adulto | 20 Tabletas,14,224.32,236.18,141.0,542.81,1,141.0,MLM3777058718,MERCADOLIBRE CPG_MX,26949522,vendedor_con_mas_ventas,2026-09-29,
7506425662920,MLM48937609,Pañales Huggies Ultraconfort Etapa 7 Niño 40 Piezas,4,834.16,806.33,725.0,999.0,0,853.65,MLM3071871103,PROBEMEDIC,18332,vendedor_con_mas_ventas,2026-09-29,
7501868900134,MLM19639133,Gasa Simple Esteril Dibar 10x10 Cm Sobre Gde Caja 100 Piezas,7,263.92,250.0,190.0,440.0,0,190.0,MLM3487059460,FARMACIA INTEGRAL,1529023,vendedor_con_mas_ventas,2026-09-29,
736085905373,MLM47401608,"Krytantek Ofteno solución oftálmica 2%/0.5%/0.2%, frasco gotero 5 mL",7,1374.43,1190.0,1174.14,2341.85,0,1190.0,MLM2292381651,MIALIVIO_FARMA,114074,vendedor_con_mas_ventas,2026-09-29,
7506425608867,MLM22031540,Huggies Supreme Toallitas Húmedas Para Bebe C/80 2 Pack,11,222.5,206.67,139.0,305.0,0,148.0,MLM2422570267,FARMACEUTICADELSURESTE,97568,vendedor_con_mas_ventas,2026-09-29,
7501943441705,MLM17379811,Pañales Huggies Supreme Etapa 2 Unisex 40 Piezas,15,387.49,399.0,284.0,878.0,1,291.6,MLM2251589939,MERCADOLIBRE CPG_MX,26949522,vendedor_con_mas_ventas,2026-09-29,
7501314701827,MLM39474259,"Ciproflox Cápsulas 500 Mg, 12 Cápsulas",6,903.62,794.5,708.3,1496.42,0,708.3,MLM2425447371,FARMACEUTICADELSURESTE,97568,vendedor_con_mas_ventas,2026-09-29,
7501165000230,MLM39476184,Neo-Melubrina Tratamiento de Dolor intenso y Fiebre 10 Tabletas de 500 mg. Fórmula con Metamizol Sódico. 100 Años de Eficacia y Seguridad,16,165.55,164.5,92.0,208.29,0,92.55,MLM5258830370,MERCADOLIBRE CPG_MX,26949522,vendedor_con_mas_ventas,2026-09-29,
7501298265100,MLM45287653,"Neurobion Tabletas 100 Mg/5 Mg/50 Mcg, 60 Tabletas",10,765.52,707.07,659.0,1264.89,0,659.0,MLM2222091867,MIALIVIO_FARMA,114074,vendedor_con_mas_ventas,2026-09-29,
7501943488922,MLM19532240,Pañales Kleenbebé Absorsec Etapa 6 Unisex 40 Piezas,1,285.0,285.0,285.0,285.0,0,285.0,MLM2422532453,FARMACEUTICADELSURESTE,97568,vendedor_con_mas_ventas,2026-09-29,
7501300407047,MLM39455774,"Febrax Tableta 275 Mg/300 Mg, 15 Tabletas",15,307.36,281.0,259.0,580.0,1,260.0,MLM3139369705,MIALIVIO_FARMA,114074,vendedor_con_mas_ventas,2026-09-29,
7501871721214,MLM66585560,Novovartalon Glucosamina/meloxicam 30 Sobres Individuales,8,1369.26,1409.5,925.0,1604.0,0,1199.0,MLM6165115110,JUGUETERIA BIG-BOSS,117218,vendedor_con_mas_ventas,2026-09-29,
7501298221397,MLM45287873,"Neurobion Tabletas 100 Mg/5 Mg/50 Mcg, 30 Tabletas",9,445.8,420.0,299.0,809.53,0,299.0,MLM3440897696,JUGUETERIA BIG-BOSS,117218,vendedor_con_mas_ventas,2026-09-29,
7506425604265,MLM17379859,Huggies Ultraconfort Pañal Desechable Etapa 3 Niña 40 U Género Mujer Talla Mediano (M),4,377.36,431.03,270.0,923.0,1,383.0,MLM2274329801,FARMACEUTICADELSURESTE,97568,vendedor_con_mas_ventas,2026-09-29,
7501101623769,MLM45356692,"Tiaminal B12 50,000 Inyectable | Complejo B | 10 ml",6,682.63,623.88,474.0,1113.33,0,474.0,MLM5286899482,MERCADOLIBRE CPG_MX,26949522,vendedor_con_mas_ventas,2026-09-29,
7506425604241,MLM17379865,Pañal Desechable Huggies Ultraconfort Etapa 3 Niño 40 Piezas Género Hombre Talla Mediano (M),4,389.12,443.68,280.0,923.0,1,383.0,MLM2274407311,FARMACEUTICADELSURESTE,97568,vendedor_con_mas_ventas,2026-09-29,
7501088509773,MLM79734670,Antiflu-Des. Antigripal para Aliviar los Síntomas de la Gripe y el Resfriado. Con 24 cápsulas,1,205.0,205.0,205.0,205.0,0,205.0,MLM6280286820,GOVAFAR,810,vendedor_con_mas_ventas,2026-09-29,
7506425662906,MLM48937425,Pañales Huggies Ultraconfort Etapa 7 Niña 40 Piezas,3,861.0,825.0,759.0,999.0,0,825.0,MLM4476005162,PROBEMEDIC,18332,vendedor_con_mas_ventas,2026-09-29,
7501037925579,MLM40172261,Trayenta Linagliptina 5 mg caja con 30 tabletas,10,1086.29,1034.0,800.0,5281.88,3,1069.0,MLM3872268672,FARMA SMART,24853,vendedor_con_mas_ventas,2026-09-29,
7501287630506,MLM39476126,"Terramicina Tableta 125 Mg, 24 Trociscos",5,376.31,339.0,290.0,546.52,0,290.0,MLM2225197195,FARMACIASWOWOSADECV,32048,vendedor_con_mas_ventas,2026-09-29,
7501318673205,MLM39473281,"Aspirina Protect Tableta 100 Mg, 84 Tabletas",14,512.14,531.42,310.0,942.77,0,316.0,MLM5626366168,MERCADOLIBRE CPG_MX,26949522,vendedor_con_mas_ventas,2026-09-29,
7590002012475,MLM39455712,Vick VapoRub Tarro 100g,10,249.5,244.5,182.0,559.04,1,185.0,MLM2160358999,FARMACIA INTEGRAL,1529023,vendedor_con_mas_ventas,2026-09-29,
7501314701711,MLM39475615,"Fosfocil Solución Inyectable Im Adulto 1 G, 1 Frasco Ámpula + 1 Ampolleta Diluyente 4 Ml",2,662.46,662.46,519.0,805.93,0,519.0,MLM4166945540,FARMACIASWOWOSADECV,32048,vendedor_con_mas_ventas,2026-09-29,
7730979097192,MLM39472538,"Asoflon-duo Cápsula 0,5 Mg/0,4 Mg, 30 Cápsulas",14,1192.97,1218.85,916.0,2935.23,1,1105.0,MLM3530686068,FARMACIA INTEGRAL,1529023,vendedor_con_mas_ventas,2026-09-29,
7501300408556,MLM39472436,"Dorixina Relax Comprimidos Recubiertos, 20 Comprimidos",14,734.05,763.5,484.0,1620.12,1,717.0,MLM3620078534,FARMACIAS BS,199720,vendedor_con_mas_ventas,2026-09-29,
7501165010826,MLM45287927,Enterogermina Suspensión de Bacillus Clausii con 4 Billones de UFC de Probióticos 10 Ampolletas de 5 ml. Alivia la Diarrea para Niños y Adultos,14,608.52,653.34,312.13,1148.72,0,312.13,MLM2763918754,MERCADOLIBRE CPG_MX,26949522,vendedor_con_mas_ventas,2026-09-29,
7501943416864,MLM17379822,Pañales Huggies Supreme Etapa 1 Unisex 40 Piezas,7,459.24,505.42,260.0,2017.91,1,377.0,MLM2422571397,FARMACEUTICADELSURESTE,97568,vendedor_con_mas_ventas,2026-09-29,
7501300407160,MLM64566415,Vodelan 500/100 Mg Caja 14 Tab (a),5,983.2,833.0,650.0,1580.0,0,833.0,MLM4693032290,FARMACEUTICADELSURESTE,97568,vendedor_con_mas_ventas,2026-09-29,
7501125116810,MLM39455729,"Agrifen Tabletas, 10 Tabletas",15,46.77,44.99,29.0,199.0,3,29.8,MLM4151414550,AXOFARMA,47410,vendedor_con_mas_ventas,2026-09-29,
7501314701766,MLM39472539,"Fosfocil Cápsulas 500 Mg, 12 Cápsulas",5,731.48,672.0,516.0,1154.4,0,516.0,MLM2425395481,FARMACEUTICADELSURESTE,97568,vendedor_con_mas_ventas,2026-09-29,
7501298217130,MLM40172097,"Dabex Xr Tabletas De Liberación Prolongada 1000 Mg, 30 Tabletas",5,1089.6,971.0,827.0,1753.98,0,971.0,MLM2274329441,FARMACEUTICADELSURESTE,97568,vendedor_con_mas_ventas,2026-09-29,
7891317019815,MLM42479494,"Venalot Depot Tableta De Liberación Prolongada 180 Mg/30 Mg, 30 Tabletas",10,765.76,761.83,584.1,938.03,0,639.0,MLM3570011254,MIALIVIO_FARMA,114074,vendedor_con_mas_ventas,2026-09-29,
7501092793045,MLM61373764,"Riopan gel 80 mg/10 mg/ml, 20 sobres - Takeda méxico, s.a. de c.v.",11,441.05,414.0,358.0,695.31,0,404.91,MLM2572202457,FARMACIA PRIXZ,105668,vendedor_con_mas_ventas,2026-09-29,
7501314701773,MLM39476320,"Fosfocil Gu Granulado 3 G, 1 Sobre",8,703.08,645.5,475.92,1256.69,0,475.92,MLM2425357041,FARMACEUTICADELSURESTE,97568,vendedor_con_mas_ventas,2026-09-29,
7501298221823,MLM40170169,"Neurobion Dc Solución Inyectable 100 Mg/100 Mg/10 Mg, 3 Jeringas Precargadas Doble Cámara 2 Ml",7,709.68,671.69,564.0,1065.95,0,684.75,MLM3466085934,FARMACIA PRIXZ,105668,vendedor_con_mas_ventas,2026-09-29,
7506425648634,MLM37649199,Pañal Kleenbebe Recién Nacido 20 Piezas,4,146.0,147.0,120.0,170.0,0,120.0,MLM3621739212,FARMACEUTICADELSURESTE,97568,vendedor_con_mas_ventas,2026-09-29,
7501001258023,MLM39455663,Pepto Bismol sabor original 262mg 100 tabletas,6,648.9,608.07,486.5,953.75,0,486.5,MLM3531355140,MERCADOLIBRE CPG_MX,26949522,vendedor_con_mas_ventas,2026-09-29,
1306881052206,MLM29010145,Scarpett K Sabor Sin Sabor,2,158.0,158.0,156.0,160.0,0,156.0,MLM2491981327,FARMACIA_DIGITAL,29498,vendedor_con_mas_ventas,2026-09-29,
7506205809316,MLM9344482,Fórmula Infantil Enfamil 0 A 12 Meses Lata 800 G Natural,6,746.25,742.51,600.0,1764.86,1,668.71,MLM878194473,MERCADOLIBRE CPG_MX,26949522,vendedor_con_mas_ventas,2026-09-29,
7501089804099,MLM40655980,"Autrin 600 Tableta, 36 Tabletas",19,653.45,649.0,428.0,1205.51,0,448.0,MLM2470782565,MERCADOLIBRE CPG_MX,26949522,vendedor_con_mas_ventas,2026-09-29,
7501300420220,MLM39474519,"Dorixina-flam Tableta 250 Mg/50 Mg, 14 Tabletas",9,774.86,722.0,642.0,1320.74,0,642.0,MLM3494663654,MIALIVIO_FARMA,114074,vendedor_con_mas_ventas,2026-09-29,
7501943441729,MLM17379814,Pañales Huggies Supreme etapa 3 unisex 36 piezas,12,457.94,447.0,300.0,1116.0,1,329.0,MLM3313379304,MERCADOLIBRE CPG_MX,26949522,vendedor_con_mas_ventas,2026-09-29,
7501298214986,MLM40172618,"Dolo-neurobion Forte Tableta 1 Mg/50 Mg/50 Mg/50 Mg, 10 Tabletas",10,429.01,410.87,340.0,639.73,0,359.0,MLM2202448405,MIALIVIO_FARMA,114074,vendedor_con_mas_ventas,2026-09-29,
7501165011601,MLM40172340,Buscapina Compositum con Hioscina 10 mg / Metamizol Sódico 250 mg 36 Tabletas. Vía de Administración Oral. Venta con Receta Médica,10,699.96,696.03,426.41,1306.32,0,426.41,MLM5193999618,MERCADOLIBRE CPG_MX,26949522,vendedor_con_mas_ventas,2026-09-29,
7501058714312,MLM39455909,"Tempra Solución 100 Mg/ml, 1 Frasco Gotero 30 Ml",8,272.44,260.5,208.0,470.81,0,252.0,MLM3533785802,FARMACEUTICADELSURESTE,97568,vendedor_con_mas_ventas,2026-09-29,
7501943454743,MLM19937824,Toallitas Húmedas Huggies Cuidado Hidratante 80 Piezas,12,163.46,147.5,89.0,289.0,0,89.0,MLM2422544229,FARMACEUTICADELSURESTE,97568,vendedor_con_mas_ventas,2026-09-29,
7501417007666,MLM57098464,Carbonato De Magnesio Tabletas Sin Sabor Gluten Free 3 Bolsas 7g,1,126.75,126.75,126.75,126.75,0,126.75,MLM2460214719,FARMACIA INTEGRAL,1529023,vendedor_con_mas_ventas,2026-09-29,
7506295337454,MLM24826830,Prueba De Embarazo Clearblue Confirmación Digital 1 Unidad,10,428.66,369.5,279.0,874.0,1,307.88,MLM1946303585,FARMACIA INTEGRAL,1529023,vendedor_con_mas_ventas,2026-09-29,
7730979094092,MLM39472479,"Asoflon Lp Cápsula 0,4 Mg, 30 Cápsulas",10,1943.33,1765.72,1386.0,3417.88,0,1778.02,MLM3534567598,MIALIVIO_FARMA,114074,vendedor_con_mas_ventas,2026-09-29,
7501008493007,MLM39455400,Vagitrol-V | Óvulos Vaginales | Metronidazol | 10pz,16,609.09,639.0,370.0,1222.52,0,427.51,MLM5552747732,MERCADOLIBRE CPG_MX,26949522,vendedor_con_mas_ventas,2026-09-29,
7501050610704,MLM39475038,"Diprospan Hypak Suspensión Inyectable 5 Mg/2 Mg/ml, 1 Jeringa Prellenada 1 Ml",15,970.41,899.0,845.0,1956.0,1,906.23,MLM2202476059,MIALIVIO_FARMA,114074,vendedor_con_mas_ventas,2026-09-29,
7501058714305,MLM45410762,"Tempra Jarabe 3,2 G/100 Ml, 1 Frasco 120 Ml + Dosificador",10,263.68,258.0,219.0,536.72,1,232.06,MLM3744539222,FARMACIA PRIXZ,105668,vendedor_con_mas_ventas,2026-09-29,
7501033954078,MLM27160470,Ensure Ml Fresa 237 Ml,5,160.6,190.0,64.98,199.0,0,64.98,MLM2626273889,GRUPO AGNEZ,488525,vendedor_con_mas_ventas,2026-09-29,
75020286,MLM45284111,"Similaxol 78 Tableta 100 Mg, 50 Tabletas",10,127.57,113.75,76.5,199.0,0,78.8,MLM2234806467,FARMACIA INTEGRAL,1529023,vendedor_con_mas_ventas,2026-09-29,
7501250838939,MLM39473906,"Vasculflow Tableta 250 Mg/225 Mg/25 Mg, 30 Tabletas",10,1189.19,1140.9,918.16,2089.01,0,1172.04,MLM2185894353,FARMACIA PRIXZ,105668,vendedor_con_mas_ventas,2026-09-29,
736085405422,MLM39455403,"Splash Tears Solución Oftálmica, 1 Frasco Gotero 15 Ml",13,263.55,224.0,150.9,445.0,0,150.9,MLM5438866392,MERCADOLIBRE CPG_MX,26949522,vendedor_con_mas_ventas,2026-09-29,
7501098610025,MLM40171883,"Xigduo Xr Tabletas 10 Mg/1000 Mg, 28 Tabletas",9,1672.86,2090.0,1063.0,4270.44,2,1088.0,MLM6229222984,JUGUETERIA BIG-BOSS,117218,vendedor_con_mas_ventas,2026-09-29,
780083140922,MLM54970885,Ampigrin Ampicilina Solución Inyectable 500mg,9,175.09,170.0,150.0,442.0,1,170.0,MLM4047909222,FARMACIA INTEGRAL,1529023,vendedor_con_mas_ventas,2026-09-29,
7501033956140,MLM29010560,Suplemento Líquido Glucerna de 237 mL Sin Sabor,1,184.0,184.0,184.0,184.0,0,184.0,MLM5729688726,FARMACIAVYSALUD,6373,vendedor_con_mas_ventas,2026-09-29,
5415062392317,MLM47286278,"Terramicina Pomada Oftálmica 5 Mg/10000 Ui, 1 Tubo 10 G",8,274.45,269.0,212.0,450.86,0,269.0,MLM4453989176,FARMACIAS BS,199720,vendedor_con_mas_ventas,2026-09-29,
7501871720620,MLM60738508,Geslutin Cápsula 200 Mg Caja Con 15 Cápsulas,10,795.3,868.0,507.0,1820.89,1,778.0,MLM4368148070,FARMACIA INTEGRAL,1529023,vendedor_con_mas_ventas,2026-09-29,
7506425658954,,,,,,,,,,,,,,2026-09-29,sin producto de catálogo para el GTIN
7501092793052,MLM53584729,"Riopan Magaldrato Dimeticona gel antiácido 10 sobres de 10mL - Takeda méxico, s.a. de c.v.",13,197.46,192.0,166.0,515.0,2,192.0,MLM3039587305,AXOFARMA,47410,vendedor_con_mas_ventas,2026-09-29,
7501314706228,MLM48917776,"Viternum Dihexazina 2.4 % jarabe, frasco 140 mL",5,610.59,551.14,515.79,890.02,0,515.79,MLM3777060782,FARMACIA PRIXZ,105668,vendedor_con_mas_ventas,2026-09-29,
7501318645080,MLM40927547,"Canesten V Crema 2 %, 1 Tubo 20 G",10,206.42,207.5,160.0,425.68,1,160.0,MLM3777061192,MERCADOLIBRE CPG_MX,26949522,vendedor_con_mas_ventas,2026-09-29,
1306881057065,,,,,,,,,,,,,,2026-09-29,sin producto de catálogo para el GTIN
736085132069,MLM39455453,"Nazil Ofteno Solución Oftálmica 1 Mg/ml, 1 Frasco Gotero 15 Ml",7,145.7,149.0,105.0,199.0,0,105.0,MLM2486474231,FARMACIASWOWOSADECV,32048,vendedor_con_mas_ventas,2026-09-29,
7501001246563,MLM39455675,"Vicks Vaporub Ungüento, 40 Latas 12 G",4,1823.2,1530.06,1442.0,2790.67,0,1442.0,MLM3621738958,FARMACEUTICADELSURESTE,97568,vendedor_con_mas_ventas,2026-09-29,
650240017094,MLM39455513,Cápsulas gripe-tos 12 unidades Xl-3 xtra,16,105.62,105.0,53.46,199.0,0,57.0,MLM3408996048,MERCADOLIBRE CPG_MX,26949522,vendedor_con_mas_ventas,2026-09-29,
75004996,MLM39455816,"Espaven Pediátrico Suspensión Gotas, 1 Frasco Gotero 30 Ml",20,360.07,387.5,245.0,803.28,1,245.0,MLM2350603681,DR.SANITO,184623,vendedor_con_mas_ventas,2026-09-29,
7501109902637,MLM39455851,"Motrin Suspensión 4 G, 1 Frasco Gotero 15 Ml + Pipeta Dosificadora",5,184.75,194.0,170.0,395.04,1,170.0,MLM2486475541,FARMACIASWOWOSADECV,32048,vendedor_con_mas_ventas,2026-09-29,
7501086453221,MLM23020228,Enjuague Bucal Oral B para Gingivitis 350ml,22,397.39,378.05,202.0,1046.0,1,202.0,MLM2444261520,MERCADOLIBRE CPG_MX,26949522,vendedor_con_mas_ventas,2026-09-29,
7501293201936,MLM45356714,"Histofil Tabletas 4000 Ui, 60 Tabletas",7,501.17,495.0,445.0,580.0,0,470.0,MLM3777056742,FARMACIA INTEGRAL,1529023,vendedor_con_mas_ventas,2026-09-29,
7501098610032,MLM40171905,"Xigduo Xr Tabletas 5 Mg/1000 Mg, 28 Tabletas",14,1222.31,1156.18,999.0,2255.73,0,1029.0,MLM3492296854,MIALIVIO_FARMA,114074,vendedor_con_mas_ventas,2026-09-29,
7501300420916,MLM39474866,"Clendix Cápsulas 300 Mg, 16 Cápsulas",4,714.25,695.5,692.0,774.0,0,692.0,MLM4013030968,FARMACEUTICADELSURESTE,97568,vendedor_con_mas_ventas,2026-09-29,
7501070903695,MLM39472442,"Libertrim Sii Comprimido 200 Mg/75 Mg, 24 Comprimidos",15,1056.27,1039.86,608.0,2048.74,0,1039.86,MLM2204121111,MIALIVIO_FARMA,114074,vendedor_con_mas_ventas,2026-09-29,
799192067426,MLM52899096,Promo Pack Glucómetro Accu-Chek Instant + Softclix kit + 50 tiras reactivas,6,940.06,866.15,818.0,1138.0,0,818.0,MLM4471190996,MERCADOLIBRE CPG_MX,26949522,vendedor_con_mas_ventas,2026-09-29,
7501124182878,MLM40655147,"Libertrim Alfa Comprimido 200 Mg/75 Mg/45 Mg, 24 Comprimidos",12,893.96,914.76,655.0,1049.0,0,924.52,MLM3494708270,MIALIVIO_FARMA,114074,vendedor_con_mas_ventas,2026-09-29,
7501298281407,MLM39455655,"Sedalmerck Tableta 50 Mg/5 Mg/500 Mg, 200 Tabletas",1,869.0,869.0,869.0,869.0,0,869.0,MLM6171242050,ABUNDANCIADISTRIBUCIONES,2755,vendedor_con_mas_ventas,2026-09-29,
7501298234908,MLM40655924,"Eutirox Tabletas 50 Mcg, 50 Tabletas",10,475.11,474.63,354.0,823.78,0,375.0,MLM2238514611,FARMACIA INTEGRAL,1529023,vendedor_con_mas_ventas,2026-09-29,
7501092793038,MLM39455585,"Riopan Gel 80 Mg/10 Mg/ml, 1 Frasco 250 Ml",10,503.69,471.58,414.0,785.19,0,436.59,MLM3777058688,FARMACIA PRIXZ,105668,vendedor_con_mas_ventas,2026-09-29,
7501008433515,MLM40244234,"Cafiaspirina Tableta 500 Mg/30 Mg, 100 Tabletas",6,172.26,175.16,130.0,391.11,1,130.0,MLM4185641830,MERCADOLIBRE CPG_MX,26949522,vendedor_con_mas_ventas,2026-09-29,
7501008427347,MLM45287526,"Bepanthen Pomada 5%, 1 Tubo de 30 G",11,116.88,100.05,65.0,199.0,0,65.0,MLM5390183046,MERCADOLIBRE CPG_MX,26949522,vendedor_con_mas_ventas,2026-09-29,
7501007532387,MLM40172095,"Microlax Suspensión Rectal, 4 Microenemas 5 Ml",11,313.49,272.0,250.0,522.62,0,272.0,MLM2193700991,FARMACIA PRIXZ,105668,vendedor_con_mas_ventas,2026-09-29,
7501033956126,MLM19699900,Proteína Glucerna en líquido sabor Vainilla x 237mL,8,142.97,150.5,74.0,200.0,0,74.0,MLM4419347378,GRUPO AGNEZ,488525,vendedor_con_mas_ventas,2026-09-29,
3594450170071,MLM39475603,"Daflon Suspensión Oral 900 Mg/100 Mg, 30 Sobres 10 Ml",8,1517.21,1586.05,1190.0,1653.0,0,1355.0,MLM3659212940,FARMACIA INTEGRAL,1529023,vendedor_con_mas_ventas,2026-09-29,
7501033954085,MLM26094708,Suplemento Alimenticio Ensure Vainilla 237 Ml Vainilla,8,155.07,162.31,64.98,200.0,0,64.98,MLM2626301987,GRUPO AGNEZ,488525,vendedor_con_mas_ventas,2026-09-29,
7501298234601,MLM66530837,Eutirox 100 Mcg Caja Con 50 Tabletas,6,761.33,828.0,475.0,999.0,0,545.0,MLM3042202675,FARMACIA INTEGRAL,1529023,vendedor_con_mas_ventas,2026-09-29,
7501034664082,MLM40170132,"Jardianz Duo Tableta 12,5 Mg/1000 Mg, 60 Tabletas",3,3522.34,2758.23,2343.0,5465.8,0,2343.0,MLM2210921355,FARMACIA INTEGRAL,1529023,vendedor_con_mas_ventas,2026-09-29,
7501008499689,,,,,,,,,,,,,,2026-09-29,sin producto de catálogo para el GTIN
736085410808,MLM39473490,Humylub PF Ofteno 1.8 mg/1mg/ml Frasco con 10 Ml,10,723.0,696.5,468.0,1330.57,0,587.02,MLM4473045906,MERCADOLIBRE CPG_MX,26949522,vendedor_con_mas_ventas,2026-09-29,
7501070635596,MLM39473875,"A.s. Cor Solución 1 G, 1 Frasco Gotero 24 Ml",12,608.91,573.11,402.55,1116.79,0,573.21,MLM3777057210,FARMACIA PRIXZ,105668,vendedor_con_mas_ventas,2026-09-29,
020800753067,MLM40243609,"Pepto Bismol Suspensión, 1 Frasco 118 Ml",9,182.11,151.0,127.0,280.0,0,144.07,MLM2350603565,FARMACIA PRIXZ,105668,vendedor_con_mas_ventas,2026-09-29,
7501033954061,MLM40860977,Suplemento Alimenticio Ensure Sabor Chocolate 237 Ml,6,160.71,174.5,64.98,199.0,0,64.98,MLM2626236495,GRUPO AGNEZ,488525,vendedor_con_mas_ventas,2026-09-29,
7501868900127,MLM25803905,Gasas Estériles Dibar Absorbentes 10x10cm 1 Pack De 10 Pzs,3,78.68,64.99,56.05,114.99,0,56.05,MLM2404651698,MEDICOM ANDBEYOND,72959,vendedor_con_mas_ventas,2026-09-29,
7503007704597,MLM40170669,"Hidrasec Cápsulas 100 Mg, 9 Cápsulas",10,474.04,451.0,333.0,798.72,0,379.0,MLM3497682142,MIALIVIO_FARMA,114074,vendedor_con_mas_ventas,2026-09-29,
7501070615277,MLM39476063,"Daflon Tabletas 450 Mg / 50 Mg, 20 Tabletas",10,721.38,745.0,499.0,1678.67,1,499.0,MLM2200843083,MIALIVIO_FARMA,114074,vendedor_con_mas_ventas,2026-09-29,
7501868900257,MLM21519467,Alcohol Etílico 96° Tapa Roja Caja Con 12 Litros,,,,,,,,,,,,2026-09-29,sin publicaciones de otros vendedores
7501314704057,MLM40170257,"Unival Suspensión Oral 20 G/100 Ml, 1 Frasco 230 Ml",10,670.51,608.0,575.0,1106.91,0,579.0,MLM2204079645,MIALIVIO_FARMA,114074,vendedor_con_mas_ventas,2026-09-29,
7501008433676,MLM39455683,"Cafiaspirina Tableta 500 Mg/30 Mg, 40 Tabletas",8,83.05,91.48,55.0,199.0,1,56.16,MLM2156609691,MERCADOLIBRE CPG_MX,26949522,vendedor_con_mas_ventas,2026-09-29,
7501943416178,MLM17379855,Pañales Huggies Supreme Recién Nacido Unisex 40 Piezas,15,405.16,401.24,221.34,1889.1,2,221.34,MLM2339523327,MERCADOLIBRE CPG_MX,26949522,vendedor_con_mas_ventas,2026-09-29,
7502235760139,MLM21453725,Regenesis Max Caja Con 30 Cápsulas,12,776.15,719.64,620.0,1148.85,0,636.05,MLM1834319950,FARMACIA PRIXZ,105668,vendedor_con_mas_ventas,2026-09-29,
7501022101155,MLM39455725,"Reumophan Tableta 250 Mg/50 Mg, 20 Tabletas",2,287.93,287.93,219.0,356.86,0,219.0,MLM4166891736,FARMACIASWOWOSADECV,32048,vendedor_con_mas_ventas,2026-09-29,
7500435181402,MLM39455689,"Sedalmerck Tableta 50 Mg/5 Mg/500 Mg, 40 Tabletas",3,371.95,356.2,315.0,444.64,0,356.2,MLM2742781309,VITAUMEDICALSAPIDECV,26045,vendedor_con_mas_ventas,2026-09-29,
7501008498798,MLM68820573,Bepanthen Pomada Regeneradora De Piel - Tubo Con 30 G,5,106.91,110.0,68.0,165.0,0,68.0,MLM1878466185,MERCADOLIBRE CPG_MX,26949522,vendedor_con_mas_ventas,2026-09-29,
7501125106231,MLM39475878,"Cefaxona I.m. Solución Inyectable 1 G/3,5 Ml, 1 Frasco Ámpula + 1 Ampolleta Solvente 3,5 Ml",5,417.43,480.0,316.0,963.19,1,480.0,MLM2425498775,FARMACEUTICADELSURESTE,97568,vendedor_con_mas_ventas,2026-09-29,
650240017100,MLM39455622,Caja 24 Tableta 3 Mg/50 Mg/375 Mg Xl-3 vr,7,215.24,233.37,140.18,299.0,0,233.37,MLM3658630778,DR.SANITO,184623,vendedor_con_mas_ventas,2026-09-29,
7501390911028,MLM45284071,"Italdermol Gasas, 10 Gasas Estériles 4 G",7,1230.08,1155.95,1020.35,2010.62,0,1020.35,MLM4253913416,MIALIVIO_FARMA,114074,vendedor_con_mas_ventas,2026-09-29,
7501314702640,MLM39476073,"Flumil Solución 75 G/75 G/2 G, 1 Frasco Gotero 25 Ml",8,578.85,518.78,470.0,965.26,0,538.56,MLM3466069672,FARMACIA PRIXZ,105668,vendedor_con_mas_ventas,2026-09-29,
7501017372751,MLM18976265,Pañales Kleenbebé Absorsec Etapa 4 Unisex 40 Piezas,3,252.93,280.0,189.78,289.0,0,189.78,MLM2131394095,MERCADOLIBRE CPG_MX,26949522,vendedor_con_mas_ventas,2026-09-29,
7501314701322,MLM45287638,"Biomics Cápsula 400 Mg, 6 Cápsulas",6,1156.06,1169.0,961.2,2576.44,1,1086.12,MLM4013031010,FARMACEUTICADELSURESTE,97568,vendedor_con_mas_ventas,2026-09-29,
7501298215099,MLM39455722,"Sedalmerck Max Tableta 650 Mg/65 Mg, 24 Tabletas",6,237.61,218.5,184.0,322.78,0,189.0,MLM3621622998,FARMACEUTICADELSURESTE,97568,vendedor_con_mas_ventas,2026-09-29,
7501017366316,MLM19805005,Pañales Kleenbebe Suavelastic Jumbo 14 Piezas Etapa 5 Género Sin Género Talla Jumbo (j),4,222.16,241.24,184.0,1079.0,1,184.0,MLM2422558263,FARMACEUTICADELSURESTE,97568,vendedor_con_mas_ventas,2026-09-29,
7502208891228,MLM54422851,Trixona I.M. Ceftriaxona Solucion Inyectable 1g Bruluagsa®,6,111.33,106.0,95.0,139.99,0,95.0,MLM4040351382,FARMACIA INTEGRAL,1529023,vendedor_con_mas_ventas,2026-09-29,
7501033956133,MLM25550274,Suplemento en líquido Glucerna sabor Chocolate x 237g,6,130.2,126.6,74.0,200.0,0,74.0,MLM2585982477,GRUPO AGNEZ,488525,vendedor_con_mas_ventas,2026-09-29,
7501095452505,MLM39455542,"Tempra Forte Tabletas 650 Mg, 24 Tabletas",11,201.49,198.0,149.0,408.1,1,149.0,MLM2231480543,DR.SANITO,184623,vendedor_con_mas_ventas,2026-09-29,
7501088509766,MLM39475901,"Antiflu-des Jr. Solución 0,500/0,050/3 G, 1 Frasco 60 Ml",8,253.01,248.5,189.0,386.54,0,249.0,MLM2407884763,DR.SANITO,184623,vendedor_con_mas_ventas,2026-09-29,
7501008499702,MLM53198848,Medicamento Cápsula oral 12 Gripe Tos Tabcin noche,9,120.74,118.0,67.62,185.05,0,67.62,MLM2396035259,MERCADOLIBRE CPG_MX,26949522,vendedor_con_mas_ventas,2026-09-29,
300090275051,MLM39472548,"Depo-provera Suspensión Inyectable 150 Mg/ml Frasco Ámpula, 1 Frasco Ámpula 1 Ml",10,736.81,735.0,460.0,1538.7,1,489.0,MLM3534679916,MIALIVIO_FARMA,114074,vendedor_con_mas_ventas,2026-09-29,
7501385491085,MLM39473624,Danzen|Serratiopeptidasa Antiinflamatorio|10mg|20Tab,14,601.47,553.0,428.0,999.22,0,428.0,MLM5540202014,MERCADOLIBRE CPG_MX,26949522,vendedor_con_mas_ventas,2026-09-29,
7501314702770,MLM40170704,"Arfla Tabletas 550 Mg, 15 Tabletas",7,1340.32,1371.0,1109.46,2967.89,1,1109.46,MLM2425472733,FARMACEUTICADELSURESTE,97568,vendedor_con_mas_ventas,2026-09-29,
7501943475014,MLM15995544,Pañales Para Adulto Diapro Grande 10 Piezas,7,215.43,229.0,164.0,252.02,0,210.0,MLM4008719456,FARMACEUTICADELSURESTE,97568,vendedor_con_mas_ventas,2026-09-29,
7501328980119,MLM45287900,Enterogermina Suspensión de Bacillus Clausii con 2 Billones de UFC 20 Ampolletas de 5 ml Alivia la Diarrea Restaura y Protege para Niños y Adultos,13,576.12,593.01,325.0,1064.25,0,325.0,MLM3310705846,MERCADOLIBRE CPG_MX,26949522,vendedor_con_mas_ventas,2026-09-29,
7896009490651,MLM19628957,"Adhesivo sin sabor para dentaduras postizas Corega Max, 40 g",13,230.99,220.0,118.27,510.0,1,118.27,MLM2333660798,MERCADOLIBRE CPG_MX,26949522,vendedor_con_mas_ventas,2026-09-29,
7501300408136,MLM39474206,"Ampliron Duo Comprimido 875/125 Mg, 14 Comprimidos",6,843.59,764.5,615.0,1385.56,0,723.0,MLM4012994340,FARMACEUTICADELSURESTE,97568,vendedor_con_mas_ventas,2026-09-29,
7501124103248,MLM50869965,Pramigel Frasco De 180ml Caja Con 1 Frasco De 180ml,11,536.07,508.26,315.0,916.2,0,449.46,MLM3783751712,FARMACIA PRIXZ,105668,vendedor_con_mas_ventas,2026-09-29,
7509546058986,MLM18985270,Spray Para Peinar Caprice Naturals Kiwi Y Lavanda 316ml,1,260.0,260.0,260.0,260.0,0,260.0,MLM4295321074,PREMIAN,8618,vendedor_con_mas_ventas,2026-09-29,
7501124820817,MLM47285079,"Travatan Solución Oftálmica 40 Mcg/ml, 1 Frasco Gotero 2,5 Ml",8,1415.19,1427.85,1295.0,2887.51,1,1379.0,MLM3628507728,MIALIVIO_FARMA,114074,vendedor_con_mas_ventas,2026-09-29,
7501122963028,MLM40171980,"Espaven Enzimático Tableta Con Cubierta Entérica, 50 Tabletas",13,406.57,407.88,278.0,866.74,1,420.0,MLM3929043158,DR.SANITO,184623,vendedor_con_mas_ventas,2026-09-29,
7730979098007,MLM40170185,"Demus Cápsula 100000 Ui, 2 Cápsulas",7,981.63,967.0,840.0,1116.42,0,967.0,MLM3488270611,FARMADEALTA,60609,vendedor_con_mas_ventas,2026-09-29,
7501314703227,MLM39473313,"Sies Cápsulas 200 Mg, 20 Cápsulas",8,731.03,655.7,559.44,1275.09,0,652.41,MLM2185860557,FARMACIA PRIXZ,105668,vendedor_con_mas_ventas,2026-09-29,
8020030095076,MLM50891219,"Esoxx-One sachets 10 mL 20 sachets - Laboratorios Alfasigma México, s.a. de c.v.",9,884.26,814.0,735.0,1524.08,0,848.0,MLM5332181508,SANORIMFARMACIA,64851,vendedor_con_mas_ventas,2026-09-29,
7501125175626,MLM69273565,Amoxiclav Bid Amoxiclav Bid C/14 Tab 875/125mg - Pisa,1,650.0,650.0,650.0,650.0,0,650.0,MLM5298035192,DR.SANITO,184623,vendedor_con_mas_ventas,2026-09-29,
736085278507,MLM39455641,"Manzanilla Sophia Solución Oftálmica, 1 Frasco Gotero 15 Ml",7,130.81,102.38,91.0,199.0,0,101.0,MLM5389880300,FARMACIAS BS,199720,vendedor_con_mas_ventas,2026-09-29,
7501165000315,MLM39474247,Neo-Melubrina Jarabe Infantil Sabor Frambuesa Frasco con 100 ml. Incluye Pipeta Dosificadora. Alivia el Dolor de Cabeza y Reduce la Fiebre,13,253.78,242.0,158.12,435.01,0,158.12,MLM5258830282,MERCADOLIBRE CPG_MX,26949522,vendedor_con_mas_ventas,2026-09-29,
7509546058955,MLM18985260,Spray Para Peinar Caprice Especialidades Fuerza Acti-ceramidas 316ml,,,,,,,,,,,,2026-09-29,sin publicaciones de otros vendedores
7506425658367,,,,,,,,,,,,,,2026-09-29,sin producto de catálogo para el GTIN
7502227426449,MLM45458479,"Nesajar cápsula 100 mg/300 mg, 16 cápsulas",25,181.08,174.99,132.0,370.0,1,136.47,MLM3659213034,GRUPO AGNEZ,488525,vendedor_con_mas_ventas,2026-09-29,
7501314704958,MLM40172235,"Lactulax Jarabe 666,6 Mg/ml, 1 Frasco 125 Ml",7,549.95,497.0,457.0,859.04,0,484.11,MLM2195063893,FARMACIA PRIXZ,105668,vendedor_con_mas_ventas,2026-09-29,
7502001166066,MLM45361994,"Barmicil Compuesto Crema 0,05 G/1 G/0,1 G, 1 Tubo 40 G",25,67.08,68.31,24.0,199.0,1,26.59,MLM2059794683,GRUPO AGNEZ,488525,vendedor_con_mas_ventas,2026-09-29,
7501088508998,MLM39473531,"Neuralin Relief Tableta 100/100/50/5 Mg, 20 Tabletas",11,677.26,630.0,471.66,1226.91,0,660.31,MLM3494685656,MIALIVIO_FARMA,114074,vendedor_con_mas_ventas,2026-09-29,
7501086301393,MLM47423204,"Cetolan 630 Mg Caja C/100 Tabletas - LABORATORIOS COLUMBIA COMERCIAL, S.A. DE C.V.",4,1383.33,1418.5,1313.0,3041.46,1,1313.0,MLM2848123417,MERCADOLIBRE CPG_MX,26949522,vendedor_con_mas_ventas,2026-09-29,
7503008821101,,,,,,,,,,,,,,2026-09-29,sin producto de catálogo para el GTIN
7501300409669,MLM39474577,"Ceftrex Im Solución Inyectable 1 G/3,5 Ml, 1 Frasco Ámpula + 1 Ampolleta Solvente 3,5 Ml + Jeringa 5 Ml",4,779.1,700.0,408.0,1308.4,0,664.0,MLM2425472781,FARMACEUTICADELSURESTE,97568,vendedor_con_mas_ventas,2026-09-29,
7501159580182,MLM46221663,Sinuberase Probióticos en Suspensión 2 Billones de UFC 10 Ampolletas. Alivia prolongado de la colitis desde la raíz.,11,346.43,361.66,205.0,447.7,0,205.0,MLM2288314201,MERCADOLIBRE CPG_MX,26949522,vendedor_con_mas_ventas,2026-09-29,
7501300408228,MLM50914352,"Furacin pomada, 1 tubo 85 g - Siegfried Rhein, s.a. de c.v.",10,529.43,525.0,403.0,809.95,0,403.0,MLM4229374374,MIALIVIO_FARMA,114074,vendedor_con_mas_ventas,2026-09-29,
7501017372775,MLM18976177,Pañales Kleenbebé Absorsec Etapa 5 Unisex 40 Piezas,6,286.12,286.5,232.7,363.0,0,232.7,MLM3378020830,MERCADOLIBRE CPG_MX,26949522,vendedor_con_mas_ventas,2026-09-29,
7501007532363,MLM39455797,Antimareo Dramamine 24 Tabletas 50 Mg,7,295.19,259.0,250.0,520.94,1,250.0,MLM2262282167,DR.SANITO,184623,vendedor_con_mas_ventas,2026-09-29,
7501088505126,MLM40292559,"Neuralin Solución Inyectable, 1 Ampolleta 1 Ml + 1 Ampolleta 2 Ml",7,281.56,269.87,208.89,443.14,0,208.89,MLM2186265043,FARMACIA PRIXZ,105668,vendedor_con_mas_ventas,2026-09-29,
7501298214207,MLM39474015,"Dabex Xr Tabletas De Liberación Prolongada 750 Mg, 60 Tabletas",4,1626.11,1387.0,1281.0,2449.43,0,1281.0,MLM2274342431,FARMACEUTICADELSURESTE,97568,vendedor_con_mas_ventas,2026-09-29,
7509546058962,MLM18978911,Spray para Cabello Caprice Naturals Brillo y Aroma 316 ml,1,65.0,65.0,65.0,65.0,0,65.0,MLM2259715169,MERCADOLIBRE CPG_MX,26949522,vendedor_con_mas_ventas,2026-09-29,
7501095409004,MLM39455870,"Graneodin-b Pastillas Sabor Frambuesa, 24 Pastillas",10,203.68,192.0,127.83,381.06,0,127.83,MLM3409021720,MERCADOLIBRE CPG_MX,26949522,vendedor_con_mas_ventas,2026-09-29,
7502215220134,MLM60052898,Biocord Lisados Bacterianos 5 Amps,,,,,,,,,,,,2026-09-29,sin publicaciones de otros vendedores
7501298234700,MLM40655844,"Eutirox Tabletas 75 Mcg, 50 Tabletas",14,652.91,632.28,475.41,1144.72,0,495.0,MLM3564352218,FARMACIA INTEGRAL,1529023,vendedor_con_mas_ventas,2026-09-29,
7509546058979,MLM18985412,Spray fijador para cabello Extracto De Algas 316ml Caprice,,,,,,,,,,,,2026-09-29,sin publicaciones de otros vendedores
7501037905588,MLM40655976,"Combivent Respimat Solución, 1 Cartucho 4,5 Ml + Dosificador 120 Dosis",10,1790.09,1795.55,980.0,3433.73,0,1794.1,MLM2186943977,FARMACIA PRIXZ,105668,vendedor_con_mas_ventas,2026-09-29,
7501298213569,MLM40171915,"Dabex Xr Tabletas De Liberación Prolongada 750 Mg, 30 Tabletas",6,690.2,736.0,530.0,1594.81,1,573.0,MLM2220810729,FARMACIA INTEGRAL,1529023,vendedor_con_mas_ventas,2026-09-29,
7891024027363,MLM19095433,Enjuague Bucal Colgate Plax Ice Infinity 60ml,4,94.35,103.0,22.38,149.0,0,22.38,MLM1510828939,FARMACIA INTEGRAL,1529023,vendedor_con_mas_ventas,2026-09-29,
4104480412103,MLM47333413,"Panoto-s Panoto-S Jarabe 0.7 Gr C/100 Ml - Siegfried rhein, s.a. de c.v.",7,415.71,369.0,330.0,658.72,0,369.0,MLM3127869619,FARMACIAS BS,199720,vendedor_con_mas_ventas,2026-09-29,
1306881054170,,,,,,,,,,,,,,2026-09-29,sin producto de catálogo para el GTIN
7501300450227,MLM45377871,"Bactrim Suspensión 40 Mg/200 Mg/5 Ml, 1 Frasco 100 Ml + Dosificador",4,403.95,342.0,297.0,634.79,0,297.0,MLM2425369739,FARMACEUTICADELSURESTE,97568,vendedor_con_mas_ventas,2026-09-29,
7501537163266,MLM40172043,"Tribedoce Compuesto Solución, 3 Ampolletas 1 Ml (nº I) + 3 Ampolletas 2 Ml (nº Ii)",15,159.85,150.0,107.91,299.0,0,120.0,MLM3511231918,FARMACIA INTEGRAL,1529023,vendedor_con_mas_ventas,2026-09-29,
7501058623201,MLM16997449,Nan Optimal Pro 3 Nestle 400 gr Formula Infantil,9,147.68,137.82,98.0,214.0,0,120.0,MLM3408613761,SANSTORE-,333259,vendedor_con_mas_ventas,2026-09-29,
7501037920147,MLM39475077,"Micardis Duo Tableta 80 Mg/5 Mg, 28 Tabletas",10,2592.69,2379.54,2237.25,4554.89,0,2280.0,MLM2202433499,MIALIVIO_FARMA,114074,vendedor_con_mas_ventas,2026-09-29,
7501547509016,MLM70269768,Indarzona Indometacina/dexametasona 25/0.5mg 30 Caps,1,129.0,129.0,129.0,129.0,0,129.0,MLM5413505154,FARMACIA INTEGRAL,1529023,vendedor_con_mas_ventas,2026-09-29,
7501871720590,MLM39476387,"Vartalon Compositum polvo 1500 mg/1200 mg, 30 sobres sabor limón",14,1488.75,1547.5,1049.0,3568.89,1,1049.0,MLM6170919196,JUGUETERIA BIG-BOSS,117218,vendedor_con_mas_ventas,2026-09-29,
7501065008459,MLM51394082,"Theraflu Td Granulado Sabor Limón 650 Mg/10 Mg, 10 Sobres",6,317.26,272.5,224.03,494.74,0,224.03,MLM2426638673,FARMACIA PRIXZ,105668,vendedor_con_mas_ventas,2026-09-29,
3662042004100,MLM39473496,"Zaditen Ofta Solución Oftálmica, 1 Frasco Gotero 5 Ml",9,1128.96,1089.0,760.0,1983.75,0,1073.53,MLM3659148138,FARMACIA PRIXZ,105668,vendedor_con_mas_ventas,2026-09-29,
7501001116187,MLM39475521,Jarabe sabor cereza 44 Para Tos seca y con flemas 120mL Vick,6,266.23,223.0,201.5,407.21,0,201.5,MLM3533785812,FARMACEUTICADELSURESTE,97568,vendedor_con_mas_ventas,2026-09-29,
7501298224169,MLM39473682,"Gavindo N Cápsula 300/100/0,2 Mg, 30 Cápsulas",8,1476.16,1359.36,1160.0,2659.26,0,1209.0,MLM3494691386,MIALIVIO_FARMA,114074,vendedor_con_mas_ventas,2026-09-29,
7501058625281,MLM45287839,"Materna Tabletas, 30 Tabletas",6,567.12,533.0,350.0,1020.94,0,499.0,MLM3999740300,FARMACEUTICADELSURESTE,97568,vendedor_con_mas_ventas,2026-09-29,
7501868900233,,,,,,,,,,,,,,2026-09-29,sin producto de catálogo para el GTIN
7502276040368,MLM39455742,"Desenfriol D Tableta, 30 Tabletas",8,127.86,117.5,87.68,199.0,0,104.11,MLM2350606491,FARMACIA PRIXZ,105668,vendedor_con_mas_ventas,2026-09-29,
7506339397802,MLM24456765,Prueba De Embarazo Digital Clearblue Plus - 25gr,8,216.77,200.5,161.92,299.0,0,174.0,MLM1931067251,FARMACIA INTEGRAL,1529023,vendedor_con_mas_ventas,2026-09-29,
7501385420238,MLM39473462,"Hemosin-k Tabletas 25 Mg/5 Mg, 32 Tabletas",10,640.75,596.0,535.0,1085.48,0,650.0,MLM2231441231,DR.SANITO,184623,vendedor_con_mas_ventas,2026-09-29,
7501008427330,MLM45287868,"Bepanthen Pomada 5 G/100 G, 1 Tubo 100 G",13,195.58,192.0,130.57,399.75,1,130.57,MLM3851297422,MERCADOLIBRE CPG_MX,26949522,vendedor_con_mas_ventas,2026-09-29,
7501298244907,MLM40169662,"Glucovance Tableta 500 Mg/5 Mg, 60 Tabletas",4,908.83,924.5,877.5,2443.16,1,899.0,MLM6210219734,MIALIVIO_FARMA,114074,vendedor_con_mas_ventas,2026-09-29,
7501298204987,MLM39474340,"Concor Grageas 2,5 Mg, 30 Grageas",9,1182.84,1173.0,805.0,2157.04,0,805.0,MLM3483465857,MIALIVIO_FARMA,114074,vendedor_con_mas_ventas,2026-09-29,
7502009740763,MLM39473475,"Clamoxin 12h Tabletas 875 Mg/125 Mg, 10 Tabletas",10,157.0,161.5,132.0,330.0,1,132.0,MLM2441190717,FARMACIAS BS,199720,vendedor_con_mas_ventas,2026-09-29,
7501101627224,MLM45287902,Tiaminal B12 Trivalente A.P. Complejo B | 30 Cápsulas,9,560.09,538.56,397.0,960.25,0,397.0,MLM5274235614,MERCADOLIBRE CPG_MX,26949522,vendedor_con_mas_ventas,2026-09-29,
736085400489,MLM39475509,Suspensión oftálmica Con Gotero Prednisolona 5Ml Sophipren Ofteno,9,674.12,638.0,547.0,1081.78,0,547.0,MLM2684829471,MERCADOLIBRE CPG_MX,26949522,vendedor_con_mas_ventas,2026-09-29,
7501065026439,,,,,,,,,,,,,,2026-09-29,sin producto de catálogo para el GTIN
7501001246730,MLM39455623,"Vicks Vaporub Ungüento, 12 Latas 12 G",4,670.47,636.18,516.0,893.51,0,589.89,MLM4037595720,VITAUMEDICALSAPIDECV,26045,vendedor_con_mas_ventas,2026-09-29,
7501088505003,MLM39475022,"Alin Solución Inyectable 8 Mg/2 Ml, 1 Ampolleta 2 Ml",11,179.77,188.1,142.9,217.35,0,160.0,MLM2236786161,FARMCIA PARIS,45737,vendedor_con_mas_ventas,2026-09-29,
7502216930414,MLM39455818,"Avapena Grageas 25 Mg, 20 Tabletas",13,385.11,359.0,281.3,662.07,0,388.2,MLM3494823712,MIALIVIO_FARMA,114074,vendedor_con_mas_ventas,2026-09-29,
7501299305386,MLM39474215,"Lodestar Tabletas 50 Mg, 30 Tabletas",7,987.27,915.0,827.0,1593.9,0,835.0,MLM3497702584,MIALIVIO_FARMA,114074,vendedor_con_mas_ventas,2026-09-29,
7503007704634,MLM39473679,"Somazina Comprimidos Recubiertos 500 Mg, 20 Comprimidos",7,1427.4,1226.11,1116.79,2297.88,0,1116.79,MLM3464362696,FARMACIA PRIXZ,105668,vendedor_con_mas_ventas,2026-09-29,
7500462746605,MLM19734787,Ajolotius Jarabe Con Miel Extractos Herbales 250ml,12,127.11,122.0,76.08,250.0,1,76.08,MLM2909879524,FARMACIA INTEGRAL,1529023,vendedor_con_mas_ventas,2026-09-29,
7501095452116,MLM39455719,"Tempra Tableta 500 Mg, 10 Tabletas",10,94.95,97.0,50.3,199.0,1,50.3,MLM3398640734,MERCADOLIBRE CPG_MX,26949522,vendedor_con_mas_ventas,2026-09-29,
7501123011704,MLM45284448,"Fitoestimulina Crema, 1 Tubo 30 G",14,608.74,620.0,410.0,1317.93,1,439.0,MLM2282484937,MIALIVIO_FARMA,114074,vendedor_con_mas_ventas,2026-09-29,
3573994008590,,,,,,,,,,,,,,2026-09-29,sin producto de catálogo para el GTIN
650240010538,MLM39455762,Caja Con 10 Tabletas Antigripal Next Tabs Alivia Síntomas,11,63.95,69.0,33.26,199.0,1,33.26,MLM4750681328,MERCADOLIBRE CPG_MX,26949522,vendedor_con_mas_ventas,2026-09-29,
7501057002663,MLM39455493,"Lomotil Tabletas 2 Mg, 8 Tabletas",12,238.14,210.88,174.0,410.37,0,195.05,MLM3777058486,FARMACIA PRIXZ,105668,vendedor_con_mas_ventas,2026-09-29,
7501089804310,MLM39473395,"Recoverón-n Ungüento 5 G/0,4 G/100 G, 1 Tubo 40 G",11,688.76,672.21,465.0,1190.79,0,498.0,MLM4997183372,MERCADOLIBRE CPG_MX,26949522,vendedor_con_mas_ventas,2026-09-29,
7501385410000,MLM39473834,"Cuerpo Amarillo Fuerte Solución Inyectable, 6 Ampolletas 2 Ml",4,1262.25,1017.5,998.0,2016.0,0,999.0,MLM4189696156,MIALIVIO_FARMA,114074,vendedor_con_mas_ventas,2026-09-29,
7502276040405,MLM39455507,"Desenfriol-ito Plus Tableta 80 Mg/1 Mg/2.5 Mg, 24 Tabletas",9,119.07,104.0,68.0,199.0,0,68.0,MLM3409008780,MERCADOLIBRE CPG_MX,26949522,vendedor_con_mas_ventas,2026-09-29,
3664798025705,MLM50955448,Sinuberase Probióticos en Suspensión Bacillus Clausii 4 Billones UFC 20 Ampolletas de 5 ml. Alivio Prolongado Desde la Raíz para la Colitis,7,600.86,615.0,299.0,720.0,0,299.0,MLM4604241032,MERCADOLIBRE CPG_MX,26949522,vendedor_con_mas_ventas,2026-09-29,
7501165011632,MLM40170632,Buscapina Compositum con Hioscina 10 mg / Metamizol Sódico 250 mg 20 Tabletas.,7,567.37,583.11,455.0,723.0,0,583.11,MLM3777058870,FARMACIA PRIXZ,105668,vendedor_con_mas_ventas,2026-09-29,
7501168810713,MLM39474666,"Salofalk Tableta Con Cubierta Entérica 500 Mg, 40 Tabletas",9,858.19,831.34,674.0,1433.06,0,674.0,MLM3490562460,MIALIVIO_FARMA,114074,vendedor_con_mas_ventas,2026-09-29,
7506425625307,MLM53800647,Pañales Huggies All Around Etapa 7 Unisex 40 Piezas,13,604.06,629.0,307.89,826.0,0,307.89,MLM3938369216,MERCADOLIBRE CPG_MX,26949522,vendedor_con_mas_ventas,2026-09-29,
7501017372737,MLM18976245,Pañales Kleenbebé Absorsec Etapa 3 Unisex 40 Piezas,6,252.36,260.0,199.0,309.0,0,199.0,MLM2151157825,MERCADOLIBRE CPG_MX,26949522,vendedor_con_mas_ventas,2026-09-29,
7501033956317,MLM26057761,Pediasure Plus Suplemento Nutricional Chocolate Líquido 237 mL Vegano Sin Gluten,5,127.57,130.0,89.82,172.0,0,98.01,MLM1946261297,FARMACIA PRIXZ,105668,vendedor_con_mas_ventas,2026-09-29,
7501008491966,MLM39455579,"Analgesico Aspirina 500mg Para Dolor De Cabeza, 40 Tabletas",8,82.78,86.5,45.0,332.48,2,45.0,MLM3398576092,MERCADOLIBRE CPG_MX,26949522,vendedor_con_mas_ventas,2026-09-29,
7501943466548,MLM21470054,Ropa Interior Para Adulto Diapro Mediano 12 Piezas,3,339.22,279.83,279.83,458.0,0,279.83,MLM2712644755,ASI PROVEEDORASDERL,13871,vendedor_con_mas_ventas,2026-09-29,
736085402346,MLM39476333,"Gaap Ofteno Solución 0,05 Mg, 1 Frasco Gotero 3 Ml",6,822.39,782.1,740.0,996.52,0,789.0,MLM3494704974,MIALIVIO_FARMA,114074,vendedor_con_mas_ventas,2026-09-29,
7501328979502,MLM39455819,Histiacil NF Jarabe para la Tos Adultos 150 ml. Fórmula con Alivio Rápido y Efectivo desde el Primer Día. Tu Aliado Nocturno contra la Tos,11,214.31,207.0,130.37,396.74,0,130.37,MLM3408950772,MERCADOLIBRE CPG_MX,26949522,vendedor_con_mas_ventas,2026-09-29,
7501123018031,MLM45287875,"Vantal Bucofaringeo Solución 0,15 G, 1 Frasco 360 Ml",15,424.06,400.0,298.0,784.17,0,383.93,MLM3707976492,FARMACIA PRIXZ,105668,vendedor_con_mas_ventas,2026-09-29,
7891317045081,,,,,,,,,,,,,,2026-09-29,sin producto de catálogo para el GTIN
7501537164713,,,,,,,,,,,,,,2026-09-29,sin producto de catálogo para el GTIN
7501943471900,MLM19997807,Toallas Humedas Kleenbebé Absorsec Limpiecito 120 Toallitas,14,108.0,112.6,23.0,289.0,1,23.0,MLM2309267187,MERCADOLIBRE CPG_MX,26949522,vendedor_con_mas_ventas,2026-09-29,
7501300408204,MLM40170520,"Plidan Compuesto Comprimido 10/125 Mg, 20 Comprimidos",14,602.26,577.0,443.26,1080.0,0,539.0,MLM2202450089,MIALIVIO_FARMA,114074,vendedor_con_mas_ventas,2026-09-29,
7501057005848,MLM45356854,"Caladryl Clear Loción, 1 Frasco 180 Ml",7,376.53,355.0,289.06,606.67,0,298.0,MLM3582098780,FARMACEUTICADELSURESTE,97568,vendedor_con_mas_ventas,2026-09-29,
75001865,MLM18977797,Brillantina para Cabello Palmolive con Aceite de Oliva 115ml,7,166.31,169.16,130.0,200.0,0,130.0,MLM4008706124,FARMACEUTICADELSURESTE,97568,vendedor_con_mas_ventas,2026-09-29,
7501298234809,MLM40655864,"Eutirox Tabletas 25 Mcg, 50 Tabletas",11,352.69,350.46,271.14,2588.75,1,295.0,MLM3564250472,FARMACIA INTEGRAL,1529023,vendedor_con_mas_ventas,2026-09-29,
7501943495548,MLM21644339,Diapro Gel Pañales Predoblado Para Adultos 40 Pieza Unitalla,10,717.4,732.5,560.0,898.0,0,599.0,MLM2793160161,TIENDA HEALTHCARE,37155,vendedor_con_mas_ventas,2026-09-29,
7501298206455,MLM40172180,"Dabex Xr Tabletas De Liberación Prolongada 500 Mg, 30 Tabletas",4,661.17,562.5,454.0,1065.68,0,459.0,MLM4547820566,MIALIVIO_FARMA,114074,vendedor_con_mas_ventas,2026-09-29,
7502224227339,MLM39455802,Loxcell NF|Desparasitante Adulto Dosis Única|1 Tableta,12,136.61,138.75,86.5,299.0,1,90.0,MLM2350603343,MERCADOLIBRE CPG_MX,26949522,vendedor_con_mas_ventas,2026-09-29,
7502003389524,MLM47422310,"Gestageno 200 Mg Caja C/15 Capsulas - Exeltis pharma méxico, s.a. de c.v.",10,936.67,903.82,454.0,1785.7,0,883.63,MLM3777061474,FARMACIA PRIXZ,105668,vendedor_con_mas_ventas,2026-09-29,
7501035908253,MLM27958634,Aceite para Bebé Baby Magic Mennen 200 ml,13,219.73,220.91,90.01,299.0,0,90.01,MLM2422597115,FARMACEUTICADELSURESTE,97568,vendedor_con_mas_ventas,2026-09-29,
7509546059006,MLM18985308,Spray Cabello Caprice Especialidades Color Brillante 316 ml,,,,,,,,,,,,2026-09-29,sin publicaciones de otros vendedores
7501289514460,MLM39475512,"Indaflex Crema 2,5 %, 1 Tubo 40 G",11,520.2,498.0,435.0,902.07,0,498.0,MLM3530750192,FARMACIA INTEGRAL,1529023,vendedor_con_mas_ventas,2026-09-29,
8020030054080,MLM40170152,"Flonorm Tabletas 550 Mg, 14 Tabletas",5,1652.29,1380.0,1296.75,2745.7,0,1464.0,MLM4167089170,FARMACIASWOWOSADECV,32048,vendedor_con_mas_ventas,2026-09-29,
7509546068343,MLM18985237,Spray para Cabello Caprice Especialidades Biotina de 316 ml,1,69.0,69.0,69.0,69.0,0,69.0,MLM1460448384,MERCADOLIBRE CPG_MX,26949522,vendedor_con_mas_ventas,2026-09-29,
7501299305751,MLM40171890,"Inhibitron Twit Cápsula 20 Mg/1100 Mg, 30 Cápsulas",10,609.22,558.99,523.0,1032.35,0,539.0,MLM3494756732,MIALIVIO_FARMA,114074,vendedor_con_mas_ventas,2026-09-29,
7501943466562,MLM22208130,Ropa Interior Para Adulto Diapro Grande 12 Piezas,5,353.66,326.83,279.83,940.62,1,326.83,MLM2792834072,VITAUMEDICALSAPIDECV,26045,vendedor_con_mas_ventas,2026-09-29,
650240024931,MLM39455846,Nikzon Tabletas Masticables C/40,11,430.27,478.0,219.9,661.14,0,250.32,MLM3402620040,MERCADOLIBRE CPG_MX,26949522,vendedor_con_mas_ventas,2026-09-29,
7501022110348,MLM39474171,"Piascledine 300 Cápsulas, 30 Cápsulas",10,1524.07,1534.89,1418.42,1615.0,0,1579.0,MLM3764575904,FARMACIAS BS,199720,vendedor_con_mas_ventas,2026-09-29,
7503007704580,MLM40170496,"Hidrasec Granulado 30 Mg, 18 Sobres",11,452.22,430.0,381.99,718.27,0,381.99,MLM2204091803,MIALIVIO_FARMA,114074,vendedor_con_mas_ventas,2026-09-29,
7501314704156,MLM40170427,"Supositorios Senosiain Adulto 2632 Mg, 10 Supositorios",8,133.75,134.5,80.0,199.0,0,88.0,MLM4166894236,FARMACIASWOWOSADECV,32048,vendedor_con_mas_ventas,2026-09-29,
7501314704231,MLM39476389,"Festomar Cápsulas De Liberación Prolongada 10 Mg/10 Mg, 30 Cápsulas",8,634.24,584.82,528.0,982.96,0,529.0,MLM3494705218,MIALIVIO_FARMA,114074,vendedor_con_mas_ventas,2026-09-29,
7501008497623,MLM45284089,"Elevit Comprimido, 30 Comprimidos",14,656.94,597.0,442.91,1185.0,0,442.91,MLM2073842013,MERCADOLIBRE CPG_MX,26949522,vendedor_con_mas_ventas,2026-09-29,
7891024179925,MLM19938033,Enjuague Bucal Colgate PerioGard Menta Original Sin Alcohol 250ml,3,371.53,379.0,320.0,415.58,0,320.0,MLM1975165234,FARMACIA INTEGRAL,1529023,vendedor_con_mas_ventas,2026-09-29,
7501008498866,MLM47422449,Flanax 550 Mg Caja C/6 Tabletas - Bayer consumer healthcare,5,189.58,154.07,141.0,273.97,0,154.07,MLM3659122756,FARMACIA PRIXZ,105668,vendedor_con_mas_ventas,2026-09-29,
7501065062529,MLM39455395,"Robax Gold Tabletas 500 Mg/200 Mg, 24 Tabletas",8,363.45,370.25,243.37,459.0,0,243.37,MLM2162602203,MERCADOLIBRE CPG_MX,26949522,vendedor_con_mas_ventas,2026-09-29,
650240007651,MLM39455473,"Bio-electro Tabletas, 24 Tabletas",16,156.29,139.0,95.7,399.0,1,95.7,MLM2162627877,MERCADOLIBRE CPG_MX,26949522,vendedor_con_mas_ventas,2026-09-29,
7501070615048,MLM39474216,"Pranosine Jarabe 5 G, 1 Frasco 60 Ml + Cuchara Dosificadora",8,778.53,699.38,596.0,1362.52,0,672.21,MLM3464393356,FARMACIA PRIXZ,105668,vendedor_con_mas_ventas,2026-09-29,
7502253073501,MLM39475942,"Pentrexyl Cápsula 500 Mg, 28 Cápsulas",5,827.02,798.0,687.0,1091.75,0,687.0,MLM4167101404,FARMACIASWOWOSADECV,32048,vendedor_con_mas_ventas,2026-09-29,
7501019064449,MLM48929060,Ropa interior desechable TENA Pants Maxi Protect Talla Grande 13 piezas,4,266.38,277.05,172.42,339.0,0,172.42,MLM2292369561,MERCADOLIBRE CPG_MX,26949522,vendedor_con_mas_ventas,2026-09-29,
7501008433553,MLM39455833,"Cafiaspirina Forte Tableta 650 Mg/65 Mg, 24 Tabletas",9,138.56,145.0,71.13,199.0,0,71.13,MLM2262988789,MERCADOLIBRE CPG_MX,26949522,vendedor_con_mas_ventas,2026-09-29,
7501035908246,MLM27970801,"Aceite Para Bebe Mennen® Baby Magic, Hipoalergénico, 100ml",11,124.5,140.0,41.93,299.0,3,41.93,MLM2662174346,MERCADOLIBRE CPG_MX,26949522,vendedor_con_mas_ventas,2026-09-29,
7501035908239,MLM19861378,"Aceite Para Bebe Mennen® Baby Magic, Hipoalergénico, 50ml",5,104.23,95.0,68.0,163.0,0,75.15,MLM2422636059,FARMACEUTICADELSURESTE,97568,vendedor_con_mas_ventas,2026-09-29,
7501125126031,MLM39473830,"Naxifelar Cápsulas 500 Mg, 20 Cápsulas",6,692.69,622.65,528.0,1028.84,0,555.3,MLM2425369761,FARMACEUTICADELSURESTE,97568,vendedor_con_mas_ventas,2026-09-29,
7501943454811,MLM19944912,Toallitas Humedas Huggies Care S/aroma 80 Piezas,6,106.51,111.45,70.0,255.0,1,94.0,MLM2422557151,FARMACEUTICADELSURESTE,97568,vendedor_con_mas_ventas,2026-09-29,
7506205809248,MLM16100820,"Enfagrow Etapa 3, Alimento Lácteo Lata 800 g",8,573.1,565.77,350.0,1204.0,1,368.86,MLM898899780,MERCADOLIBRE CPG_MX,26949522,vendedor_con_mas_ventas,2026-09-29,
7501049714604,MLM40655838,"Cytotec Tabletas 200 Mcg, 28 Tabletas",,,,,,,,,,,,2026-09-29,sin publicaciones de otros vendedores
7501057005312,MLM50953361,"Caladryl clear Caladryl Clear loción, 1 frasco 180 mL - Laboratorios grossman, s.a. de c.v.",5,376.68,367.0,289.06,541.01,0,298.0,MLM3115763615,AXOFARMA,47410,vendedor_con_mas_ventas,2026-09-29,
5016003770609,MLM25577960,Paquete Contour Plus Verde Oscuro 100 Tiras 100 Lancetas,1,799.0,799.0,799.0,799.0,0,799.0,MLM2405418060,HALOMEDIC,66432,vendedor_con_mas_ventas,2026-09-29,
7501095409059,MLM39455721,Pastillas para el alivio de garganta Sabor Miel limón x24 und Graneodin-b,8,216.94,199.5,143.5,381.06,0,168.03,MLM3783863906,FARMACIA PRIXZ,105668,vendedor_con_mas_ventas,2026-09-29,
7509546698137,,,,,,,,,,,,,,2026-09-29,sin producto de catálogo para el GTIN
75005689,MLM39475276,"Respicil Suspensión Inyectable 300000 Ui/100000 Ui/500 Mg/2 Ml, 1 Frasco Ámpula + 1 Ampolleta Diluyente 2 Ml",1,469.51,469.51,469.51,469.51,0,469.51,MLM4708732278,ASI PROVEEDORASDERL,13871,vendedor_con_mas_ventas,2026-09-29,
7501871720644,MLM39475271,"Trexen Duo Cápsula 100 Mg/400 Mg, 7 Cápsulas",11,759.68,710.0,580.0,1356.96,0,670.0,MLM2222458965,MIALIVIO_FARMA,114074,vendedor_con_mas_ventas,2026-09-29,
7501033960468,MLM36525350,Suplemento Alimenticio Ensure Advance Alimentación Especializada Chocolate 237ml,4,155.4,174.31,74.0,199.0,0,74.0,MLM4527814736,GRUPO AGNEZ,488525,vendedor_con_mas_ventas,2026-09-29,
7501943471962,MLM66696092,Toallitas Húmedas Kleenbebé Suavelastic 108 Piezas,12,86.24,89.0,31.0,289.0,2,31.0,MLM2441324879,MERCADOLIBRE CPG_MX,26949522,vendedor_con_mas_ventas,2026-09-29,
1306881054163,,,,,,,,,,,,,,2026-09-29,sin producto de catálogo para el GTIN
7501943442405,MLM19976570,Pañales Huggies Natural Care Unisex 30 Un - Talla Prematuro,8,370.69,362.0,200.0,550.52,0,399.0,MLM2422584177,FARMACEUTICADELSURESTE,97568,vendedor_con_mas_ventas,2026-09-29,
7501089809445,MLM39473757,"Eskapar Compuesto Cápsula 200 Mg/600 Mg, 20 Cápsulas",9,437.96,410.06,238.0,677.21,0,238.0,MLM2520853873,MERCADOLIBRE CPG_MX,26949522,vendedor_con_mas_ventas,2026-09-29,
7501089808943,MLM39989872,"Adimod Solución 800 Mg/7 Ml, 10 Frascos 7 Ml",6,1247.83,1237.0,975.0,2855.04,1,1239.0,MLM5375998012,MIALIVIO_FARMA,114074,vendedor_con_mas_ventas,2026-09-29,
7501314702657,MLM39473372,"Flumil Cápsula 40 Mg/1.5 Mg/1.5 Mg, 20 Cápsulas",8,603.13,580.47,485.0,965.26,0,508.86,MLM3777060906,FARMACIA PRIXZ,105668,vendedor_con_mas_ventas,2026-09-29,
7503007704504,MLM42117577,"Fisiofer Solución Oral, 10 Frascos 15 Ml",11,480.78,439.5,400.0,776.15,0,459.0,MLM2901874711,FARMACIAS BS,199720,vendedor_con_mas_ventas,2026-09-29,
7501943474994,MLM15995568,Pañales Para Adulto Diapro Mediano 10 Piezas,5,194.87,197.0,145.0,231.7,0,187.0,MLM4008641836,FARMACEUTICADELSURESTE,97568,vendedor_con_mas_ventas,2026-09-29,
7501125124075,MLM39474886,"Ciprobac Tabletas 500 Mg, 14 Tabletas",3,706.62,619.0,499.5,1001.36,0,499.5,MLM4012994356,FARMACEUTICADELSURESTE,97568,vendedor_con_mas_ventas,2026-09-29,
041388284316,MLM45287302,"Kank-a Solución 20 G, 1 Frasco 9,7 Ml",7,383.37,327.35,264.01,625.23,0,264.01,MLM2350605471,FARMACIA PRIXZ,105668,vendedor_con_mas_ventas,2026-09-29,
7501390911011,MLM45284487,"Italdermol Crema, 1 Tubo 10 G",14,489.9,462.64,404.0,807.65,0,440.0,MLM3372069962,FARMACIA INTEGRAL,1529023,vendedor_con_mas_ventas,2026-09-29,
7501070635664,MLM40171968,"Vontrol Tabletas 25 Mg, 25 Tabletas",12,509.78,473.06,422.0,899.7,0,484.11,MLM2350603723,FARMACIA PRIXZ,105668,vendedor_con_mas_ventas,2026-09-29,
7501299330319,MLM39476256,"Fosfonat Tabletas 150 Mg, 1 Tableta",12,1222.22,1101.5,998.0,2193.21,0,1039.0,MLM5479858662,MIALIVIO_FARMA,114074,vendedor_con_mas_ventas,2026-09-29,
7501037935189,MLM40172318,"Trayenta Duo Tabletas 2,5 Mg/850 Mg, 60 Tabletas",4,1726.27,1814.9,1549.0,5345.7,1,1549.0,MLM3555481461,FARMACIASDESPECIALIDADESMEDICA,21385,vendedor_con_mas_ventas,2026-09-29,
7501314704743,MLM39474337,"Unamol Suspensión, 1 Frasco 60 Ml",11,521.15,498.96,375.0,912.15,0,498.96,MLM2186492303,FARMACIA PRIXZ,105668,vendedor_con_mas_ventas,2026-09-29,
7501300407061,MLM39455509,"Febrax Suspensión 25mg/20mg, 1 Frasco 100 Ml",11,269.73,248.0,180.0,488.96,0,240.0,MLM3139368733,MIALIVIO_FARMA,114074,vendedor_con_mas_ventas,2026-09-29,
7501092743033,MLM40655887,"Ferranina Fol Grageas, 30 Grageas",9,814.38,719.0,690.0,1391.88,0,714.78,MLM3464315492,FARMACIA PRIXZ,105668,vendedor_con_mas_ventas,2026-09-29,
7501019051043,MLM15995553,Pañales para adultos Tena Slip Maxi Protect talla G paquete de 10 unidades,11,311.53,336.0,197.0,2567.32,2,197.0,MLM1332600624,MERCADOLIBRE CPG_MX,26949522,vendedor_con_mas_ventas,2026-09-29,
7501537103422,MLM52362214,"Tribedoce Dx Inyectable - Complejo B,lidocaina, Dexametasona",7,172.76,180.0,111.0,249.0,0,111.0,MLM2422487823,FARMACEUTICADELSURESTE,97568,vendedor_con_mas_ventas,2026-09-29,
7501314704460,MLM39473881,"Orecil Nf Solución 2,5 Mg/10 Mg/3 Mg, 1 Frasco Gotero 10 Ml",8,632.32,586.0,418.86,1018.4,0,538.56,MLM3777059674,FARMACIA PRIXZ,105668,vendedor_con_mas_ventas,2026-09-29,
7501537182960,MLM39475939,"Tribedoce 50000 Solución Inyectable, 5 Ampolletas 2 Ml",14,170.02,166.5,135.0,199.99,0,135.0,MLM3468132430,FARMACIA INTEGRAL,1529023,vendedor_con_mas_ventas,2026-09-29,
7501124815851,MLM39475342,"Exforge Hct Comprimido 5 Mg/160 Mg/12,5 Mg, 28 Comprimidos",10,2244.34,2214.64,1350.0,4123.83,0,2366.0,MLM5420081206,FARMACIAS BS,199720,vendedor_con_mas_ventas,2026-09-29,
650240052545,MLM39455884,Xl-3 comprimido antigripal 10 tabletas,11,49.0,44.99,33.07,115.0,2,33.07,MLM3444861860,MERCADOLIBRE CPG_MX,26949522,vendedor_con_mas_ventas,2026-09-29,
7501050613453,MLM39455912,"Afrin Adulto Solución, 1 Frasco Gotero Con Nebulizador 20 Ml",15,134.78,132.66,81.61,199.0,0,81.61,MLM2350605423,MERCADOLIBRE CPG_MX,26949522,vendedor_con_mas_ventas,2026-09-29,
7501124103279,MLM40172230,"Pramigel Comprimido 200 Mg/200 Mg/10 Mg/50 Mg, 20 Comprimidos",11,475.45,439.0,373.93,803.75,0,389.0,MLM2826533081,FARMACIAS BS,199720,vendedor_con_mas_ventas,2026-09-29,
008400004574,MLM41105975,"Grimal Solución 2 Mg/0,25 Mg, 1 Frasco Gotero 10 Ml",10,558.15,539.5,345.0,963.78,0,490.0,MLM2220849573,FARMACIA INTEGRAL,1529023,vendedor_con_mas_ventas,2026-09-29,
7501390912551,MLM24795678,Cholal Modificado Caja Con 10 Ampolletas De 5 Ml Sabor Sin sabor,9,746.63,769.0,463.0,989.25,0,612.81,MLM2356182380,FARMACIA PRIXZ,105668,vendedor_con_mas_ventas,2026-09-29,
7506339394733,MLM19766575,Pasta Adhesiva Para Denturas Fixodent Doble Poder 35ml,20,212.79,204.61,141.54,749.0,3,220.0,MLM2848166285,FARMACIAS BS,199720,vendedor_con_mas_ventas,2026-09-29,
736085410600,MLM39474447,Frasco Solución Oftálmica 0.09 % Gotero 5ml Zebesten,11,933.33,866.0,699.0,1503.93,0,803.24,MLM4666154832,MERCADOLIBRE CPG_MX,26949522,vendedor_con_mas_ventas,2026-09-29,
7501033960499,MLM26094897,Ensure Advance Fresa Frasco De 237 Ml,6,157.97,176.66,75.0,210.0,0,75.0,MLM2626185937,GRUPO AGNEZ,488525,vendedor_con_mas_ventas,2026-09-29,
7501299310489,MLM40172925,"Inhibitron Twit 40 Cápsula 40 Mg/1100 Mg, 30 Cápsulas",4,738.75,726.0,699.0,804.0,0,699.0,MLM3497730772,MIALIVIO_FARMA,114074,vendedor_con_mas_ventas,2026-09-29,
8020030053502,MLM40172303,"Flonorm Tabletas 400 Mg, 14 Tabletas",7,1058.04,931.0,740.0,1844.25,0,952.0,MLM4167114856,FARMACIASWOWOSADECV,32048,vendedor_con_mas_ventas,2026-09-29,
7506425618200,MLM45002517,Toallitas Húmedas Kleen Bebé Suavelastic Vitta E C/80 Pz,1,81.5,81.5,81.5,81.5,0,81.5,MLM2422479357,FARMACEUTICADELSURESTE,97568,vendedor_con_mas_ventas,2026-09-29,
7501033956331,MLM32092506,Pediasure Fresa Liquido 20.6 Mg C/237 Ml,4,129.39,128.87,89.82,170.0,0,99.99,MLM2197758571,FARMACIA PRIXZ,105668,vendedor_con_mas_ventas,2026-09-29,
7509546039152,MLM19805537,Pasta Dental Colgate De Viaje Maxima Proteccion 22ml Chica,3,73.04,66.0,29.0,124.11,0,66.0,MLM4008706076,FARMACEUTICADELSURESTE,97568,vendedor_con_mas_ventas,2026-09-29,
7501314704828,MLM40170700,"Ulsen Pcs Cápsula 40 Mg, 14 Cápsulas",8,739.67,679.5,628.79,1248.54,0,628.79,MLM2186991577,FARMACIA PRIXZ,105668,vendedor_con_mas_ventas,2026-09-29,
7501314705313,MLM67977181,"Afungil Cápsulas 150 Mg, 1 Cápsula + 1 Cápsula - Senosiain",2,734.0,734.0,729.0,739.0,0,729.0,MLM5225159440,MIALIVIO_FARMA,114074,vendedor_con_mas_ventas,2026-09-29,
7501070600730,MLM50954076,Syncol Max | Cólicos Fuertes | Fatiga | 12 Comprimidos,14,187.53,179.03,115.0,406.84,1,117.0,MLM3777061136,MERCADOLIBRE CPG_MX,26949522,vendedor_con_mas_ventas,2026-09-29,
7501001258030,MLM39455658,Tabletas masticables 24 262 mg Pepto Bismol,6,180.98,178.73,134.0,238.99,0,152.46,MLM2350603833,FARMACIA PRIXZ,105668,vendedor_con_mas_ventas,2026-09-29,
7501123011711,MLM45284058,"Fitoestimulina Gasas Con Crema, 10 Gasas",10,1026.72,983.0,649.0,1841.58,0,1129.0,MLM3895460840,MIALIVIO_FARMA,114074,vendedor_con_mas_ventas,2026-09-29,
7506425659265,MLM48601886,Pañales KleenBebé Absorsec Etapa 7 Unisex 40 Piezas,,,,,,,,,,,,2026-09-29,sin publicaciones de otros vendedores
7501033958717,MLM38379743,Ensure Advance Sabor Vainilla Caja De 16 Botellas 237,,,,,,,,,,,,2026-09-29,catálogo rechazado (otra presentacion): El catálogo es la caja de 16 botellas; el producto es 1 botella de 237 ml
7501201400567,MLM48930819,Refresh Tears Solucion Oftálmica Frasco Gotero con 10 Ml - Allergan,9,843.73,861.0,420.0,1528.32,0,815.0,MLM3743872536,FARMACEUTICADELSURESTE,97568,vendedor_con_mas_ventas,2026-09-29,
7501287627957,MLM39476469,"Dalacin C Cápsulas 300 Mg, 16 Cápsulas",7,689.17,716.0,489.0,1503.6,1,716.0,MLM2425369803,FARMACEUTICADELSURESTE,97568,vendedor_con_mas_ventas,2026-09-29,
7501008499979,,,,,,,,,,,,,,2026-09-29,sin producto de catálogo para el GTIN
650240001314,MLM39455607,Tabletas Masticables para Hemorroides 90 unidades Nikzon,4,462.93,490.56,407.65,1190.64,1,407.65,MLM3408950710,MERCADOLIBRE CPG_MX,26949522,vendedor_con_mas_ventas,2026-09-29,
7501318612082,MLM40172275,"Thioctacid 600 Hr Tableta 600 Mg, 30 Tabletas",12,1683.31,1621.28,1153.0,3178.27,0,1399.0,MLM3492294578,MIALIVIO_FARMA,114074,vendedor_con_mas_ventas,2026-09-29,
7501314701513,MLM42117938,"Aceler-co Crema 2/0,1 G, 1 Tubo 15 G",11,609.21,574.0,515.0,1000.69,0,558.6,MLM3534578090,MIALIVIO_FARMA,114074,vendedor_con_mas_ventas,2026-09-29,
7501125155758,MLM48944593,"Vitafusin Adulto Solución Inyectable, 1 Frasco + 1 Ampolleta Diluyente 5 Ml.",15,338.19,354.0,219.0,428.8,0,360.0,MLM2350602105,FARMACIA INTEGRAL,1529023,vendedor_con_mas_ventas,2026-09-29,
300090556365,MLM39476433,"Lincocin Solución Inyectable 600 Mg/2 Ml, 6 Jeringas Prellenadas 2 Ml",4,1269.48,1152.5,856.0,1916.91,0,1030.0,MLM2486473309,FARMACIASWOWOSADECV,32048,vendedor_con_mas_ventas,2026-09-29,
7501089804327,MLM39474555,"Recoverón-nc Crema 5 G/0,4 G/100 G, 1 Tubo 40 G",14,698.15,691.5,470.0,1190.79,0,480.32,MLM4997183388,MERCADOLIBRE CPG_MX,26949522,vendedor_con_mas_ventas,2026-09-29,
7501943454873,MLM19944909,Toallitas Húmedas Huggies Cuidado Relajante 80 Pzas,9,129.02,137.0,45.0,289.0,1,52.0,MLM1703005016,SHOPYMANIA,204901,vendedor_con_mas_ventas,2026-09-29,
7501008409527,MLM45287778,"Redoxon Sabor Naranja Tableta Efervescente 1 G, 10 Tabletas",11,197.42,215.0,103.36,255.08,0,103.36,MLM2378950337,MERCADOLIBRE CPG_MX,26949522,vendedor_con_mas_ventas,2026-09-29,
75055813,MLM53172416,"Latanoprost solución oftálmica 0.005%, frasco gotero 3 mL",11,235.25,235.0,201.0,299.0,0,260.0,MLM3867696086,FARMACIA INTEGRAL,1529023,vendedor_con_mas_ventas,2026-09-29,
7501314704552,MLM39474275,"Miccil Comprimidos 1 Mg, 20 Comprimidos",10,450.81,420.83,385.0,728.02,0,385.0,MLM3494681068,MIALIVIO_FARMA,114074,vendedor_con_mas_ventas,2026-09-29,
020800790253,MLM45361991,"Metamucil Polvo Sabor Naranja, 1 Bote 174 G",7,498.77,446.0,322.24,805.31,0,418.0,MLM3659273706,FARMACIA INTEGRAL,1529023,vendedor_con_mas_ventas,2026-09-29,
7501125118289,MLM39476475,"Fluoning Tabletas 750 Mg, 7 Tabletas",6,758.98,703.5,510.0,1193.78,0,571.12,MLM2425459987,FARMACEUTICADELSURESTE,97568,vendedor_con_mas_ventas,2026-09-29,
7501089804082,MLM48926565,"Recoverón granulado 4.74 g, caja con 10 sobres de 12 g c/u",12,1694.47,1637.5,1272.75,3117.53,0,1290.0,MLM4130843598,MERCADOLIBRE CPG_MX,26949522,vendedor_con_mas_ventas,2026-09-29,
7501318646223,MLM39455854,"Canesten V Óvulo 200 Mg, 3 Óvulos",9,268.04,250.0,174.96,456.54,0,174.96,MLM4178712012,MERCADOLIBRE CPG_MX,26949522,vendedor_con_mas_ventas,2026-09-29,
7501868901131,MLM36026961,Croquetas Sportsmans Choice Adult Raza Pequeña 8 Kg Alimentó,,,,,,,,,,,,2026-09-29,"catálogo rechazado (otro producto): El catálogo es alimento para perro (croquetas Sportsman's Choice), no alcohol Dibar"
7501165010673,MLM39455377,"Histiacil FAM Jarabe Adultos Fresa 140 ml. Con Acción 3 en 1: Alivio de la Tos Seca y con Flemas, Descongestiona y Facilita la Expectoración",8,199.76,210.5,150.35,467.62,1,150.35,MLM3409060424,MERCADOLIBRE CPG_MX,26949522,vendedor_con_mas_ventas,2026-09-29,
7501300408402,MLM39473491,"Ampliron Comprimidos 750 Mg, 12 Comprimidos",5,561.68,489.0,430.0,808.4,0,430.0,MLM2425460057,FARMACEUTICADELSURESTE,97568,vendedor_con_mas_ventas,2026-09-29,
7501300422750,MLM66900916,"Dorixina Forte Dorixina Forte 250mg Con 20 Comprimidos - Siegfried Rhein, S.a. De C.v",4,605.0,602.5,599.0,616.0,0,599.0,MLM6280317044,COLORADOSPORT,13241,vendedor_con_mas_ventas,2026-09-29,
7501095467264,MLM39455892,"Sal De Uvas Picot Polvo 2,485 G/0,2165 G/1,9485 G, 50 Sobres 5 G",6,312.27,280.19,224.36,490.94,0,251.01,MLM2319000577,FARMACIA PRIXZ,105668,vendedor_con_mas_ventas,2026-09-29,
891671002277,MLM39474685,"Norflex Plus Tableta 450/35 Mg, 50 Tabletas",12,686.99,722.5,452.0,1595.56,1,499.0,MLM3497658902,MIALIVIO_FARMA,114074,vendedor_con_mas_ventas,2026-09-29,
7501088507922,MLM39473752,"Koptin Tabletas 500 Mg, 3 Tabletas",4,683.57,588.0,550.0,1008.27,0,550.0,MLM2425421467,FARMACEUTICADELSURESTE,97568,vendedor_con_mas_ventas,2026-09-29,
7501019064432,MLM48929052,Tena Pants Maxi Protect M 13. Mediano,3,234.11,255.0,172.42,274.9,0,172.42,MLM4151759128,MERCADOLIBRE CPG_MX,26949522,vendedor_con_mas_ventas,2026-09-29,
7501314705573,MLM39473294,"Lurmivi Tabletas, 4 Tabletas",6,1230.84,1084.24,999.0,2027.58,0,1040.0,MLM2425369757,FARMACEUTICADELSURESTE,97568,vendedor_con_mas_ventas,2026-09-29,
7503007704573,MLM40172207,"Hidrasec Granulado 10 Mg, 18 Sobres",11,401.26,371.0,320.0,654.35,0,357.0,MLM3620030170,FARMACIAS BS,199720,vendedor_con_mas_ventas,2026-09-29,
7501070615123,MLM39473778,"Pranosine Tabletas 500 Mg, 20 Tabletas",6,815.2,815.5,792.99,1649.33,1,792.99,MLM3464356162,FARMACIA PRIXZ,105668,vendedor_con_mas_ventas,2026-09-29,
7509546657851,MLM35367133,Cepillo Dental Colgate Premier Clean Caja C/ 6 Piezas,3,165.97,179.0,89.9,229.0,0,179.0,MLM2546441893,DE YUCATANPARAELMUNDO,64230,vendedor_con_mas_ventas,2026-09-29,
7501165003040,MLM45361983,"Aderogyl Solución Ingerible, 5 Ampolletas 3 Ml",5,198.69,199.98,149.0,416.35,1,198.0,MLM3569402451,DR.SANITO,184623,vendedor_con_mas_ventas,2026-09-29,
736085400830,MLM39476411,"Trazidex Ofteno Suspensión 1 Mg/3 Mg, 1 Frasco Gotero 5 Ml",9,757.85,699.0,585.0,1289.88,0,609.0,MLM2222484601,MIALIVIO_FARMA,114074,vendedor_con_mas_ventas,2026-09-29,
7501089810038,MLM50953722,"Herklin nf Herklin Nf shampoo, 1 frasco 120 mL - Armstrong Laboratorios de México, s.a. de c.v.",6,190.87,180.53,164.0,246.07,0,197.0,MLM3999818602,FARMACEUTICADELSURESTE,97568,vendedor_con_mas_ventas,2026-09-29,
070942125352,MLM19104943,"GUM - Orthodontic Kit de Higiene Bucal para Brackets, Cepillo Dental, Cepillos Interdentales, Hilo Dental y Cera Pre-Cortada, 6 Piezas",5,229.63,221.96,198.0,527.0,1,198.0,MLM2025564071,FARMACIA INTEGRAL,1529023,vendedor_con_mas_ventas,2026-09-29,
7506425638543,,,,,,,,,,,,,,2026-09-29,sin producto de catálogo para el GTIN
5997001328316,MLM44887653,"Evra Parches, 3 Parches",12,761.52,695.82,600.0,1208.79,0,699.0,MLM4823716728,FARMACIAS BS,199720,vendedor_con_mas_ventas,2026-09-29,
7501095452147,MLM39455458,"Tempra Tableta 500 Mg, 20 Tabletas",10,149.12,137.87,94.49,247.26,0,94.49,MLM3398628944,MERCADOLIBRE CPG_MX,26949522,vendedor_con_mas_ventas,2026-09-29,
300090050139,MLM39476313,"Provera Tableta 10 Mg, 10 Tabletas",6,523.86,474.06,409.0,862.07,0,409.0,MLM2418969527,MIALIVIO_FARMA,114074,vendedor_con_mas_ventas,2026-09-29,
7501314704040,MLM40170784,"Unival Tabletas 1 G, 40 Tabletas",9,645.5,608.0,545.0,1089.21,0,545.0,MLM3497776976,MIALIVIO_FARMA,114074,vendedor_con_mas_ventas,2026-09-29,
7501298269009,MLM40292459,"Novotiral Tabletas 20 Mcg/100 Mcg, 50 Tabletas",8,813.86,887.0,524.0,1882.42,1,1115.0,MLM2883577005,FARMACIAS BS,199720,vendedor_con_mas_ventas,2026-09-29,
7501033956294,MLM33128669,Pediasure 237 Ml Sabor Vainilla,1,89.82,89.82,89.82,89.82,0,89.82,MLM4475726872,AXOFARMA,47410,vendedor_con_mas_ventas,2026-09-29,
7501123014101,MLM48931784,"FIRAC PLUS Firac Plus 125/10 Mg Caja C/20 Tabletas - Laboratorios grossman, s.a. de c.v.",12,523.02,501.05,331.9,989.14,0,435.0,MLM3942579530,DR.SANITO,184623,vendedor_con_mas_ventas,2026-09-29,
7501017376995,MLM26127837,Pañal Kbb Absorsec Chico Unisex 40 Pzs Género Sin género Talla Pequeño (P),,,,,,,,,,,,2026-09-29,"catálogo rechazado (otro producto): El catálogo es KleenBebé Absorsec Chico 40 piezas, no Suavelastic Etapa 4 Grande 14 piezas"
7501159580014,MLM48947117,"Sinuberase Probióticos Bacillus Coagulans 1 millón UFC 48 comprimidos. Alivia los Síntomas de la Colitis Desde la Raíz: Dolor, Inflamación, Distensión. Restaura el Equilibrio de la Flora Intestinal",11,331.1,338.0,185.9,589.14,0,185.9,MLM3703043712,MERCADOLIBRE CPG_MX,26949522,vendedor_con_mas_ventas,2026-09-29,
7501298217611,MLM40172178,"Neurobion Dc Solución Inyectable 100 Mg/100 Mg/10 Mg, 5 Jeringas Precargadas Doble Cámara 2 Ml",6,907.21,832.03,729.0,1413.16,0,729.0,MLM2478384245,MIALIVIO_FARMA,114074,vendedor_con_mas_ventas,2026-09-29,
7501299300275,MLM39475303,"Flagenase 400 Cápsula 400 Mg/200 Mg, 30 Cápsulas",11,297.7,278.0,220.0,515.14,0,258.0,MLM4005318634,FARMACEUTICADELSURESTE,97568,vendedor_con_mas_ventas,2026-09-29,
7501050603997,MLM39475182,"Quadriderm Nf Crema 0,05 G/1 G/0,1 G, 1 Tubo 30 G",7,772.54,735.24,663.0,1144.83,0,676.72,MLM3594350038,FARMACIA PRIXZ,105668,vendedor_con_mas_ventas,2026-09-29,
7501258215053,MLM39475950,"Binotal Cápsula 500 Mg, 30 Cápsulas",4,633.28,543.0,486.0,961.11,0,486.0,MLM4166944806,FARMACIASWOWOSADECV,32048,vendedor_con_mas_ventas,2026-09-29,
7501943433359,MLM20870161,Pañales Kleenbebé Absorsec Etapa 2 Unisex 40 Piezas,5,230.81,243.0,170.0,267.06,0,243.0,MLM3621648900,FARMACEUTICADELSURESTE,97568,vendedor_con_mas_ventas,2026-09-29,
3594450170064,MLM39474173,"Elatec Mpff Suspensión Oral 900 Mg/100 Mg, 30 Sobres 10 Ml",10,1462.4,1515.34,1040.0,3103.78,1,1589.0,MLM6202651856,FARMACIAS BS,199720,vendedor_con_mas_ventas,2026-09-29,
7503002615133,MLM45424235,"Someral tableta alfa cetoanalogos de aminoacidos, 100 tabletas",20,921.9,898.95,700.0,1876.42,1,799.0,MLM3561288350,FARMACIAS BS,199720,vendedor_con_mas_ventas,2026-09-29,
7501868950702,,,,,,,,,,,,,,2026-09-29,sin producto de catálogo para el GTIN
3664798074680,MLM70068219,Enterogermina Probióticos 2 Billones Ufc 10 Ampolletas 5ml Sin Sabor,,,,,,,,,,,,2026-09-29,sin publicaciones de otros vendedores
7501065010438,MLM39455673,"Theraflu Daytime Granulado 650 Mg/20 Mg/10 Mg, 10 Sobres",6,338.99,298.0,207.9,586.16,0,207.9,MLM3777061286,MERCADOLIBRE CPG_MX,26949522,vendedor_con_mas_ventas,2026-09-29,
7891317047733,MLM75002623,Calcigenol Doble Suspensión 340 ml,2,337.5,337.5,325.0,350.0,0,325.0,MLM5984326064,MERCADOLIBRE CPG_MX,26949522,vendedor_con_mas_ventas,2026-09-29,
7501022140659,MLM19694460,"Ricitos De Oro Kit De Viaje, Manzanilla Paquete Con 4 Pzas Color Amarillo",10,269.8,269.05,97.3,486.0,0,97.3,MLM3593733816,MERCADOLIBRE CPG_MX,26949522,vendedor_con_mas_ventas,2026-09-29,
7501871720675,MLM39474160,"Tafirol Tabletas 1 G, 20 Tabletas",13,560.0,549.0,464.83,1003.46,0,559.0,MLM3497714608,MIALIVIO_FARMA,114074,vendedor_con_mas_ventas,2026-09-29,
7501390910991,MLM39476137,"Italdermol Crema, 1 Tubo 30 G",11,895.7,833.0,648.0,1409.14,0,736.56,MLM3465053080,FARMACIA PRIXZ,105668,vendedor_con_mas_ventas,2026-09-29,
7502216930599,MLM39474705,"Avapena Solución Inyectable 20 Mg/2 Ml, 5 Ampolletas 2 Ml",7,468.72,441.0,420.0,559.0,0,559.0,MLM3666345552,MIALIVIO_FARMA,114074,vendedor_con_mas_ventas,2026-09-29,
7501088509810,MLM39455656,"Antiflu-des Pedíatrico Solución, 1 Frasco Gotero 30 Ml",7,249.97,219.0,190.0,432.47,0,197.01,MLM3521076188,FARMACIA PRIXZ,105668,vendedor_con_mas_ventas,2026-09-29,
650240013775,MLM39455709,"Unesia Ungüento 1 G, 2 Tubos 20 G",4,382.15,377.8,275.0,498.0,0,275.0,MLM2814470087,FARMACIA INTEGRAL,1529023,vendedor_con_mas_ventas,2026-09-29,
7501318645295,MLM53205972,Canesten V Dual 1 Tubo 10 G + 3 Óvulos,8,341.99,330.56,248.0,520.74,0,385.0,MLM3907363318,DR.SANITO,184623,vendedor_con_mas_ventas,2026-09-29,
7501299300367,MLM39455771,"Sensibit Tabletas 10 Mg, 10 Tabletas",8,309.0,269.97,241.0,528.27,0,256.41,MLM3659174284,FARMACIA PRIXZ,105668,vendedor_con_mas_ventas,2026-09-29,
736085401226,MLM39475382,Frasco Suspensión Oftálmica Gotero 5ml Flumetol Nf,11,627.55,597.0,403.0,1072.05,0,493.87,MLM4671102290,MERCADOLIBRE CPG_MX,26949522,vendedor_con_mas_ventas,2026-09-29,
7501537103521,,,,,,,,,,,,,,2026-09-29,sin producto de catálogo para el GTIN
7501300408754,MLM39474910,"Daxon Tabletas 500 Mg, 6 Tabletas",11,703.92,657.02,507.0,1195.75,0,657.02,MLM3497671042,MIALIVIO_FARMA,114074,vendedor_con_mas_ventas,2026-09-29,
7501070903350,MLM40170246,"Libertrim Sdp Suspensión, 1 Frasco 30 Ml + Pipeta Dosificadora",10,626.41,594.5,489.0,1096.59,0,489.0,MLM2204092295,MIALIVIO_FARMA,114074,vendedor_con_mas_ventas,2026-09-29,
7501299300794,MLM39474779,"Cicloferon Tableta 400 Mg, 35 Tabletas",4,1584.99,1336.62,1219.0,2447.73,0,1264.23,MLM3464354268,FARMACIA PRIXZ,105668,vendedor_con_mas_ventas,2026-09-29,
7501152111307,,,,,,,,,,,,,,2026-09-29,sin producto de catálogo para el GTIN
7509546000350,MLM18971626,Crema Dental Colgate Triple Acción 150 ml,11,122.37,126.93,52.0,289.0,1,81.9,MLM1402809965,MERCOSUPERMERCADO,648065,vendedor_con_mas_ventas,2026-09-29,
7501008409503,MLM45287295,"Redoxon Forte Comprimido Efervescente 2 G, 10 Comprimidos",7,257.72,256.0,215.84,308.54,0,215.84,MLM5384791378,MERCADOLIBRE CPG_MX,26949522,vendedor_con_mas_ventas,2026-09-29,
7501314704644,MLM40172032,"Durater Comprimido 40 Mg, 10 Comprimidos",10,585.43,555.69,497.0,949.73,0,555.39,MLM3466006136,FARMACIA PRIXZ,105668,vendedor_con_mas_ventas,2026-09-29,
7501868902213,,,,,,,,,,,,,,2026-09-29,sin producto de catálogo para el GTIN
7501249605634,MLM39455616,"Postday Comprimido 0,75 Mg, 2 Comprimidos",9,99.23,92.0,83.0,214.57,1,92.0,MLM4997454468,FARMACIAS BS,199720,vendedor_con_mas_ventas,2026-09-29,
7501298281209,MLM39455378,"Sedalmerck Tableta 50 Mg/5 Mg/500 Mg, 20 Tabletas",10,147.34,143.0,92.82,199.88,0,124.09,MLM3777057814,FARMACIA PRIXZ,105668,vendedor_con_mas_ventas,2026-09-29,
7501159551014,MLM42117596,Pulmonarom Lisados Bacterianos 10 Ampolletas de 3 ml. Auxiliar en Infecciones de Vías Respiratorias Acortando el Tiempo de Tratamiento,12,1033.67,1007.0,587.3,2008.42,0,587.3,MLM2896904603,MERCADOLIBRE CPG_MX,26949522,vendedor_con_mas_ventas,2026-09-29,
3594455600153,MLM39473363,"Elatec Tableta 900 Mg/100 Mg, 30 Tabletas",9,1040.8,1132.56,739.0,2382.03,1,1132.56,MLM3659109698,FARMACIA PRIXZ,105668,vendedor_con_mas_ventas,2026-09-29,
7501022141571,MLM26501112,"Ricitos de Oro Kit para Bebé Avena y Vainilla, 4 Piezas, Para Regalar",6,303.11,254.9,198.0,486.0,0,225.15,MLM2212649659,SHOPYMANIA,204901,vendedor_con_mas_ventas,2026-09-29,
7501033957871,MLM64540942,"Serc Tabletas 24 Mg, 30 Tabletas",9,1015.91,980.0,809.0,2617.26,1,980.0,MLM5511019680,JUGUETERIA BIG-BOSS,117218,vendedor_con_mas_ventas,2026-09-29,
7501035906341,MLM18977379,Crema Líquida Palmolive Neutro Balance Piel Normal 400ml,2,190.75,190.75,164.0,217.49,0,164.0,MLM4008680518,FARMACEUTICADELSURESTE,97568,vendedor_con_mas_ventas,2026-09-29,
7501868900226,,,,,,,,,,,,,,2026-09-29,sin producto de catálogo para el GTIN
1306881052251,,,,,,,,,,,,,,2026-09-29,sin producto de catálogo para el GTIN
37501023108895,,,,,,,,,,,,,,2026-09-29,sin producto de catálogo para el GTIN
7501008499818,,,,,,,,,,,,,,2026-09-29,sin producto de catálogo para el GTIN
7501094916985,MLM40170252,"Galvus Met Comprimido 50 Mg/1000 Mg, 30 Comprimidos",6,1027.53,898.31,859.0,1705.51,0,877.62,MLM2186284401,FARMACIA PRIXZ,105668,vendedor_con_mas_ventas,2026-09-29,
7501943488687,MLM17379838,Pañales Huggies All Around Etapa 6 Unisex 40 Piezas,8,609.57,599.0,302.56,890.0,0,302.56,MLM1307475714,MERCADOLIBRE CPG_MX,26949522,vendedor_con_mas_ventas,2026-09-29,
7509546072074,MLM17795555,Shampoo Protección Y Suavidad Miel / Manzanilla 700ml Mennen,10,228.65,224.11,66.5,355.0,0,66.5,MLM1307488527,MERCADOLIBRE CPG_MX,26949522,vendedor_con_mas_ventas,2026-09-29,
354312225027,MLM45287255,"Derman Crema, 1 Tubo 50 G",10,87.16,83.5,52.32,199.0,1,52.32,MLM3777057956,MERCADOLIBRE CPG_MX,26949522,vendedor_con_mas_ventas,2026-09-29,
7500435169035,MLM57730609,Espuma Modeladora Herbal Essences Cabello Rizo 200 g,13,132.98,139.0,55.8,269.0,0,55.8,MLM4145330782,MERCADOLIBRE CPG_MX,26949522,vendedor_con_mas_ventas,2026-09-29,
8400005861,MLM39473361,"Imbalza Solución Oftálmica 0,2 %, 1 Frasco Gotero 2,5 Ml",12,888.33,1031.0,591.0,2105.32,1,1049.0,MLM2204090413,MIALIVIO_FARMA,114074,vendedor_con_mas_ventas,2026-09-29,
7501298215907,MLM39473513,"Biconcor Tableta 5 Mg/6,25 Mg, 30 Tabletas",6,2203.86,1988.72,1799.0,3525.73,0,1880.01,MLM2195996691,FARMACIA PRIXZ,105668,vendedor_con_mas_ventas,2026-09-29,
070942302289,MLM33069146,"Enjuague Bucal Paroex Gingivitis 0,12% Digluconato Gum",8,401.27,408.74,190.0,776.0,0,190.0,MLM2886412744,FARMACIA INTEGRAL,1529023,vendedor_con_mas_ventas,2026-09-29,
57891463003039,MLM75543444,Jeringa BD 5ml 21x40mm Cj 100 5 Ml,,,,,,,,,,,,2026-09-29,sin publicaciones de otros vendedores
7501299309339,MLM39473486,"Lodestar-duo Cápsula 100 Mg/5 Mg, 30 Cápsulas",7,948.15,944.6,845.0,1040.48,0,940.0,MLM2204062933,MIALIVIO_FARMA,114074,vendedor_con_mas_ventas,2026-09-29,
7501050610674,MLM39473641,"Celestone Soluspan Suspensión Inyectable, 1 Jeringa Prellenada 1 Ml",4,753.47,641.74,625.0,1105.38,0,652.0,MLM2669263493,FARMAENVIOS_MEXICO,21162,vendedor_con_mas_ventas,2026-09-29,
7501092722373,MLM39474601,"Dagla Tableta 50 Mg, 30 Tabletas",7,783.71,719.0,674.19,1233.33,0,679.0,MLM2204144395,MIALIVIO_FARMA,114074,vendedor_con_mas_ventas,2026-09-29,
7509546655062,MLM22031543,Toallitas para bebé Palmolive Neutro Balance Baby 0% 80 ud,4,139.53,172.1,74.4,370.0,1,74.4,MLM1896538734,MERCADOLIBRE CPG_MX,26949522,vendedor_con_mas_ventas,2026-09-29,
7502250342747,MLM67332968,Vitacilina Clarite Triple Efecto Emulsion Aclaradora 200ml Todo Tipo De Piel Día/noche,6,288.17,316.5,148.0,329.0,0,148.0,MLM2833805273,FARMACIA INTEGRAL,1529023,vendedor_con_mas_ventas,2026-09-29,
7501070634810,MLM39473425,"Posipen Cápsula 500 Mg, 12 Cápsulas",6,705.45,628.0,568.0,1150.67,0,568.0,MLM4012994352,FARMACEUTICADELSURESTE,97568,vendedor_con_mas_ventas,2026-09-29,
7509546074511,MLM18978104,Shampoo Mennen Zero Cabello Saludable 700ml,11,210.24,211.25,66.5,290.0,0,66.5,MLM1503890729,MERCADOLIBRE CPG_MX,26949522,vendedor_con_mas_ventas,2026-09-29,
7503006698323,MLM20509747,More Pharma|Antiséptico|Heridas|Sin Alcohol|Spray 240 ml,14,505.73,492.0,339.0,776.67,0,345.56,MLM2775748711,MERCADOLIBRE CPG_MX,26949522,vendedor_con_mas_ventas,2026-09-29,
7501089804013,MLM39473727,"Recoverón Ungüento 5 G/100 G, 1 Tubo 40 G",16,599.57,590.5,330.0,1021.88,0,433.3,MLM2674214169,MERCADOLIBRE CPG_MX,26949522,vendedor_con_mas_ventas,2026-09-29,
7501298224176,MLM40172367,"Gavindo N Cápsula 300/100/0,2 Mg, 60 Cápsulas",7,2350.83,2116.0,1870.0,4201.81,0,1870.0,MLM3492304040,MIALIVIO_FARMA,114074,vendedor_con_mas_ventas,2026-09-29,
7501001100001,MLM45362002,Fibra Natural Metamucil Sabor Naranja tarro de 425g 72 dosis,10,966.92,872.5,840.0,1599.21,0,840.0,MLM3227322831,MIALIVIO_FARMA,114074,vendedor_con_mas_ventas,2026-09-29,
7501007459332,MLM39455799,"Vick Vaporub Inhalador Solución, 1 Tubo Inhalador 0,5 Ml",12,144.18,134.55,103.51,218.74,0,134.09,MLM3777057726,FARMACIA PRIXZ,105668,vendedor_con_mas_ventas,2026-09-29,
7501125104268,MLM45287785,"Electrolit Solución Sabor Fresa, 1 Frasco 625 Ml",7,45.0,58.0,34.0,199.0,2,34.0,MLM4108315684,DR.SANITO,184623,vendedor_con_mas_ventas,2026-09-29,
7501258205221,MLM40655997,"Cyrux Tabletas 200 Mcg, 28 Tabletas",9,450.78,494.99,309.0,560.0,0,310.0,MLM2747214125,FARMACIAS BS,199720,vendedor_con_mas_ventas,2026-09-29,
7501369200016,MLM39455402,"Estomaquil Polvo 1,6 G/1,1 G/0,3 G, 20 Sobres",5,256.9,230.0,175.0,409.48,0,230.0,MLM3416592978,DR.SANITO,184623,vendedor_con_mas_ventas,2026-09-29,
7501089809452,MLM39455638,Suspensión Oral Frasco Con 180 Ml + Vaso Dosificador Kaomycin,8,299.63,280.52,156.99,502.25,0,156.99,MLM3871211154,MERCADOLIBRE CPG_MX,26949522,vendedor_con_mas_ventas,2026-09-29,
020800753050,MLM40170776,"Pepto Bismol Suspensión, 1 Frasco 236 Ml",7,316.89,280.0,239.59,482.81,0,239.59,MLM4474880804,FARMACIASWOWOSADECV,32048,vendedor_con_mas_ventas,2026-09-29,
7501300409584,MLM39474864,"Aminoefedrison Nf Jarabe 0.15 G/0.7 G/100 Ml, 1 Frasco 150 Ml",9,539.96,528.66,299.0,941.11,0,299.0,MLM3494661364,MIALIVIO_FARMA,114074,vendedor_con_mas_ventas,2026-09-29,
7501008443026,MLM39455589,"Alka-seltzer Tableta Efervescente 0.324 G/1.976 G/1 G, 100 Tabletas",7,442.31,438.76,398.0,498.0,0,398.0,MLM2162454379,FARMACIA INTEGRAL,1529023,vendedor_con_mas_ventas,2026-09-29,
7501125100130,MLM39473969,"Solución Cs Pisa Solución 0,9 G, 1 Frasco Flex-oval 1000 Ml",6,151.63,153.5,109.99,199.0,0,117.8,MLM4008692920,FARMACEUTICADELSURESTE,97568,vendedor_con_mas_ventas,2026-09-29,
7501300450203,MLM39885134,"Bactrim Tableta 400 Mg/80 Mg, 30 Tabletas",4,545.67,471.0,440.0,800.69,0,440.0,MLM2425382623,FARMACEUTICADELSURESTE,97568,vendedor_con_mas_ventas,2026-09-29,
736085413601,MLM39476129,"Krytantek Ofteno Solución Oftálmica 20 Mg/5 Mg/2 Mg/ml, 1 Frasco Gotero 5 Ml",6,1195.79,1223.5,989.0,1293.0,0,1219.0,MLM3494660112,MIALIVIO_FARMA,114074,vendedor_con_mas_ventas,2026-09-29,
7502009740992,MLM44887672,"Clamoxin Tabletas 500/125 Mg, 10 Tabletas",7,164.71,148.0,119.99,291.0,0,145.0,MLM4453990992,FARMACIAS BS,199720,vendedor_con_mas_ventas,2026-09-29,
736085904727,MLM39475438,"Sophixin Dx Ofteno 3 Mg/1 Mg/ml, 1 Frasco Gotero 5 Ml",9,883.17,915.0,640.0,997.0,0,820.0,MLM3538741256,FARMACIA INTEGRAL,1529023,vendedor_con_mas_ventas,2026-09-29,
7501125104411,MLM45287504,"Electrolit Solución Sabor Coco, 1 Frasco 625 Ml",6,41.75,49.0,34.0,199.0,2,34.0,MLM2459862555,DR.SANITO,184623,vendedor_con_mas_ventas,2026-09-29,
7501124819200,MLM39473783,Entresto 50 Mg Caja Con 30 Comprimidos,6,2030.68,1920.46,1303.0,3597.16,0,1972.99,MLM3464422266,FARMACIA PRIXZ,105668,vendedor_con_mas_ventas,2026-09-29,
7502009749155,MLM62152576,Trimebutina Simeticona 200mg/75mg Con 24 Comprimidos Maver,8,298.25,289.5,269.0,350.0,0,299.0,MLM4985221240,SANORIMFARMACIA,64851,vendedor_con_mas_ventas,2026-09-29,
7501019064760,MLM48929128,Ropa interior desechable TENA Pants Mujer Talla Grande 14 piezas,5,380.5,437.0,164.5,489.0,0,164.5,MLM2292330085,MERCADOLIBRE CPG_MX,26949522,vendedor_con_mas_ventas,2026-09-29,
785118753825,MLM69171029,Figral 100mg C/4 Tabletas,5,118.2,109.0,99.99,149.0,0,108.0,MLM5296418338,FARMACIAS BS,199720,vendedor_con_mas_ventas,2026-09-29,
7501314702701,MLM39473476,"Rezplen Tableta 45 Mg/500 Mg, 10 Tabletas",3,1179.58,983.0,900.0,1655.75,0,983.0,MLM4167272948,FARMACIASWOWOSADECV,32048,vendedor_con_mas_ventas,2026-09-29,
7509546674018,MLM28358825,Pasta Dental Colgate Luminous White Carbón Activado 66 Ml,11,134.95,120.0,42.9,198.0,0,42.9,MLM2706150252,MERCOSUPERMERCADO,648065,vendedor_con_mas_ventas,2026-09-29,
7501298223728,MLM40172082,"Dolo-neurobion Tableta 0.25 Mg/50 Mg/50 Mg/50 Mg, 5 Tabletas",4,164.27,154.52,144.07,203.98,0,147.04,MLM2350603107,FARMACIA PRIXZ,105668,vendedor_con_mas_ventas,2026-09-29,
7501125100123,MLM39473695,"Solución Cs Pisa Solución 0,9 G, 1 Frasco Plástico 500 Ml",6,126.91,119.5,68.75,199.0,0,68.75,MLM2932519989,FARMACIA INTEGRAL,1529023,vendedor_con_mas_ventas,2026-09-29,
7501088505829,MLM39476143,"Troferit-flow Jarabe 0,3 G/0,3 G, 1 Frasco 120 Ml",10,387.49,354.18,256.41,635.15,0,256.41,MLM3466074062,FARMACIA PRIXZ,105668,vendedor_con_mas_ventas,2026-09-29,
7703331157506,MLM57827144,Yasmin Anticonceptivo Oral 3 mg / 0.03 mg Caja c/21 Tabletas,7,924.34,862.99,584.22,1508.17,0,584.22,MLM3555507523,FARMACIA_DIGITAL,29498,vendedor_con_mas_ventas,2026-09-29,
7501298223773,MLM45287765,"Iliadin Adulto Solución Nasal En Spray, 1 Frasco Atomizador 20 Ml",10,217.48,208.93,183.25,442.96,1,211.86,MLM3659135324,FARMACIA PRIXZ,105668,vendedor_con_mas_ventas,2026-09-29,
7501095451096,MLM40169848,"Sal De Uvas Picot Polvo 2,485 G/0,2165 G/1,9485 G, 10 Sobres 5 G",17,82.04,82.86,45.87,199.0,1,45.87,MLM2162627469,MERCADOLIBRE CPG_MX,26949522,vendedor_con_mas_ventas,2026-09-29,
7501086311057,MLM40655854,"Ferricol Tabletas, 30 Tabletas",9,882.46,823.07,749.0,1482.84,0,839.0,MLM2908816885,FARMACIAS BS,199720,vendedor_con_mas_ventas,2026-09-29,
7502009746055,MLM39475660,"Clamoxin 12h Tabletas 875 Mg/125 Mg, 14 Tabletas",10,151.4,159.5,97.61,414.0,1,180.0,MLM4041136172,FARMACIA INTEGRAL,1529023,vendedor_con_mas_ventas,2026-09-29,
7501058715494,MLM39455845,"Graneodin F Pastillas Sabor Miel-limón 8,75 Mg, 16 Pastillas",6,209.42,205.95,183.33,442.4,1,183.33,MLM4474918812,FARMACIASWOWOSADECV,32048,vendedor_con_mas_ventas,2026-09-29,
7501070613440,MLM39473674,"Amoxil Cápsula 500 Mg, 12 Cápsulas",2,477.01,477.01,374.0,580.02,0,580.02,MLM2711765961,ASI PROVEEDORASDERL,13871,vendedor_con_mas_ventas,2026-09-29,
7501008485408,MLM39455550,"Tabcin Tableta 500 Mg/8 Mg/2 Mg, 12 Tabletas",8,85.2,84.5,53.2,199.0,1,53.2,MLM3500958682,MERCADOLIBRE CPG_MX,26949522,vendedor_con_mas_ventas,2026-09-29,
7501050623766,MLM45409379,"Afrin No Drip Cse Suspensión 0,5 Mg/ml, 1 Frasco Nebulizador 15 Ml",10,192.77,184.62,115.05,282.72,0,115.05,MLM5389563086,MERCADOLIBRE CPG_MX,26949522,vendedor_con_mas_ventas,2026-09-29,
7501314701926,MLM39475922,"Adel Tableta 500 Mg, 10 Tabletas",4,1159.13,973.5,839.0,1850.52,0,1027.0,MLM4167125708,FARMACIASWOWOSADECV,32048,vendedor_con_mas_ventas,2026-09-29,
7501314703685,MLM39475855,"Jarsix Solución Oral 100/5 Mg, 1 Frasco 60 Ml",9,609.56,592.0,529.0,714.0,0,573.21,MLM2195985409,FARMACIA PRIXZ,105668,vendedor_con_mas_ventas,2026-09-29,
7501590211232,MLM64566320,Postinor-2 15 Mg Caja 1 Tab,2,178.94,178.94,130.0,227.88,0,227.88,MLM4708631588,ASI PROVEEDORASDERL,13871,vendedor_con_mas_ventas,2026-09-29,
7501089810021,MLM46402471,"Herklin Nf Shampoo, 1 Frasco 60 Ml",7,116.89,117.0,92.66,240.35,1,92.66,MLM3871211142,MERCADOLIBRE CPG_MX,26949522,vendedor_con_mas_ventas,2026-09-29,
7501070635756,MLM39473956,"Stadium Tabletas 25 Mg, 10 Tabletas",13,592.27,643.78,455.0,1315.26,1,476.81,MLM3497734556,MIALIVIO_FARMA,114074,vendedor_con_mas_ventas,2026-09-29,
7501008497593,MLM45287876,"Alka-seltzer Boost Tableta 500 Mg/65 Mg, 10 Tabletas",8,122.49,122.0,73.82,199.0,0,149.0,MLM4040317294,SANORIMFARMACIA,64851,vendedor_con_mas_ventas,2026-09-29,
7503002163023,MLM19504375,Gel para cabello Xtreme Professional 250g,6,76.23,77.74,25.0,147.0,0,25.0,MLM1790657296,MERCADOLIBRE CPG_MX,26949522,vendedor_con_mas_ventas,2026-09-29,
650240013928,MLM23021149,Teatrical Crema Suavizante con Lanolina y Rosas Tarro con 400g. Humectación Profunda.,8,225.44,237.95,95.61,299.0,0,95.61,MLM1895189033,MERCADOLIBRE CPG_MX,26949522,vendedor_con_mas_ventas,2026-09-29,
7501089808936,MLM39989916,"Adimod Solución 400 Mg/7 Ml, 10 Frascos 7 Ml",13,928.01,889.0,580.0,1607.16,0,605.73,MLM2470769717,MERCADOLIBRE CPG_MX,26949522,vendedor_con_mas_ventas,2026-09-29,
7501070600556,MLM39455897,Syncol | Cólicos SPM Pastilla Morada | 24 Comprimidos,10,187.36,202.5,99.66,439.98,1,99.66,MLM2350606389,MERCADOLIBRE CPG_MX,26949522,vendedor_con_mas_ventas,2026-09-29,
7501298205038,MLM39474068,"Concor Grageas 5 Mg, 30 Grageas",14,1052.82,1109.53,530.0,2567.53,1,750.0,MLM2268161889,FARMACIA INTEGRAL,1529023,vendedor_con_mas_ventas,2026-09-29,
7501314701889,MLM39475065,"Ciproflox Dm Tabletas De Liberación Prolongada 1000 Mg, 7 Tabletas",6,1061.75,971.5,765.0,1850.52,0,1028.0,MLM4166945574,FARMACIASWOWOSADECV,32048,vendedor_con_mas_ventas,2026-09-29,
7509546000985,MLM20923955,Crema Dental Colgate Triple. Acción 75 mL,2,61.5,61.5,49.0,74.0,0,74.0,MLM4008667348,FARMACEUTICADELSURESTE,97568,vendedor_con_mas_ventas,2026-09-29,
7501314705542,MLM47436230,"Afumix 37.5/500 Mg Caja C/4 Tabletas - Laboratorios senosiain, s.a. de c.v.",7,1043.04,950.72,868.0,1726.57,0,868.0,MLM3744278256,FARMACEUTICADELSURESTE,97568,vendedor_con_mas_ventas,2026-09-29,
7501314704187,MLM40170543,"Supositorios Senosiain Bebé 1478 Mg, 10 Supositorios",10,131.13,127.0,83.14,299.0,1,88.0,MLM2199331295,FARMACIASWOWOSADECV,32048,vendedor_con_mas_ventas,2026-09-29,
4015630082988,MLM45672901,Glucómetro Accu-Chek Active Kit,7,762.68,765.0,529.0,949.0,0,529.0,MLM4471443398,MERCADOLIBRE CPG_MX,26949522,vendedor_con_mas_ventas,2026-09-29,
7501868902282,,,,,,,,,,,,,,2026-09-29,sin producto de catálogo para el GTIN
7501385420061,MLM39473993,"Danzen Tabletas Con Cubierta Entérica 5mg, 30 Grageas",13,502.1,439.0,379.0,799.0,0,439.0,MLM2554808341,FARMACIAS BS,199720,vendedor_con_mas_ventas,2026-09-29,
7501086310418,MLM40269773,"Dalvear Jarabe Adulto Sabor Miel- Lima- Limón, 1 Frasco 200 Ml + Vaso Dosificador",8,443.2,415.4,343.0,715.8,0,414.81,MLM2186297985,FARMACIA PRIXZ,105668,vendedor_con_mas_ventas,2026-09-29,
7501080111455,MLM19875476,"Just For Men Gel Para Barba/bigote, Color Negro (b-55)",6,374.28,345.3,201.75,599.32,0,345.0,MLM4008628372,FARMACEUTICADELSURESTE,97568,vendedor_con_mas_ventas,2026-09-29,
7501385410055,MLM28753051,,,,,,,,,,,,,2026-09-29,sin publicaciones de otros vendedores
7501035908116,MLM28293367,Talco Mennen Baby Magic Azul 100g,9,174.85,187.0,41.65,299.0,0,41.65,MLM2708675794,MERCADOLIBRE CPG_MX,26949522,vendedor_con_mas_ventas,2026-09-29,
7506442706096,MLM54426843,Dapagliflozina 10 Mg Caja Con 28 Tabletas Camber,11,524.18,509.0,423.0,678.0,0,455.0,MLM2746855927,FARMACIAS BS,199720,vendedor_con_mas_ventas,2026-09-29,
7506306215764,MLM19922324,Pond's Crema Facial Clarant B3 Con Protección Solar 200 G Mixta,24,332.99,349.5,162.0,908.0,1,162.0,MLM1678585358,MERCADOLIBRE CPG_MX,26949522,vendedor_con_mas_ventas,2026-09-29,
7501125104343,MLM45287493,"Electrolit Solución Sabor Manzana, 1 Frasco 625 Ml",4,35.67,36.5,34.0,122.21,1,34.0,MLM2459875867,DR.SANITO,184623,vendedor_con_mas_ventas,2026-09-29,
7501868900714,MLM25586380,Gasas Esteriles Monarca 10x10cm Sobre Gde Caja 100 Pzs Dibar,1,255.55,255.55,255.55,255.55,0,255.55,MLM2387983688,MEDICOM ANDBEYOND,72959,vendedor_con_mas_ventas,2026-09-29,
7501058368126,MLM18978733,"Sico® Sensitive, Condones Delgados, caja de 3 pzas",7,166.8,151.0,68.45,267.0,0,68.45,MLM1434632972,MERCADOLIBRE CPG_MX,26949522,vendedor_con_mas_ventas,2026-09-29,
7501098611329,MLM40170172,"Nexium-mups Tabletas 40 Mg, 14 Tabletas",11,1056.11,1079.95,717.08,2078.89,0,719.0,MLM2883308555,MIALIVIO_FARMA,114074,vendedor_con_mas_ventas,2026-09-29,
7501043162074,MLM24546712,Perioxidin Enjuague 200ml,5,531.37,536.0,462.0,602.86,0,538.0,MLM4008732002,FARMACEUTICADELSURESTE,97568,vendedor_con_mas_ventas,2026-09-29,
7501008499023,MLM45383437,"Redoxon Aox Tableta Efervescente 1000 Mg/400 Ui/10 Mg, 10 Tabletas",13,242.15,217.55,128.57,403.09,0,128.57,MLM3352009182,MERCADOLIBRE CPG_MX,26949522,vendedor_con_mas_ventas,2026-09-29,
7502221012303,MLM19566736,Toallitas Desmaquillantes Claris Con Aloe Vera 40´s E-full,7,90.24,86.33,41.1,299.0,1,62.0,MLM2425472393,FARMACEUTICADELSURESTE,97568,vendedor_con_mas_ventas,2026-09-29,
7501125174797,MLM50963026,"Electrolit solución sabor mora azul, 1 frasco 625 mL - Laboratorios Pisa, s.a. de c.v.",5,40.62,36.1,34.0,60.0,0,34.0,MLM2459862815,DR.SANITO,184623,vendedor_con_mas_ventas,2026-09-29,
013117019971,MLM17379873,Pañales Bbtips Etapa 6 Unisex Género Sin género Talla Extra grande (XG),6,525.97,554.0,199.0,817.0,0,199.0,MLM931060218,PLATAFORMASADN,216881,vendedor_con_mas_ventas,2026-09-29,
5033439034211,MLM40655956,"Avamys 2a Suspensión 27,5 Mcg, 1 Frasco Atomizador 120 Dosis",15,738.68,750.0,429.0,1437.58,0,429.0,MLM4991636578,SKINCAREMEX,192001,vendedor_con_mas_ventas,2026-09-29,
7501165011649,MLM39455492,"Buscapina Auxiliar en el Alivio del Dolor de Panza 24 tabletas. Alivio Eficaz del Dolor, Causados por Espasmos, Cólicos Estomacales e Intestinales",11,303.77,285.93,190.0,560.54,0,191.0,MLM3416647276,MERCADOLIBRE CPG_MX,26949522,vendedor_con_mas_ventas,2026-09-29,
7501318608788,MLM39475611,"Xarelto Comprimido 20 Mg, 28 Comprimidos",5,3839.11,3582.83,1999.0,6767.51,0,1999.0,MLM3535646641,JUGUETERIA BIG-BOSS,117218,vendedor_con_mas_ventas,2026-09-29,
383017678531,,,,,,,,,,,,,,2026-09-29,sin producto de catálogo para el GTIN
7501065004000,MLM45287590,"Centrum-gender +50 Mujeres Tabletas, 60 Tabletas",11,507.64,486.0,309.0,965.48,0,309.0,MLM2077530942,MERCADOLIBRE CPG_MX,26949522,vendedor_con_mas_ventas,2026-09-29,
7509546007083,MLM19541765,Pasta Dental Colgate Total 12 Clean Mint 50 Ml.,,,,,,,,,,,,2026-09-29,sin publicaciones de otros vendedores
7503006698316,MLM19848580,Frasco Solucion Antiseptica Spray 120 Ml Microdacyn60,11,352.3,335.0,298.0,509.26,0,335.0,MLM3167335759,MIALIVIO_FARMA,114074,vendedor_con_mas_ventas,2026-09-29,
7501124184797,MLM40170247,"Ki-cab Tableta 50 Mg, 30 Tabletas",10,2247.86,2301.81,1588.0,2649.0,0,2249.0,MLM2263746929,MIALIVIO_FARMA,114074,vendedor_con_mas_ventas,2026-09-29,
7896116838995,,,,,,,,,,,,,,2026-09-29,sin producto de catálogo para el GTIN
7501065060891,MLM39455906,"Contac Ultra Tabletas, 12 Tabletas",9,74.22,78.21,38.46,199.0,2,38.46,MLM2350606375,MERCADOLIBRE CPG_MX,26949522,vendedor_con_mas_ventas,2026-09-29,
7501868900578,,,,,,,,,,,,,,2026-09-29,sin producto de catálogo para el GTIN
7501070613044,MLM45356628,Andantol Antihistamínico Jalea Comezón Piel 25 gr,10,317.1,314.0,197.5,555.95,0,197.5,MLM3777057972,MERCADOLIBRE CPG_MX,26949522,vendedor_con_mas_ventas,2026-09-29,
7501017376971,MLM19872058,Pañales Kleenbebe Suavelastic Mediano 14 Piezas Etapa 3 Género Sin Género Talla Mediano (m),3,164.39,168.0,135.0,190.16,0,135.0,MLM2422597123,FARMACEUTICADELSURESTE,97568,vendedor_con_mas_ventas,2026-09-29,
7896009400148,MLM20043133,Crema Adhesiva Ultra Corega para Prótesis Dentales Sabor Menta 40 g,10,249.05,244.84,148.0,729.0,1,148.0,MLM1894631845,MERCADOLIBRE CPG_MX,26949522,vendedor_con_mas_ventas,2026-09-29,
7501007528427,MLM17331947,Crema Corporal Reparación Intensiva Día/Noche 400mL Lubriderm,24,233.81,225.01,95.0,485.0,1,95.0,MLM1355478389,MERCADOLIBRE CPG_MX,26949522,vendedor_con_mas_ventas,2026-09-29,
7502227426715,,,,,,,,,,,,,,2026-09-29,sin producto de catálogo para el GTIN
7509546072043,MLM17795631,Shampoo/Acondicionador Mennen Fuerza Y Manejabilidad Proteína 700 Ml,11,217.41,224.43,66.5,382.8,0,66.5,MLM956696863,MERCADOLIBRE CPG_MX,26949522,vendedor_con_mas_ventas,2026-09-29,
7501054558675,,,,,,,,,,,,,,2026-09-29,sin producto de catálogo para el GTIN
7501035908130,MLM34113226,Talco Para bebé Azul Hipoalergénico Baby Magic 200g Mennen,10,242.25,226.95,144.0,395.0,0,175.27,MLM2422636051,FARMACEUTICADELSURESTE,97568,vendedor_con_mas_ventas,2026-09-29,
7501022112106,MLM45287898,"Excelsior Pomada 40 %, 1 Tubo 8 G",1,92.0,92.0,92.0,92.0,0,92.0,MLM4008718856,FARMACEUTICADELSURESTE,97568,vendedor_con_mas_ventas,2026-09-29,
7501050604000,MLM39475701,"Quadriderm Nf Crema 0,05 G/1 G/0,1 G, 1 Tubo 15 G",8,613.64,619.04,454.01,839.04,0,454.01,MLM2274316749,FARMACEUTICADELSURESTE,97568,vendedor_con_mas_ventas,2026-09-29,
7501836009661,MLM39455867,Dualgos Paracetamol / Ibuprofeno 325 Mg/200 Mg caja con 20 Tabletas,14,75.9,81.0,39.98,199.0,1,85.0,MLM2162467123,FARMACIA INTEGRAL,1529023,vendedor_con_mas_ventas,2026-09-29,
7501065044822,MLM53154667,"Senokot F Laxante Natural 17,2 Mg, 30 Tabletas",7,284.07,260.0,219.0,499.06,0,240.0,MLM2422516049,FARMACEUTICADELSURESTE,97568,vendedor_con_mas_ventas,2026-09-29,
7501089809957,MLM39989943,"Adimod Tableta 800 Mg, 20 Tabletas",12,1594.28,1702.0,1210.0,3742.33,1,1339.88,MLM4124455252,MERCADOLIBRE CPG_MX,26949522,vendedor_con_mas_ventas,2026-09-29,
7506425607808,MLM19981142,Toallas Humedas Huggies Supreme 80 Toallitas Agua Micelar,15,161.14,164.23,55.0,398.0,1,117.0,MLM2422635077,FARMACEUTICADELSURESTE,97568,vendedor_con_mas_ventas,2026-09-29,
785118753962,MLM39476486,"Figral Tableta 100 Mg, 10 Tabletas",15,178.67,173.0,138.5,246.0,0,173.0,MLM2350606691,FARMACIA INTEGRAL,1529023,vendedor_con_mas_ventas,2026-09-29,
7501125144851,MLM50961966,"Electrolit solución sabor uva, 1 frasco 625 mL - Laboratorios Pisa, s.a. de c.v.",4,35.67,36.5,34.0,199.0,1,34.0,MLM4108367314,DR.SANITO,184623,vendedor_con_mas_ventas,2026-09-29,
7501303457513,MLM65116373,Yasmin 24/4 3 Mg / 0.02 Mg Con 28 Comprimidos,2,859.84,859.84,832.0,887.68,0,887.68,MLM6154383608,PROBEMEDIC,18332,vendedor_con_mas_ventas,2026-09-29,
7506460100111,MLM18978726,"Sico® Piel con Piel, Condones sin látex, caja de 3 pzas",8,172.52,181.0,78.0,402.0,1,78.0,MLM1434726585,MERCADOLIBRE CPG_MX,26949522,vendedor_con_mas_ventas,2026-09-29,
7502009340161,MLM39475231,"Penprocilina Suspensión Inyectable 800000 Ui/2 Ml, 1 Frasco Ámpula + 1 Ampolleta Diluyente 2 Ml",2,229.35,229.35,201.0,257.7,0,201.0,MLM4167101102,FARMACIASWOWOSADECV,32048,vendedor_con_mas_ventas,2026-09-29,
7501846501100,MLM18985271,Cera Para Peinar Xiomara Wax & Shine Modeladora 60g,8,120.61,130.26,65.0,158.86,0,111.88,MLM1759691305,FARMACIA INTEGRAL,1529023,vendedor_con_mas_ventas,2026-09-29,
7506425603404,MLM19541036,Toallitas desinfectantes Escudo antibacterial 50 toallitas,8,78.19,79.5,34.5,237.0,1,58.0,MLM4008705906,FARMACEUTICADELSURESTE,97568,vendedor_con_mas_ventas,2026-09-29,
7501088504365,MLM40172182,"Meteospasmyl Cápsula 60 Mg/300 Mg, 40 Cápsulas",10,1266.02,1201.0,996.55,2099.0,0,1020.0,MLM6307175514,FARMACIA INTEGRAL,1529023,vendedor_con_mas_ventas,2026-09-29,
7791293025797,MLM17018368,Desodorante Corporal en Aerosol AXE Dark Temptation 150 ml,,,,,,,,,,,,2026-09-29,sin publicaciones de otros vendedores
7502208895196,,,,,,,,,,,,,,2026-09-29,sin producto de catálogo para el GTIN
036000456103,MLM24841527,Ropa Interior Goodnites -Paq. 11 un- L/XL,1,249.0,249.0,249.0,249.0,0,249.0,MLM6237144888,BEBE OPORTUNIDADES,3080,vendedor_con_mas_ventas,2026-09-29,
7501065008336,MLM48590630,"Proctoglyvenol Procto Glyvenol Crema 5/2 % Tubo C/30 Gr - Glaxosmithkline consumer healthcare méxico, s. de r. l. de c.v.",7,381.76,369.0,243.0,589.9,0,243.0,MLM2289326313,MERCADOLIBRE CPG_MX,26949522,vendedor_con_mas_ventas,2026-09-29,
17502224240656,MLM18604944,"Guantes de Látex Estériles Ambiderm, Medianos, con 100 Piezas y Acabado Liso",45,287.88,260.52,165.0,505.0,0,375.0,MLM1944403087,SKINCAREMEX,192001,vendedor_con_mas_ventas,2026-09-29,
7509546053875,MLM19991718,Pasta Dental Colgate Luminous White Brilliant 125Ml,5,166.57,174.83,79.0,219.0,0,187.0,MLM4008602614,FARMACEUTICADELSURESTE,97568,vendedor_con_mas_ventas,2026-09-29,
7501056360429,MLM28066472,Talco Desodorante para Pies Rexona Efficient Original 200 g,9,197.89,186.0,165.0,299.0,0,175.0,MLM3071833595,DSHOP_BEAUTY,21435,vendedor_con_mas_ventas,2026-09-29,
7501122963707,MLM40172656,"Espacil Compuesto Cápsula 125 Mg/10 Mg, 20 Cápsulas",9,558.91,534.0,381.0,958.72,0,399.0,MLM2231529953,DR.SANITO,184623,vendedor_con_mas_ventas,2026-09-29,
7506306257597,,,,,,,,,,,,,,2026-09-29,sin producto de catálogo para el GTIN
7506306249356,MLM35736451,Crema hidratante para manos Vaseline Petrolato Puro 42g,10,142.59,129.5,79.0,220.0,0,119.0,MLM2079370031,FARMACIAS BS,199720,vendedor_con_mas_ventas,2026-09-29,
759684391255,MLM20714462,Pomada Labial Jaloma 60 Pzas,6,380.94,381.44,265.0,495.0,0,265.0,MLM2906256180,LABORATORIOSJALOMASADECVLA,54237,vendedor_con_mas_ventas,2026-09-29,
7501943471337,MLM20903120,Toalla Humeda Kleenbebe Absorsec 90 Pzs,7,48.7,57.0,29.99,145.0,2,57.0,MLM2422505141,FARMACEUTICADELSURESTE,97568,vendedor_con_mas_ventas,2026-09-29,
7501943488663,MLM17379834,Pañales All Around Etapa 5 Unisex x40 Piezas Huggies,6,638.61,607.25,399.0,892.0,0,536.0,MLM3621661590,FARMACEUTICADELSURESTE,97568,vendedor_con_mas_ventas,2026-09-29,
7501417006133,MLM45231910,Crema Lassar Coyoacán 100g Óxido de Zinc Zona del Pañal Hipoalergénica,1,199.0,199.0,199.0,199.0,0,199.0,MLM2710736973,ASI PROVEEDORASDERL,13871,vendedor_con_mas_ventas,2026-09-29,
7501088508929,MLM39455720,"Anara Tabletas 5 Mg, 20 Tabletas",9,269.56,267.66,186.0,410.57,0,221.0,MLM3533862208,FARMACEUTICADELSURESTE,97568,vendedor_con_mas_ventas,2026-09-29,
7503053829022,,,,,,,,,,,,,,2026-09-29,sin producto de catálogo para el GTIN
7501088579615,MLM40170291,"Topron Cápsulas 400 Mg, 16 Cápsulas",11,222.17,218.72,185.0,455.36,1,204.05,MLM2352691345,FARMACIA PRIXZ,105668,vendedor_con_mas_ventas,2026-09-29,
7501314704965,MLM40172264,"Lactulax Jarabe 666,6 Mg/ml, 1 Frasco 250 Ml",7,680.6,594.0,563.0,1124.62,0,588.06,MLM2187009419,FARMACIA PRIXZ,105668,vendedor_con_mas_ventas,2026-09-29,
7501035908123,MLM18984624,Talco para Bebés Mennen Baby Magic Rosa 100g,8,177.83,193.0,62.0,299.0,0,62.0,MLM1436236499,MERCADOLIBRE CPG_MX,26949522,vendedor_con_mas_ventas,2026-09-29,
7501314705153,MLM39475570,"Isox Cápsula 100 Mg, 15 Cápsulas",8,855.75,792.5,631.4,1478.72,0,782.11,MLM3494717490,MIALIVIO_FARMA,114074,vendedor_con_mas_ventas,2026-09-29,
7509546000343,MLM25742393,Crema Dental Colgate Triple Accion 100 ML,7,87.94,108.89,32.0,220.0,1,104.0,MLM2423447267,FARMACEUTICADELSURESTE,97568,vendedor_con_mas_ventas,2026-09-29,
7501314704934,MLM40170271,"Spasmopriv Cápsulas 200 Mg, 24 Cápsulas",5,887.3,764.54,735.0,1407.9,0,786.06,MLM3466128472,FARMACIA PRIXZ,105668,vendedor_con_mas_ventas,2026-09-29,
7501065054029,MLM40170389,"Tums Extra Surtido Tabletas Masticables, 48 Tabletas",10,151.47,144.5,84.16,350.0,1,84.16,MLM3413625262,MERCADOLIBRE CPG_MX,26949522,vendedor_con_mas_ventas,2026-09-29,
3664798067101,,,,,,,,,,,,,,2026-09-29,sin producto de catálogo para el GTIN
7501070903749,MLM39474079,"Despamen Lbd Solución Inyectable En Jeringa Prellenada 50 Mg/2,5 Mg/1 Ml, 1 Jeringa Prellenada 0,5 Ml",7,1101.64,1085.45,1039.0,1213.0,0,1140.0,MLM3543959004,FARMACIA INTEGRAL,1529023,vendedor_con_mas_ventas,2026-09-29,
7501065001337,MLM45287795,"Caltrate Suplemento de Calcio 600 +D 600mg / 400 UI Frasco, con 30 tabletas",8,238.71,214.75,131.35,427.43,0,131.35,MLM3998331780,MERCADOLIBRE CPG_MX,26949522,vendedor_con_mas_ventas,2026-09-29,
7501094917012,MLM40615066,"Galvus Met Comprimido 50 Mg/850 Mg, 60 Comprimidos",2,2398.18,2398.18,1500.0,3296.35,0,1500.0,MLM3659096804,FARMACIA INTEGRAL,1529023,vendedor_con_mas_ventas,2026-09-29,
7502001162426,MLM39474312,"Ardosons Cápsula 25 Mg/0,75 Mg/215 Mg, 20 Cápsulas",20,138.14,137.0,98.01,184.99,0,120.0,MLM2228081997,FARMACIA INTEGRAL,1529023,vendedor_con_mas_ventas,2026-09-29,
7501868920156,MLM54445970,Difamhed Difenhidramina 10mg/ml Sol Inyec. 10ml Farmadextrum,,,,,,,,,,,,2026-09-29,"catálogo rechazado (otro producto): El catálogo es Difamhed difenhidramina inyectable, no gel antibacterial Dibar"
7501082212143,MLM39475988,"Cialis Tabletas 20 Mg, 1 Tableta",11,712.78,675.19,545.25,1231.78,0,675.19,MLM2202546693,MIALIVIO_FARMA,114074,vendedor_con_mas_ventas,2026-09-29,
7501050610018,MLM39474296,"Celestamine Ns Tableta 5 Mg/0.25 Mg, 10 Tabletas",11,448.33,434.61,305.76,724.44,0,305.76,MLM5390183112,MERCADOLIBRE CPG_MX,26949522,vendedor_con_mas_ventas,2026-09-29,
7501287631206,MLM39475289,"Vibramicina Cápsulas 100 Mg, 10 Cápsulas",5,841.44,749.0,602.0,1373.19,0,685.0,MLM2425382645,FARMACEUTICADELSURESTE,97568,vendedor_con_mas_ventas,2026-09-29,
7506425648610,,,,,,,,,,,,,,2026-09-29,sin producto de catálogo para el GTIN
7501070903688,MLM39472421,"Libertrim Sii Comprimido 100 Mg/37,5 Mg, 20 Comprimidos",10,725.36,694.5,456.0,1264.07,0,699.0,MLM3494684700,MIALIVIO_FARMA,114074,vendedor_con_mas_ventas,2026-09-29,
7506346600469,,,,,,,,,,,,,,2026-09-29,sin producto de catálogo para el GTIN
7501300407283,MLM39455631,"Tri-vi-sol Pediátrico Solución, 1 Frasco Gotero 50 Ml",9,398.91,373.0,290.07,652.54,0,298.0,MLM3032444901,FARMACIA INTEGRAL,1529023,vendedor_con_mas_ventas,2026-09-29,
7501019064524,MLM48929058,Pañales para adultos descartables Tena Pant Grande x 10 u,3,265.33,255.0,183.0,358.0,0,183.0,MLM2292395319,MERCADOLIBRE CPG_MX,26949522,vendedor_con_mas_ventas,2026-09-29,
3664798062229,,,,,,,,,,,,,,2026-09-29,sin producto de catálogo para el GTIN
7502276040603,MLM22264352,Polvo Desodorante Pies Para Mexsana 160g Bayer,9,180.71,173.0,78.28,279.0,0,78.28,MLM3833265106,MERCADOLIBRE CPG_MX,26949522,vendedor_con_mas_ventas,2026-09-29,
7891317019426,MLM42269401,"Incresina Duo Tableta 12,5 Mg/850 Mg, 56 Tabletas",8,1612.17,1656.5,1445.0,3391.88,1,1777.08,MLM3740085790,FARMACIA PRIXZ,105668,vendedor_con_mas_ventas,2026-09-29,
5000174003963,,,,,,,,,,,,,,2026-09-29,sin producto de catálogo para el GTIN
7501298219608,MLM40170683,"Dabex Tabletas 850 Mg, 30 Tabletas",8,543.36,578.63,370.0,1192.35,1,490.0,MLM5675886614,FARMACIA INTEGRAL,1529023,vendedor_con_mas_ventas,2026-09-29,
4046222301613,MLM40172305,"Hepa-merz Granulado 3 G, 30 Sobres 3 G",6,1570.41,1404.76,1299.0,2565.95,0,1299.0,MLM2202459263,MIALIVIO_FARMA,114074,vendedor_con_mas_ventas,2026-09-29,
7501019053283,MLM15995537,Pañales descartables para adultos Tena slip nocturno talla g 8 piezas,9,282.7,295.0,155.79,710.0,1,155.79,MLM1332588980,MERCADOLIBRE CPG_MX,26949522,vendedor_con_mas_ventas,2026-09-29,
7501868900264,,,,,,,,,,,,,,2026-09-29,sin producto de catálogo para el GTIN
7501019051647,MLM15995535,Pañales Para Adultos Tena Slip Comfort Talla G x10 unidades,6,256.63,273.5,170.0,332.73,0,170.0,MLM1744644189,MERCADOLIBRE CPG_MX,26949522,vendedor_con_mas_ventas,2026-09-29,
7502208894557,MLM56203415,Ceftriaxona Solución Inyectable 1g 1 Ampolleta Bruluagsa,2,89.5,89.5,89.0,90.0,0,90.0,MLM4991666008,FARMACIAS BS,199720,vendedor_con_mas_ventas,2026-09-29,
7501088575600,MLM39455879,"Topron Suspensión, 1 Frasco 120 Ml + Vaso Dosificador",9,341.84,332.0,261.0,542.0,0,389.0,MLM3497740836,MIALIVIO_FARMA,114074,vendedor_con_mas_ventas,2026-09-29,
7501165010727,MLM39455427,Histiacil FAM Jarabe Infantil Fresa 2 a 15 Años 140 ml Acción 3 en 1 Alivio de la Tos Seca y con Flemas Descongestiona y Facilita la Expectoración,9,263.08,239.0,150.35,469.78,0,150.35,MLM2284455509,MERCADOLIBRE CPG_MX,26949522,vendedor_con_mas_ventas,2026-09-29,
75001872,MLM34498691,Brillantina Palmolive Liquida /aceite De Oliva Botella 52ml,5,86.78,87.5,68.9,120.0,0,87.5,MLM2423458241,FARMACEUTICADELSURESTE,97568,vendedor_con_mas_ventas,2026-09-29,
7501289511421,MLM19895679,Pasta Lassar Andromaco Cutaneo 30 G Tarro Oxido De Zinc 25%,2,108.5,108.5,105.0,112.0,0,105.0,MLM1953436311,SANORIMFARMACIA,64851,vendedor_con_mas_ventas,2026-09-29,
7501390912209,MLM39476017,"Uroclasio Nf Solución, 1 Frasco 150 Ml",7,827.07,786.94,667.26,1274.32,0,667.26,MLM2186279379,FARMACIA PRIXZ,105668,vendedor_con_mas_ventas,2026-09-29,
7509546077253,MLM21341971,Desodorante Stefano Royal En Aerosol Para Hombre 159ml,,,,,,,,,,,,2026-09-29,sin publicaciones de otros vendedores
7501088505836,MLM39473929,"Troferit-flow Tableta 30 Mg/30 Mg, 15 Tabletas",12,349.7,321.0,235.0,635.15,0,244.02,MLM2189565085,FARMACIA PRIXZ,105668,vendedor_con_mas_ventas,2026-09-29,
7502009745898,MLM39476663,"Flausiver Tableta 450 Mg/50 Mg, 20 Tabletas",20,168.0,159.45,123.0,299.0,0,149.0,MLM2979397967,FARMACIA INTEGRAL,1529023,vendedor_con_mas_ventas,2026-09-29,
7791293025810,MLM29490024,Foco Iuminarias Roro Led Solar Sensor Luces Focos Solares 100 Led Recargables,,,,,,,,,,,,2026-09-29,"catálogo rechazado (otro producto): El catálogo es una lámpara solar LED, no desodorante Axe"
7502214982965,MLM19543731,Prudence Clasico Con 100 Condones Vitrolero Gratis,7,989.29,899.0,731.0,1399.0,0,735.0,MLM1854681704,FARMACIA INTEGRAL,1529023,vendedor_con_mas_ventas,2026-09-29,
7501314705535,MLM39474239,"Evipress Tabletas 10 Mg, 30 Tabletas",10,1759.39,1650.2,1450.0,3125.28,0,1630.41,MLM2204129769,MIALIVIO_FARMA,114074,vendedor_con_mas_ventas,2026-09-29,
7350012552138,MLM58615322,Biogaia Protectis Probióticos Salud Intestinal Gotas 5 Ml,5,819.66,755.0,688.0,1133.28,0,755.0,MLM4167033082,FARMACIASWOWOSADECV,32048,vendedor_con_mas_ventas,2026-09-29,
7501070903473,MLM40655856,"Ciprolisina Solución Oral 40 Mg/300 Mcg/100 Ml, 1 Frasco 210 Ml + 1 Frasco 10 Ml",8,618.76,574.51,466.29,1056.15,0,547.02,MLM3494668728,MIALIVIO_FARMA,114074,vendedor_con_mas_ventas,2026-09-29,
7501314701742,MLM39475838,"Fosfocil Suspensión, 1 Frasco 60 Ml + Vaso Dosificador",2,615.26,615.26,460.0,770.52,0,460.0,MLM4167100070,FARMACIASWOWOSADECV,32048,vendedor_con_mas_ventas,2026-09-29,
7501165001725,MLM39455707,Allegra Antihistamínico para Alergias Severas y Urticaria 10 tabletas x 180 mg. Controla las Alergias Agraviadas por Contaminación. No Causa Sueño,11,659.23,599.0,344.76,1100.69,0,344.76,MLM3416326822,MERCADOLIBRE CPG_MX,26949522,vendedor_con_mas_ventas,2026-09-29,
7501314703661,MLM39473478,"Jarsix Tableta 5/0,25 Mg, 10 Tabletas",7,439.81,414.92,365.0,549.0,0,404.77,MLM3494863416,MIALIVIO_FARMA,114074,vendedor_con_mas_ventas,2026-09-29,
7501088507908,MLM48919088,"Suma-b Solución Inyectable 100 Mg/50 Mg/10 Mg/2 Ml, 5 Ampolletas 2 Ml + 5 Jeringas 3 Ml",6,486.12,433.7,400.0,750.22,0,442.4,MLM3777058428,MIALIVIO_FARMA,114074,vendedor_con_mas_ventas,2026-09-29,
7501008443033,MLM39455662,Tableta Efervescente 12 tabletas Malestar estomacal Alka-Seltzer,12,84.01,88.25,42.0,199.0,1,42.0,MLM2230429251,MERCADOLIBRE CPG_MX,26949522,vendedor_con_mas_ventas,2026-09-29,
7506425625574,MLM19560789,Tampones Digitales Kotex Unika Flujo Súper Abundante 12 Piezas,9,101.27,99.0,32.0,289.0,2,32.0,MLM2114818311,MERCADOLIBRE CPG_MX,26949522,vendedor_con_mas_ventas,2026-09-29,
7509546029153,MLM17017725,Desodorante En Gel Lady Speed Stick Floral Fresh 65 G Aloe Vera,1,73.6,73.6,73.6,73.6,0,73.6,MLM922130906,MERCADOLIBRE CPG_MX,26949522,vendedor_con_mas_ventas,2026-09-29,
7501868901124,MLM41483348,Alcohol Desnaturalizado 71.5 500 Ml Fragancia Neutra,,,,,,,,,,,,2026-09-29,catálogo rechazado (otra presentacion): El catálogo es 1 botella de 500 ml; el producto es la caja con 24 piezas
7891317027513,MLM47286353,"Keflex Tableta 500 Mg, 12 Tabletas",4,1018.0,1042.5,969.0,2094.17,1,1021.0,MLM2425485729,FARMACEUTICADELSURESTE,97568,vendedor_con_mas_ventas,2026-09-29,
7501035911567,MLM19678224,Pasta Dental Colgate Maxima Proteccion Anticaries 50ml,5,80.12,78.2,39.0,129.41,0,69.0,MLM2423458141,FARMACEUTICADELSURESTE,97568,vendedor_con_mas_ventas,2026-09-29,
75017255,MLM39455629,Frasco Gotero de Solución Oftálmica 15Ml Solutina F,5,157.9,140.0,100.53,238.42,0,119.13,MLM4824839392,MERCADOLIBRE CPG_MX,26949522,vendedor_con_mas_ventas,2026-09-29,
7891317019747,MLM47286405,"Nene-dent Gel 0,34 G/0,32 G, 1 Tubo 10 G",10,244.33,247.29,198.85,495.68,1,205.0,MLM5602308918,MERCADOLIBRE CPG_MX,26949522,vendedor_con_mas_ventas,2026-09-29,
7501125149221,MLM50960205,"Electrolit solución sabor fresa-kiwi, 1 frasco 625 mL - Laboratorios Pisa, s.a. de c.v.",4,47.33,52.0,38.0,199.0,1,39.0,MLM2459913923,DR.SANITO,184623,vendedor_con_mas_ventas,2026-09-29,
7502214980824,MLM45994780,Duo Pack Condones Prudence Zero+ Retardante Con 3pz C/u,1,58.0,58.0,58.0,58.0,0,58.0,MLM2251479037,FARMACIA INTEGRAL,1529023,vendedor_con_mas_ventas,2026-09-29,
7791293025803,MLM17017491,Axe Desodorante en aerosol para hombre Excite 48 horas de máxima frescura 150mL,1,215.46,215.46,215.46,215.46,0,215.46,MLM2210456829,VITAUMEDICALSAPIDECV,26045,vendedor_con_mas_ventas,2026-09-29,
7501124819224,MLM39475155,"Entresto Comprimido 100 Mg, 60 Comprimidos",4,4640.15,3804.43,3738.0,7213.73,0,3826.86,MLM2217893061,FARMACIA PRIXZ,105668,vendedor_con_mas_ventas,2026-09-29,
7501273500134,MLM19629341,Remexa Crema Oleoderm Original 225ml Tipo de envase Bote 225 ml,6,496.72,473.5,413.7,598.59,0,472.0,MLM2578944842,FARMACIAS BS,199720,vendedor_con_mas_ventas,2026-09-29,
7501125118296,MLM39474834,"Fluoning Tabletas 500 Mg, 7 Tabletas",4,755.11,713.0,538.2,1056.25,0,538.2,MLM2425434365,FARMACEUTICADELSURESTE,97568,vendedor_con_mas_ventas,2026-09-29,
7502224228060,MLM19689233,Gel Kitoscell Tubo De 3.5 Gr Fragancia Neutra,3,179.0,219.0,139.0,589.0,1,139.0,MLM3645684468,BARBER MAN,23898,vendedor_con_mas_ventas,2026-09-29,
7501072600172,MLM21809505,Clinic Cepillos dentales 38 medio pack,,,,,,,,,,,,2026-09-29,catálogo rechazado (otra presentacion): El catálogo es un paquete de 3 cepillos; el producto es la caja con 12 piezas
020800790222,MLM45284490,"Metamucil Polvo 49,15 G, 1 Bote 210 G",7,518.76,446.0,398.0,805.31,0,699.0,MLM3113495257,FARMACIAS BS,199720,vendedor_con_mas_ventas,2026-09-29,
7506460101514,MLM52688702,Sico Softlube Gel Lubricante Intimo 56.7g Sabor Sin sabor,1,299.0,299.0,299.0,299.0,0,299.0,MLM6225471284,COMA4518030,774,vendedor_con_mas_ventas,2026-09-29,
7501070612993,MLM39476257,"Clavulin 12 H Tableta 875 Mg/125 Mg, 15 Tabletas",5,857.25,906.0,665.0,1952.33,1,906.0,MLM2425472749,FARMACEUTICADELSURESTE,97568,vendedor_con_mas_ventas,2026-09-29,
7501201401458,MLM50891507,"Refresh Fusion gotas oftálmicas 10 mL - ALLERGAN, S.A. DE C.V.",9,879.84,883.63,439.0,1453.9,0,883.63,MLM4954247616,FARMACIA PRIXZ,105668,vendedor_con_mas_ventas,2026-09-29,
7501125109928,MLM39476152,"Soldrin Ótico, 1 Frasco Gotero 10 Ml",9,284.67,249.0,215.0,412.57,0,215.0,MLM3557991512,FARMACIAS BS,199720,vendedor_con_mas_ventas,2026-09-29,
041333760643,MLM19731854,Pila Duracell Alcalina Mn1500b5 Aa Con 5 Piezas 1.5v Grande,10,261.0,278.5,159.0,909.0,1,190.0,MLM5811993932,ESENCIA_Y_CUIDADO,83749,vendedor_con_mas_ventas,2026-09-29,
7501125139543,MLM39474091,"Combesteral Solución, 3 Ampolletas Número I 1 Ml + 3 Ampolletas Número Ii 2 Ml",6,513.84,473.0,386.1,768.69,0,482.0,MLM4032363482,FARMACIAS BS,199720,vendedor_con_mas_ventas,2026-09-29,
7501300420541,MLM39455862,"Aliren Cápsula 50 Mg/3 Mg/300 Mg, 24 Cápsulas",7,207.5,199.0,176.0,401.92,1,176.0,MLM2204120181,MIALIVIO_FARMA,114074,vendedor_con_mas_ventas,2026-09-29,
7501159580021,MLM42117574,Pulmonarom Lisados Bacterianos 20 Ampolletas de 3 ml. Auxiliar en Infecciones de Vías Respiratorias Acortando el Tiempo de Tratamiento,8,1817.58,1702.3,977.2,3303.65,0,977.2,MLM5193999644,MERCADOLIBRE CPG_MX,26949522,vendedor_con_mas_ventas,2026-09-29,
7509546071558,MLM17017120,Desodorante Antitranspirante en Aerosol Neutro Balance Original 72H de Protección contra la Transpiración 150 ml,,,,,,,,,,,,2026-09-29,sin publicaciones de otros vendedores
7506627400269,MLM65258805,Metformina 1000 Mg Dapagliflozina 10mg 28tabletas,2,605.0,605.0,600.0,610.0,0,610.0,MLM2730453043,FARMACIA INTEGRAL,1529023,vendedor_con_mas_ventas,2026-09-29,
7506425605880,MLM17379832,Calzones Entrenadores para Niño Huggies Pull-Ups Extra Grandes 30 Piezas,1,800.0,800.0,800.0,800.0,0,800.0,MLM3592133560,ENVIAVASOS,16208,vendedor_con_mas_ventas,2026-09-29,
7501080912083,MLM34949531,"Stérimar Solución Humidificante Nasal Uso Diario 50 ml. Mejora la Respiración. Higiene Nasal Diaria para Toda la Familia. 100% Natural, Eficacia Clínicamente Comprobada. Recomendado por Médicos",4,233.15,234.89,156.0,306.82,0,156.0,MLM2048089893,MERCADOLIBRE CPG_MX,26949522,vendedor_con_mas_ventas,2026-09-29,
7501033923234,MLM39472584,"Norfenon Tabletas 150 Mg, 30 Tabletas",9,910.55,886.0,630.0,1718.99,0,633.54,MLM2273564443,MIALIVIO_FARMA,114074,vendedor_con_mas_ventas,2026-09-29,
7509546017389,MLM18981237,Shampoo Palmolive Optims 2 en 1 Nivel 4 700ml,9,283.97,289.0,75.0,398.99,0,390.0,MLM2176540855,ENVIAVASOS,16208,vendedor_con_mas_ventas,2026-09-29,
7501019030048,MLM15995533,Pañales para Adulto TENA Slip Maxi Protect Talla Chica / Mediana 10 Piezas,12,286.46,297.5,144.18,598.99,1,144.18,MLM2097064210,MERCADOLIBRE CPG_MX,26949522,vendedor_con_mas_ventas,2026-09-29,
7501070636531,MLM39473343,"Omuro Tabletas 40 Mg, 30 Tabletas",7,1087.85,1097.91,1010.0,2247.41,1,1080.0,MLM3523365470,FARMACIAS BS,199720,vendedor_con_mas_ventas,2026-09-29,
7501314701704,MLM39474092,"Fosfocil Suspensión, 1 Frasco 120 Ml + Vaso Dosificador",4,683.41,585.0,492.15,1071.51,0,492.15,MLM2425369789,FARMACEUTICADELSURESTE,97568,vendedor_con_mas_ventas,2026-09-29,
7501314701612,MLM39475625,"Bredelin Tabletas 500 Mg, 7 Tabletas",4,1126.01,975.0,774.35,1779.7,0,970.0,MLM4167074404,FARMACIASWOWOSADECV,32048,vendedor_con_mas_ventas,2026-09-29,
7501300408358,MLM40172237,"Dimefor-g Tabletas Recubiertas 500 Mg/5 Mg, 60 Tabletas",5,1052.38,962.65,858.33,1510.57,0,858.33,MLM3481100808,FARMACIA PRIXZ,105668,vendedor_con_mas_ventas,2026-09-29,
7501868901117,,,,,,,,,,,,,,2026-09-29,sin producto de catálogo para el GTIN
7509546072272,MLM19533625,Gel Dental Colgate Kids Con Fluor Sabores Surtidos - 50gr,11,86.05,95.9,20.98,289.0,1,20.98,MLM2264106128,MERCADOLIBRE CPG_MX,26949522,vendedor_con_mas_ventas,2026-09-29,
7501328977737,MLM39474127,"Monurol Granulado 3 G, 1 Sobre 3 G",5,690.4,574.0,547.0,1136.99,0,574.0,MLM2425485755,FARMACEUTICADELSURESTE,97568,vendedor_con_mas_ventas,2026-09-29,
7501289511414,MLM47044794,Crema cicatrizante para cuerpo Andrómaco Pasta de Lassar en pote,4,73.72,74.53,69.0,76.82,0,74.05,MLM3983238718,FARMACIA INTEGRAL,1529023,vendedor_con_mas_ventas,2026-09-29,
7501300407290,MLM45287517,"Poly-vi-sol Solución, 1 Frasco Gotero 50 Ml",7,550.9,487.0,448.47,845.43,0,480.0,MLM3867460784,FARMACIA INTEGRAL,1529023,vendedor_con_mas_ventas,2026-09-29,
17501073025391,MLM77233911,Jeringa Bd Plastipak 3ml Verde 21gx32mm Con 100 3 Ml,1,599.0,599.0,599.0,599.0,0,599.0,MLM6097795122,MELIISOLUTIONS,350,vendedor_con_mas_ventas,2026-09-29,
650240013805,MLM39455761,"Alliviax Tableta 550 Mg, 10 Tabletas",11,157.13,154.07,83.3,250.8,0,83.3,MLM3500883778,MERCADOLIBRE CPG_MX,26949522,vendedor_con_mas_ventas,2026-09-29,
7501001248062,MLM39455788,"Vick Vaporub Inhalador Solución, 12 Tubos Inhaladores 0,5 Ml",1,2704.72,2704.72,2704.72,2704.72,0,2704.72,MLM4708673144,ASI PROVEEDORASDERL,13871,vendedor_con_mas_ventas,2026-09-29,
7501065001634,MLM45287482,"Caltrate Suplemento de Calcio 600 +D 600mg / 400 UI Frasco, con 60 tabletas",9,438.19,415.08,243.06,687.26,0,243.06,MLM2021678276,MERCADOLIBRE CPG_MX,26949522,vendedor_con_mas_ventas,2026-09-29,
7501080111325,MLM36238442,Just For Men Coloracion En Shampoo Cubre Las Canas 5 Tonos Tono Negro,3,403.11,345.0,265.0,599.32,0,345.0,MLM4008732054,FARMACEUTICADELSURESTE,97568,vendedor_con_mas_ventas,2026-09-29,
7501048623006,MLM22479517,Pads Desmaquillantes 100 Almohadillas Con Glicerina Protec,6,72.76,74.5,46.4,102.0,0,70.0,MLM4008602178,FARMACEUTICADELSURESTE,97568,vendedor_con_mas_ventas,2026-09-29,
7501299306130,MLM39474657,"Supradol Tabletas Sublinguales 30 Mg, 4 Tabletas",9,225.06,216.0,189.0,299.0,0,195.0,MLM4166841792,FARMACIASWOWOSADECV,32048,vendedor_con_mas_ventas,2026-09-29,
7501328979496,MLM39455838,Histiacil NF Jarabe para la Tos Infantil 150 ml. Fórmula con Alivio Rápido y Efectivo desde el Primer Día en Niños de 2 a 12 años. El Experto en Tos,10,191.64,198.0,118.9,400.1,1,118.9,MLM5389563180,MERCADOLIBRE CPG_MX,26949522,vendedor_con_mas_ventas,2026-09-29,
7501027512758,MLM28414487,Biberón Evenflo Forest 60ml - Diseño variable 1 Pieza,7,76.47,79.0,18.52,135.19,0,18.52,MLM2172465343,MERCADOLIBRE HOME_MX,5495183,vendedor_con_mas_ventas,2026-09-29,
7501035911017,MLM18980611,Pasta Dental Colgate Máxima Protección Anticaries 150ml,5,172.94,156.0,58.9,300.0,0,58.9,MLM1402789558,MERCOSUPERMERCADO,648065,vendedor_con_mas_ventas,2026-09-29,
7503002057810,MLM40346158,Suplemento The Sensual Tea Para Hombre Y Mujer Zisen Tabs Sabor Natural,,,,,,,,,,,,2026-09-29,sin publicaciones de otros vendedores
7506306249059,MLM66456136,Vaseline Bebé 213gr Petrolato Protector Suave Hipoalergénico,1,333.0,333.0,333.0,333.0,0,333.0,MLM5402741698,MMACHINESOFWAR,11349,vendedor_con_mas_ventas,2026-09-29,
840149675727,,,,,,,,,,,,,,2026-09-29,sin producto de catálogo para el GTIN
300651431681,MLM50877134,Systane Ultra gotas lubricantes oculares de 10 mL -Alcon,13,783.82,766.4,549.75,1415.83,0,549.75,MLM4879204246,MERCADOLIBRE CPG_MX,26949522,vendedor_con_mas_ventas,2026-09-29,
7509546068909,MLM19541749,Pasta Dental Colgate Triple Acción Extra Blancura 50 Ml,4,67.19,68.75,31.35,99.9,0,62.5,MLM4008706072,FARMACEUTICADELSURESTE,97568,vendedor_con_mas_ventas,2026-09-29,
7501868902268,,,,,,,,,,,,,,2026-09-29,sin producto de catálogo para el GTIN
7506425664535,MLM51584290,Pack x2 Toallitas húmedas KleenBebé Toallitas Húmedas Ahorrapack,4,189.75,192.5,85.0,289.0,0,85.0,MLM2366399029,MERCADOLIBRE CPG_MX,26949522,vendedor_con_mas_ventas,2026-09-29,
7501070612436,,,,,,,,,,,,,,2026-09-29,sin producto de catálogo para el GTIN
7501165011656,MLM40170237,Buscapina Fem Auxiliar en el Alivio del Cólico Menstrual 10 tabletas. Con Hioscina e Ibuprofeno. Doble Acción: Antiespasmódica y Analgésica,10,230.95,218.5,129.6,421.8,0,129.6,MLM2162653379,MERCADOLIBRE CPG_MX,26949522,vendedor_con_mas_ventas,2026-09-29,
7501298219981,MLM45284340,"Floratil Cápsulas 250 Mg, 12 Cápsulas",6,514.09,469.0,380.0,836.69,0,426.0,MLM2274329385,FARMACEUTICADELSURESTE,97568,vendedor_con_mas_ventas,2026-09-29,
7501080912076,MLM25819117,"Stérimar Solución Humidificante Nasal Uso Diario 100 ml. Mejora la Respiración. Higiene Nasal Diaria para Toda la Familia. 100% Natural, Eficacia Clínicamente Comprobada. Recomendado por Médicos",9,328.91,369.0,167.0,399.0,0,198.0,MLM1929525709,MERCADOLIBRE CPG_MX,26949522,vendedor_con_mas_ventas,2026-09-29,
7501314701759,MLM39474688,"Fosfocil Cápsulas 500 Mg, 6 Cápsulas",3,541.83,474.0,372.3,779.19,0,372.3,MLM2425485723,FARMACEUTICADELSURESTE,97568,vendedor_con_mas_ventas,2026-09-29,
7501064560163,MLM45287669,"Iodex Cristal Ungüento, 1 Frasco 60 G",10,133.63,124.84,70.0,199.0,0,70.0,MLM3777059984,MERCADOLIBRE CPG_MX,26949522,vendedor_con_mas_ventas,2026-09-29,
7501299307694,MLM39474831,"Seltaferon Cápsulas 75 Mg, 10 Cápsulas",11,524.83,518.0,309.0,997.88,0,319.0,MLM4783795542,JUGUETERIA BIG-BOSS,117218,vendedor_con_mas_ventas,2026-09-29,
7501314702749,MLM40170156,"Arfla Tabletas 200 Mg, 12 Tabletas",3,460.2,465.0,369.6,546.0,0,369.6,MLM4012994366,FARMACEUTICADELSURESTE,97568,vendedor_con_mas_ventas,2026-09-29,
7502209710108,MLM39472581,"Lysomucil Tableta 600 Mg, 20 Tabletas",14,422.11,405.0,325.0,796.02,0,499.0,MLM3494732960,MIALIVIO_FARMA,114074,vendedor_con_mas_ventas,2026-09-29,
7501065095978,MLM40170534,"Centrum Performance Multivitaminico, Con Complejo B y Magnesio, 30 Tabletas",6,235.31,234.01,154.04,488.74,1,154.04,MLM4054093122,MERCADOLIBRE CPG_MX,26949522,vendedor_con_mas_ventas,2026-09-29,
7502250343072,,,,,,,,,,,,,,2026-09-29,sin producto de catálogo para el GTIN
020800756440,MLM40172124,"Pepto Bismol Cereza Suspensión, 1 Frasco 118 Ml",5,177.01,159.0,142.0,245.16,0,142.0,MLM2486659765,FARMACIASWOWOSADECV,32048,vendedor_con_mas_ventas,2026-09-29,
7501318697409,MLM39455695,"Canesten V Óvulo 500 Mg, 1 Óvulo",9,302.52,247.0,162.82,492.35,0,162.82,MLM3398589838,MERCADOLIBRE CPG_MX,26949522,vendedor_con_mas_ventas,2026-09-29,
7501258215046,MLM39473839,"Binotal Tabletas 1 G, 28 Tabletas",2,993.9,993.9,615.0,1372.81,0,1372.81,MLM2720529169,ASI PROVEEDORASDERL,13871,vendedor_con_mas_ventas,2026-09-29,
4015630006779,MLM23594729,Lancetas Accu-Chek Softclix - Caja con 200 unidades,12,368.08,357.25,229.0,670.88,0,238.16,MLM4471516548,MERCADOLIBRE CPG_MX,26949522,vendedor_con_mas_ventas,2026-09-29,
7501056346058,MLM27972091,"Pond's Clarant B3 Crema Facial Antimanchas SPF 15, Piel Mixta, 100 g",5,246.8,225.0,147.0,403.0,0,147.0,MLM4008667468,FARMACEUTICADELSURESTE,97568,vendedor_con_mas_ventas,2026-09-29,
7501001168933,MLM39475468,"Vick 44 Jarabe Sabor Cereza, 1 Frasco 240 Ml",7,409.24,365.0,341.0,643.7,0,341.0,MLM2606906979,FARMACIASWOWOSADECV,32048,vendedor_con_mas_ventas,2026-09-29,
7501314701650,MLM39475520,"Bredelin Tabletas 750 Mg, 7 Tabletas",6,1137.64,1029.5,820.0,1921.33,0,895.5,MLM2425395479,FARMACEUTICADELSURESTE,97568,vendedor_con_mas_ventas,2026-09-29,
7503003738404,MLM39455681,"Rosel Cápsulas 50/3/300 Mg, 24 Cápsulas",18,75.21,87.0,36.78,199.0,2,36.84,MLM3471866866,GRUPO AGNEZ,488525,vendedor_con_mas_ventas,2026-09-29,
7501125100116,MLM39475543,"Solución Cs Pisa Solución 0,9 G, 1 Frasco Plástico 250 Ml",10,93.13,95.5,58.0,199.0,1,58.0,MLM5347615134,FARMACIA INTEGRAL,1529023,vendedor_con_mas_ventas,2026-09-29,
7509546073767,MLM18972503,Desodorante en Aerosol Stefano Black 159ml,,,,,,,,,,,,2026-09-29,sin publicaciones de otros vendedores
7501088509902,MLM39475933,"Gitrasek Cápsulas, 12 Cápsulas",3,860.62,698.0,667.0,1216.86,0,667.0,MLM3533862250,FARMACEUTICADELSURESTE,97568,vendedor_con_mas_ventas,2026-09-29,
7501089800664,MLM39473591,"Atemperator Tableta De Liberación Prolongada 600 Mg, 20 Tabletas",14,1045.79,1013.5,789.0,2366.64,1,799.0,MLM2202504283,MIALIVIO_FARMA,114074,vendedor_con_mas_ventas,2026-09-29,
7501124184018,MLM39474842,"Lacteol Fort Cápsula 10 Mil Millones, 16 Cápsulas",5,715.04,713.22,632.61,779.37,0,713.22,MLM2204158143,MIALIVIO_FARMA,114074,vendedor_con_mas_ventas,2026-09-29,
7509546073774,MLM17017219,Desodorante en aerosol Stefano Spazio 159 ml,,,,,,,,,,,,2026-09-29,sin publicaciones de otros vendedores
1306881052183,,,,,,,,,,,,,,2026-09-29,sin producto de catálogo para el GTIN
7501314704149,MLM40170568,"Supositorios Senosiain Adulto 2632 Mg, 20 Supositorios",9,151.01,136.0,99.0,219.56,0,99.0,MLM2742736781,FARMACIA INTEGRAL,1529023,vendedor_con_mas_ventas,2026-09-29,
7501123011209,MLM40170538,"Cardispan Tabletas Masticables 1 G, 20 Tabletas",11,729.74,688.0,560.0,1818.72,1,640.0,MLM3534479036,FARMACIA INTEGRAL,1529023,vendedor_con_mas_ventas,2026-09-29,
7501070903572,MLM39474187,"Dostein Cápsulas 300 Mg, 20 Cápsulas",8,713.11,647.96,553.41,1261.51,0,626.05,MLM3497651986,MIALIVIO_FARMA,114074,vendedor_con_mas_ventas,2026-09-29,
354312625018,MLM39455541,"Bálsamo Ungüento 8G/ 16G/ 100G, 1Tubo 45G Rocainol",9,97.72,87.23,76.13,199.0,1,76.13,MLM4702140066,DR.SANITO,184623,vendedor_con_mas_ventas,2026-09-29,
7501326001137,MLM40170667,Januvia Sitagliptina 100 mg caja con 28 comprimidos,8,2131.55,2007.26,1372.0,4005.14,0,1837.38,MLM4465901684,MERCADOLIBRE CPG_MX,26949522,vendedor_con_mas_ventas,2026-09-29,
7501027565518,MLM21301400,Protectores Para Lactancia Evenflo Absorgel 48 Pzas,7,193.4,195.0,160.0,239.0,0,160.0,MLM2795417780,FARMACIA INTEGRAL,1529023,vendedor_con_mas_ventas,2026-09-29,
7501871720606,MLM60736500,Geslutin Capsula 100mg Caja Con 30 Capsulas Asofarma,7,954.3,975.13,496.0,1786.0,0,540.0,MLM4626913276,DR.SANITO,184623,vendedor_con_mas_ventas,2026-09-29,
073796712105,MLM22960283,Monitor De Presión Arterial Omron Hem-7121j,3,886.15,847.0,814.45,997.0,0,814.45,MLM4553971414,FARMACIA INTEGRAL,1529023,vendedor_con_mas_ventas,2026-09-29,
7501088575396,MLM39455755,"Troferit Jarabe 0,3 G, 1 Frasco 120 Ml + Vaso Dosificador",8,229.71,233.0,186.0,469.78,1,227.0,MLM3533836682,FARMACEUTICADELSURESTE,97568,vendedor_con_mas_ventas,2026-09-29,
7501124186203,,,,,,,,,,,,,,2026-09-29,sin producto de catálogo para el GTIN
7791293033471,MLM17416184,Desodorante para Pies en Aerosol Rexona Efficient Original 153ml,1,213.52,213.52,213.52,213.52,0,213.52,MLM4372722282,VITAUMEDICALSAPIDECV,26045,vendedor_con_mas_ventas,2026-09-29,
7506425625550,MLM19538597,Tampones Kotex Unika Digitales Flujo Abundante 12 Piezas,8,118.28,122.95,33.99,289.0,1,33.99,MLM2934813374,MERCADOLIBRE CPG_MX,26949522,vendedor_con_mas_ventas,2026-09-29,
7502253604804,MLM67178316,Protector Solar Barra Fotosun Uv 100 Fps 50 Minions Stick,1,229.0,229.0,229.0,229.0,0,229.0,MLM2824154367,DACLAF PHARMA,24265,vendedor_con_mas_ventas,2026-09-29,
7506306226739,MLM17017189,Desodorante Axe Conviction Spray 48h Maxima Frescura 150ml,1,185.84,185.84,185.84,185.84,0,185.84,MLM4372950618,VITAUMEDICALSAPIDECV,26045,vendedor_con_mas_ventas,2026-09-29,
7501299300909,MLM39455648,"Dafloxen F Tabletas, 16 Tabletas",8,275.16,238.5,180.0,462.57,0,230.0,MLM2422564809,FARMACEUTICADELSURESTE,97568,vendedor_con_mas_ventas,2026-09-29,
7501318644335,MLM45356863,"Canesten Crema 1 %, 1 Tubo 30 G",7,146.73,154.0,90.88,199.0,0,90.88,MLM2350603259,MERCADOLIBRE CPG_MX,26949522,vendedor_con_mas_ventas,2026-09-29,
7501417007550,,,,,,,,,,,,,,2026-09-29,sin producto de catálogo para el GTIN
7501298219509,MLM40172054,"Dabex Tabletas 500 Mg, 60 Tabletas",8,858.81,804.35,590.0,1411.78,0,760.0,MLM3530752374,FARMACIA INTEGRAL,1529023,vendedor_con_mas_ventas,2026-09-29,
7506425601790,MLM21785649,Toallitas húmedas KleenBebé Kimbies 90 u pack x 1,10,84.42,78.99,57.64,115.74,0,58.0,MLM2422479363,FARMACEUTICADELSURESTE,97568,vendedor_con_mas_ventas,2026-09-29,
7501871720774,MLM42118734,"Contumax Polvo 17 G, 15 Sobres",6,851.88,862.59,509.99,1156.37,0,576.18,MLM2316717907,FARMACIA PRIXZ,105668,vendedor_con_mas_ventas,2026-09-29,
7891317027506,MLM47286317,"Keflex Tableta 500 Mg, 21 Tabletas",5,1460.25,1562.0,1280.0,3136.02,1,1600.0,MLM4013030986,FARMACEUTICADELSURESTE,97568,vendedor_con_mas_ventas,2026-09-29,
7501054556862,,,,,,,,,,,,,,2026-09-29,sin producto de catálogo para el GTIN
7501056330286,MLM27510485,Crema Aclaradora Pond's Clarant B3 para piel seca de 400g +20 años,13,289.51,279.0,172.0,666.0,1,172.0,MLM4238593448,SHOPYMANIA,204901,vendedor_con_mas_ventas,2026-09-29,
650240039706,MLM24288411,Pack x2 Medicasp Shampoo Anti-Caspa con Ketokonazol 1%. Contiene 2 botellas de 130ml.,2,305.5,305.5,249.0,362.0,0,249.0,MLM2362452220,MERCADOLIBRE CPG_MX,26949522,vendedor_con_mas_ventas,2026-09-29,
041333404486,MLM74809585,Pila Duracell Alcalina AAA Con 5,3,560.33,562.0,190.0,929.0,0,190.0,MLM5811993150,ESENCIA_Y_CUIDADO,83749,vendedor_con_mas_ventas,2026-09-29,
8430308001379,MLM40170627,"Dimoflax Cápsula 0.5 Mg/200 Mg, 45 Cápsulas",8,1418.76,1298.5,1229.0,2371.16,0,1249.98,MLM2202434119,MIALIVIO_FARMA,114074,vendedor_con_mas_ventas,2026-09-29,
7509546061665,MLM17017862,Desodorante En Gel Men Speed Stick 24/7 Xtreme Intense 85gr Speed Stick Lx,2,119.52,119.52,52.0,187.04,0,52.0,MLM1481509496,MERCADOLIBRE CPG_MX,26949522,vendedor_con_mas_ventas,2026-09-29,
7503027446279,MLM39473482,"Gelubrin 600 Cápsula 600 Mg, 10 Cápsulas",13,84.7,79.0,59.9,134.0,0,60.0,MLM2422483889,FARMACEUTICADELSURESTE,97568,vendedor_con_mas_ventas,2026-09-29,
7501065020970,MLM47542821,"Proctoglyvenol Procto Glyvenol 400/40 Mg Caja C/5 Supositorios - Glaxosmithkline consumer healthcare méxico, s. de r. l. de c.v.",8,373.44,364.6,201.62,589.9,0,201.62,MLM5390183080,MERCADOLIBRE CPG_MX,26949522,vendedor_con_mas_ventas,2026-09-29,
7509546029139,MLM17017667,Desodorante en Gel Men Speed Stick Xtreme Night 85g,4,113.97,116.95,52.0,170.0,0,52.0,MLM2037244789,MERCADOLIBRE CPG_MX,26949522,vendedor_con_mas_ventas,2026-09-29,
7501300421531,MLM47290788,"Dolac Cápsula 10 Mg, 20 Cápsulas",4,270.0,279.0,233.0,289.0,0,273.0,MLM5722601682,MIALIVIO_FARMA,114074,vendedor_con_mas_ventas,2026-09-29,
3592619321609,MLM19509512,Crema Corporal Emoliente Dexeryl Crema Hidratante y Reparadora para Piel Seca Muy Seca y/o con Tendencia Atópica Textura Ligera Ideal para Rutina de Skincare Sin Perfume 500g,20,606.18,566.64,390.0,1408.0,1,390.0,MLM1480475581,FARMACIA INTEGRAL,1529023,vendedor_con_mas_ventas,2026-09-29,
7502214983375,MLM48935972,"Levonorgestrel Prudence Levonorgestrel 1.5 Mg Caja C/1 Tabletas Prudence - Laboratorios columbia, s.a. de c.v.",4,135.0,121.5,98.0,199.0,0,129.0,MLM3946170414,SANORIMFARMACIA,64851,vendedor_con_mas_ventas,2026-09-29,
7501318649071,MLM39476406,"Baycuten Crema 1 G/0.04 G/100 G, 1 Tubo 30 G",9,676.33,638.0,359.0,1019.9,0,578.16,MLM3521166192,FARMACIA PRIXZ,105668,vendedor_con_mas_ventas,2026-09-29,
7501059225350,MLM15060964,Leche de fórmula en polvo sin TACC Nestlé Nido Kinder en lata de 1 de 800g - 2 meses a 3 años,7,293.39,270.0,189.0,399.0,0,270.0,MLM3395774331,FARMACIA_DIGITAL,29498,vendedor_con_mas_ventas,2026-09-29,
7501058367129,MLM18978658,"Sico® Safety, Condones de Hule Látex, caja de 3 pzas",5,153.26,138.0,124.0,217.31,0,136.0,MLM4008667592,FARMACEUTICADELSURESTE,97568,vendedor_con_mas_ventas,2026-09-29,
7501033962530,MLM36967936,Ensure Advance Con Sabor A Café De 237 Ml,1,187.0,187.0,187.0,187.0,0,187.0,MLM3139858725,FARMACIAVYSALUD,6373,vendedor_con_mas_ventas,2026-09-29,
7501054503095,MLM21330534,Crema Corporal Humectante Nivea Creme Vitamina E,15,139.94,139.0,54.9,218.04,0,54.9,MLM1903523403,MERCADOLIBRE CPG_MX,26949522,vendedor_con_mas_ventas,2026-09-29,
7501034605115,MLM40173332,"Jardianz Tabletas 25 Mg, 30 Tabletas",11,2044.22,2695.39,1090.0,5415.23,1,1450.0,MLM2220771161,FARMACIA INTEGRAL,1529023,vendedor_con_mas_ventas,2026-09-29,
7502214980015,MLM18978747,Condones de Látex Prudence Clásico 3 Condones Lubricados,20,96.1,97.0,39.0,197.04,1,115.0,MLM5085593528,FARMACIAS BS,199720,vendedor_con_mas_ventas,2026-09-29,
7501088504501,MLM40655137,"Meteospasmyl Cápsula 60 Mg/300 Mg, 20 Cápsulas",11,912.39,855.36,745.0,1561.19,0,745.0,MLM3564521663,FARMACIA INTEGRAL,1529023,vendedor_con_mas_ventas,2026-09-29,
7502208894779,MLM42269434,"Tribedoce Tabletas 100 Mg/5 Mg/50 Mcg, 30 Tabletas",20,82.13,83.56,58.9,199.0,1,68.0,MLM2661390445,FARMACIA INTEGRAL,1529023,vendedor_con_mas_ventas,2026-09-29,
7501298214375,MLM39473435,"Denvar Cápsulas 400 Mg, 6 Cápsulas",6,1172.6,1249.0,940.0,2581.53,1,1345.0,MLM2425408537,FARMACEUTICADELSURESTE,97568,vendedor_con_mas_ventas,2026-09-29,
070330717541,MLM19783878,Tarjeta con 12 dispositivos Bic Comfort 3 Normal-móvil (azul),,,,,,,,,,,,2026-09-29,sin publicaciones de otros vendedores
7501008495339,MLM39455881,"Tabcin Tableta 500 Mg/8 Mg/2 Mg, 60 Tabletas",3,387.65,310.94,278.19,573.83,0,310.94,MLM2378964123,MERCADOLIBRE CPG_MX,26949522,vendedor_con_mas_ventas,2026-09-29,
7501300407023,MLM39474979,"Dolac 30 Tableta Sublingual 30 Mg, 4 Tabletas",8,228.43,232.0,190.0,279.0,0,190.0,MLM5540654718,FARMACIA INTEGRAL,1529023,vendedor_con_mas_ventas,2026-09-29,
7501070613549,MLM39474231,"Amoxil Suspensión 250 Mg/5 Ml, 1 Frasco 75 Ml + Cuchara Dosificadora",2,295.0,295.0,280.0,310.0,0,280.0,MLM2425395483,FARMACEUTICADELSURESTE,97568,vendedor_con_mas_ventas,2026-09-29,
7501583300325,MLM53397164,Utrogestan Progesterona 200 Mg C/14 Capsulas,9,805.25,1040.0,447.0,2097.28,1,585.0,MLM4299135716,DR.SANITO,184623,vendedor_con_mas_ventas,2026-09-29,
7501314702756,MLM40172200,"Arfla Tabletas 200 Mg, 28 Tabletas",7,903.14,840.0,703.8,1514.12,0,703.8,MLM2425369743,FARMACEUTICADELSURESTE,97568,vendedor_con_mas_ventas,2026-09-29,
7509546687353,MLM18971640,Pasta Dental Colgate Máxima Protección Anticaries 100ml,2,95.0,95.0,92.0,98.0,0,92.0,MLM4008615232,FARMACEUTICADELSURESTE,97568,vendedor_con_mas_ventas,2026-09-29,
7791293025780,MLM17017134,Desodorante en aerosol Axe Apollo 150 ml,2,145.28,145.28,104.73,185.84,0,185.84,MLM4372851294,VITAUMEDICALSAPIDECV,26045,vendedor_con_mas_ventas,2026-09-29,
7501299307144,MLM39474790,"Lodestar-zid Tabletas Recubiertas 50 Mg/12,5 Mg, 30 Tabletas",6,985.64,877.33,823.0,1593.9,0,854.66,MLM3464431194,FARMACIA PRIXZ,105668,vendedor_con_mas_ventas,2026-09-29,
354312225010,MLM45287879,"Derman Crema, 1 Tubo 25 G",8,54.5,57.5,32.0,199.0,2,32.0,MLM2350603125,MERCADOLIBRE CPG_MX,26949522,vendedor_con_mas_ventas,2026-09-29,
383017491338,,,,,,,,,,,,,,2026-09-29,sin producto de catálogo para el GTIN
7501298244808,MLM40171900,"Glucovance Tableta 500 Mg/2,5 Mg, 60 Tabletas",7,608.33,689.0,433.0,2199.73,1,433.0,MLM3483796279,MIALIVIO_FARMA,114074,vendedor_con_mas_ventas,2026-09-29,
7501168810508,MLM40172179,"Ursofalk Cápsula 250 Mg, 50 Cápsulas",9,697.27,660.0,579.0,1100.49,0,589.0,MLM2202437885,MIALIVIO_FARMA,114074,vendedor_con_mas_ventas,2026-09-29,
7501070615451,MLM39473504,"Zanidip Tabletas 10 Mg, 30 Tabletas",6,1921.42,1676.12,1450.0,3347.41,0,1583.23,MLM2185882165,FARMACIA PRIXZ,105668,vendedor_con_mas_ventas,2026-09-29,
7501054500193,MLM39406936,Crema Corporal Humectante Nivea Creme Vitamina E,13,252.6,237.9,76.35,420.03,0,76.35,MLM3326841688,MERCADOLIBRE CPG_MX,26949522,vendedor_con_mas_ventas,2026-09-29,
7501573900115,MLM50869543,"Biomesina Compuesta grageas 10/250 mg, 10 grageas - Biomep, s.a. de c.v.",13,116.7,103.2,74.99,299.0,1,99.0,MLM2347781149,FARMACIAS BS,199720,vendedor_con_mas_ventas,2026-09-29,
7500435253536,MLM62870566,"Tampax Pearl Super Tampones para Flujo Abundante, 8 Unidades. Doble protección que Bloquea Fugas",2,92.58,92.58,50.15,135.0,0,50.15,MLM4490374286,MERCADOLIBRE CPG_MX,26949522,vendedor_con_mas_ventas,2026-09-29,
7501314701834,MLM39474008,"Ciproflox Cápsulas 500 Mg, 6 Cápsulas",5,595.96,558.0,383.94,929.85,0,383.94,MLM2425472783,FARMACEUTICADELSURESTE,97568,vendedor_con_mas_ventas,2026-09-29,
7501846503777,MLM18985244,Cera Para Peinar Xiomara Wax & Shine Modeladora Ring 60g,6,128.23,126.0,84.0,158.86,0,125.0,MLM2248718618,FARMACIA INTEGRAL,1529023,vendedor_con_mas_ventas,2026-09-29,
7501088507854,MLM39475664,"Gabirol Cáspula 100 Mg, 14 Cápsulas",5,532.85,519.0,419.0,783.6,0,419.0,MLM2422473621,FARMACEUTICADELSURESTE,97568,vendedor_con_mas_ventas,2026-09-29,
7501124103323,MLM39473876,"Cyclofémina Suspensión Inyectable En Jeringa Precargada, 1 Jeringa Prellenada 0,5 Ml",7,673.07,699.4,594.0,1476.22,1,594.0,MLM3744222178,FARMACIA PRIXZ,105668,vendedor_con_mas_ventas,2026-09-29,
7501008499177,MLM25550243,Elevit 2 Omegas Sup Alimenticio Con Dha&acido Folico Cap C28 Sabor Neutro,2,527.0,527.0,348.0,706.0,0,348.0,MLM2975887302,MERCADOLIBRE CPG_MX,26949522,vendedor_con_mas_ventas,2026-09-29,
7506484500447,,,,,,,,,,,,,,2026-09-29,sin producto de catálogo para el GTIN
7501019036422,MLM16011058,Tampones Saba Súper Plus con Aplicador Compacto 10 Piezas,4,71.46,85.69,43.0,237.0,1,43.0,MLM1332588989,MERCADOLIBRE CPG_MX,26949522,vendedor_con_mas_ventas,2026-09-29,
7501390911035,MLM39473692,"Italdermol Óvulo 0,6 Mg, 6 Óvulos",11,741.98,662.0,610.0,1205.19,0,610.0,MLM2202491775,MIALIVIO_FARMA,114074,vendedor_con_mas_ventas,2026-09-29,
7501100088170,MLM47334951,"Tylenol Suspension Infantil Cereza 3.2/100 Mg/G C/120 Ml - JOHNSON & JOHNSON, S.A. DE C.V.",8,301.92,270.5,183.0,500.25,0,258.39,MLM2330914885,FARMACIA PRIXZ,105668,vendedor_con_mas_ventas,2026-09-29,
7501299308806,MLM39475656,"Continental Tabletas 10 Mg, 20 Tabletas",10,860.14,892.5,769.0,1889.15,1,790.0,MLM2197861935,FARMACIA INTEGRAL,1529023,vendedor_con_mas_ventas,2026-09-29,
7501299335017,MLM40615071,"Quimara-1 Imiquimod Crema 50 Mg/g, 1 Tubo 3 G",9,1504.03,1422.0,1178.0,2743.28,0,1280.0,MLM3659238564,FARMACIA INTEGRAL,1529023,vendedor_con_mas_ventas,2026-09-29,
7501022101681,MLM39474552,"Reumophan-vit Tableta 250 Mg/50 Mg/50 Mg/50 Mg, 20 Tabletas",7,831.85,755.95,662.0,1353.83,0,755.95,MLM2204079507,MIALIVIO_FARMA,114074,vendedor_con_mas_ventas,2026-09-29,
7501070615321,MLM65935966,Daflon 1000mg Caja Con 30 Tabletas Sanfer,2,1529.0,1529.0,1459.0,1599.0,0,1599.0,MLM2831409809,MVONLINECOMMX,12105,vendedor_con_mas_ventas,2026-09-29,
7501125140723,MLM39473316,"Naxifelar Suspensión Oral 250 Mg/5 Ml, 1 Frasco 100 Ml + Cuchara Dosificadora",3,684.9,637.0,472.0,945.7,0,637.0,MLM4167124564,FARMACIASWOWOSADECV,32048,vendedor_con_mas_ventas,2026-09-29,
7500435145497,MLM48915995,"NyQuil Z Nyquil Z 25 Mg Caja C/ 30 Capsulas - Procter & gamble manufactura, s. de r.l. de c.v.",7,521.9,549.0,443.68,572.75,0,508.86,MLM2316730325,FARMACIA PRIXZ,105668,vendedor_con_mas_ventas,2026-09-29,
7501070903619,MLM39473667,"Dostein Polvo Para Suspensión Oral 175 Mg/5 Ml, 1 Frasco 90 Ml",7,656.94,593.0,523.71,1148.44,0,523.71,MLM2193378497,FARMACIA PRIXZ,105668,vendedor_con_mas_ventas,2026-09-29,
7501008409534,MLM48917702,"Saridon 500/50 Mg C/100 Comprimidos - Bayer de méxico, s.a. de c.v.",7,451.09,424.71,303.0,719.51,0,303.0,MLM5389562998,MERCADOLIBRE CPG_MX,26949522,vendedor_con_mas_ventas,2026-09-29,
7502216934474,MLM39473779,"Cuyulid Comprimido 70 Mg/5600 Ui, 4 Comprimidos",13,1296.58,1298.0,880.0,2566.0,0,1009.18,MLM2470819905,MERCADOLIBRE CPG_MX,26949522,vendedor_con_mas_ventas,2026-09-29,
7791293035895,MLM66491574,Desodorante Para Pies Efficient Antibacterial 153 ML Rexona,,,,,,,,,,,,2026-09-29,sin publicaciones de otros vendedores
7501871720941,MLM39474497,"Comenter Comprimido 30 Mg, 30 Comprimidos",9,2221.2,2323.04,1999.0,4661.01,1,2405.15,MLM3497721000,MIALIVIO_FARMA,114074,vendedor_con_mas_ventas,2026-09-29,
7501080912274,MLM53902673,Stérimar Solución Humidificante Nasal Bebé 50 ml. Mejora la Respiración. Para la Higiene y Limpieza Diaria. Con Boquilla Pediátrica de Seguridad. Facilita la Alimentación y Promueve un Sueño Tranquilo,5,361.43,385.0,179.0,492.27,0,179.0,MLM2470685299,MERCADOLIBRE CPG_MX,26949522,vendedor_con_mas_ventas,2026-09-29,
7501072670007,MLM21818931,Cepillo de dientes Clinic Ortodoncia 67 medio pack x 6 unidades,4,76.24,77.5,73.72,700.0,1,76.0,MLM2226638791,ESENCIA_Y_CUIDADO,83749,vendedor_con_mas_ventas,2026-09-29,
7501123011803,MLM39473981,"Fitoestimulina Óvulos, 6 Óvulos",10,675.62,625.38,570.0,1156.79,0,602.24,MLM3494802714,MIALIVIO_FARMA,114074,vendedor_con_mas_ventas,2026-09-29,
7501072300157,MLM48946485,Ting|Crema|tratamiento preventivo diario|Pie de Atleta|72g,13,231.52,211.0,179.0,435.56,1,179.0,MLM2350603283,MERCADOLIBRE CPG_MX,26949522,vendedor_con_mas_ventas,2026-09-29,
7501165006171,MLM39455583,Allegra Suspensión Pediátrica para Rinitis Alérgica y Urticaria 150 ml. Controla los Síntomas de Alergia en niños de 6 Meses a 11 Años,12,658.73,665.04,380.0,1724.17,1,397.0,MLM2163867595,MERCADOLIBRE CPG_MX,26949522,vendedor_con_mas_ventas,2026-09-29,
4015672113985,MLM52062858,Omron M2+ Monitor De Presión De Brazo Hem-7146-e Color Blanco,1,780.0,780.0,780.0,780.0,0,780.0,MLM2362878965,FARMACIA INTEGRAL,1529023,vendedor_con_mas_ventas,2026-09-29,
7501056326173,MLM27998637,Crema Facial Pond's S Humectante 400 G,18,260.95,250.0,105.63,486.0,0,105.63,MLM1975045803,MERCOSUPERMERCADO,648065,vendedor_con_mas_ventas,2026-09-29,
7501006842104,MLM41443328,Balsamo Labial Laboratorios Azteca Clasico Exhibidor 60x2.5g,2,580.5,580.5,540.0,621.0,0,621.0,MLM4008615132,FARMACEUTICADELSURESTE,97568,vendedor_con_mas_ventas,2026-09-29,
7501007535487,MLM72213207,Motrin Pediátrico Frasco con 15 ml,6,179.77,180.83,132.08,219.9,0,132.08,MLM5461988468,MERCADOLIBRE CPG_MX,26949522,vendedor_con_mas_ventas,2026-09-29,
7501300407054,MLM39463284,"Febrax Supositorio 100 Mg/200 Mg, 5 Supositorios",8,223.8,202.5,178.0,387.11,0,199.0,MLM3139367273,MIALIVIO_FARMA,114074,vendedor_con_mas_ventas,2026-09-29,
7501125175596,MLM39474460,"Amoxiclav-bid Suspensión 400 Mg/57,1 Mg/5 Ml, 1 Frasco 70 Ml + Jeringa Dosificadora",3,544.79,471.0,428.0,735.38,0,428.0,MLM4166996366,FARMACIASWOWOSADECV,32048,vendedor_con_mas_ventas,2026-09-29,
354312225133,MLM76762519,Vitacilina Pomada 28g Neomicina 0.350g Y Retinol 100 000 Ui,6,128.63,133.89,52.0,199.0,0,52.0,MLM3560800312,MERCADOLIBRE CPG_MX,26949522,vendedor_con_mas_ventas,2026-09-29,
7501086494262,MLM19926248,Cepillo Dental Oral - B Con Cerdas Indicadoras,2,86.0,86.0,72.0,100.0,0,72.0,MLM4008641418,FARMACEUTICADELSURESTE,97568,vendedor_con_mas_ventas,2026-09-29,
7501314704712,MLM39476160,"Unamol Comprimido 10 Mg, 30 Comprimidos",7,769.77,674.19,586.5,1301.65,0,674.19,MLM3521144714,FARMACIA PRIXZ,105668,vendedor_con_mas_ventas,2026-09-29,
7501471800029,MLM47286410,"Klonaza Cápsula 80 Mg/80 Mg/125 Mg, 20 Cápsulas",7,634.22,598.0,499.0,1008.07,0,522.0,MLM2338892929,FARMACEUTICADELSURESTE,97568,vendedor_con_mas_ventas,2026-09-29,
7501065095947,MLM45287578,"Centrum Silver +50 Multivitamínico Adultos con Vitamina B, Vitamina C, Calcio Potasio y Zinc 30 Tabletas",9,252.3,244.02,169.0,507.38,1,169.0,MLM2221827862,MERCADOLIBRE CPG_MX,26949522,vendedor_con_mas_ventas,2026-09-29,
37501023108888,,,,,,,,,,,,,,2026-09-29,sin producto de catálogo para el GTIN
650240005398,MLM53499078,Silka Medic Gel Tratamiento Pie de Atleta. Tubo con 30g,8,192.01,194.97,102.13,398.25,1,102.13,MLM3990977184,MERCADOLIBRE CPG_MX,26949522,vendedor_con_mas_ventas,2026-09-29,
4001895928765,MLM19713511,Tegaderm Film 3M 10x12 Cm CAJA C/50 Parches,8,727.18,674.0,541.0,999.0,0,633.9,MLM1582183747,TIENDA.MÉDICA.4U,140090,vendedor_con_mas_ventas,2026-09-29,
1306881052244,,,,,,,,,,,,,,2026-09-29,sin producto de catálogo para el GTIN
7501035911376,MLM20043190,Crema Dental Colgate Total Clean Mint Prevención Activa 150ml,1,179.0,179.0,179.0,179.0,0,179.0,MLM2999588415,CACR7027371,881,vendedor_con_mas_ventas,2026-09-29,
7506306249042,MLM25862756,Vaseline Petrolato Puro 85 G Seca Día/noche,12,161.41,188.86,71.33,387.0,1,71.33,MLM1929986621,MERCADOLIBRE CPG_MX,26949522,vendedor_con_mas_ventas,2026-09-29,
7502250343065,,,,,,,,,,,,,,2026-09-29,sin producto de catálogo para el GTIN
7501565609521,MLM52067871,Galia Gasa Simple 10x10 Cm Bolsa Con 10 Piezas Esterilizadas Color Blanco,3,57.23,61.0,53.46,370.0,1,53.46,MLM3810502978,FARMACIA PRIXZ,105668,vendedor_con_mas_ventas,2026-09-29,
7502253604798,MLM67882952,Protector Solar En Barra Stick Fotosun Uv100 Fps 50+ 20 G,2,259.0,259.0,249.0,269.0,0,249.0,MLM5186006690,DACLAF PHARMA,24265,vendedor_con_mas_ventas,2026-09-29,
7501056330316,MLM23261302,Crema Facial Clarant B3 Piel Balanceada A Grasa Pond's 200g,10,320.65,304.0,218.0,486.0,0,218.0,MLM2423458285,FARMACEUTICADELSURESTE,97568,vendedor_con_mas_ventas,2026-09-29,
759684901409,MLM19504353,Fijador De Cabello Super Punck 250 Ml Jaloma,5,137.47,150.0,98.9,331.55,1,98.9,MLM2054476639,DR.SANITO,184623,vendedor_con_mas_ventas,2026-09-29,
7501299300251,MLM39474747,"Flagenase Tabletas 500 Mg, 30 Tabletas",6,271.9,242.0,218.0,442.89,0,218.0,MLM2422515619,FARMACEUTICADELSURESTE,97568,vendedor_con_mas_ventas,2026-09-29,
7501314701353,MLM39476243,"Biomics Suspensión 100 Mg/5 Ml, 1 Frasco 50 Ml + Pipeta Dosificadora",6,859.89,904.5,669.9,2062.99,1,680.55,MLM2425408517,FARMACEUTICADELSURESTE,97568,vendedor_con_mas_ventas,2026-09-29,
7501314701698,,,,,,,,,,,,,,2026-09-29,sin producto de catálogo para el GTIN
7501300421524,MLM45378475,"Dolac Cápsula 10 Mg, 10 Cápsulas",5,188.48,202.0,146.0,224.4,0,149.0,MLM5722601200,MIALIVIO_FARMA,114074,vendedor_con_mas_ventas,2026-09-29,
7501035911062,MLM19754962,Pasta Dental Freska-ra Fortident 132 Grs,3,163.35,169.5,147.55,173.0,0,147.55,MLM3176933362,VITAUMEDICALSAPIDECV,26045,vendedor_con_mas_ventas,2026-09-29,
353885771504,MLM22938956,50 Tiras reactivas One Touch Ultra,12,595.4,596.5,354.0,899.0,0,477.0,MLM2325074550,FARMACIA INTEGRAL,1529023,vendedor_con_mas_ventas,2026-09-29,
7501299303085,MLM45284100,"Cicloferon Color Piel 5 % Crema, 1 Tubo 2 G",7,137.7,120.0,85.56,199.0,0,120.0,MLM3314872911,MIALIVIO_FARMA,114074,vendedor_con_mas_ventas,2026-09-29,
7500435230445,MLM43244150,"Nyquil Z Cápsula 25 Mg, 10 Cápsulas",4,205.7,190.08,127.3,315.33,0,182.16,MLM2339666591,FARMACIA PRIXZ,105668,vendedor_con_mas_ventas,2026-09-29,
7509546655000,MLM28038109,Mousse Palmolive Caprice Especialidades Rizos Definidos 200g,2,231.89,231.89,208.23,255.55,0,208.23,MLM4372863524,VITAUMEDICALSAPIDECV,26045,vendedor_con_mas_ventas,2026-09-29,
7501080111226,MLM18985434,Shampoo con Tinte Just for Men Fórmula Original Larga Duración Castaño Oscuro H45 66ml,5,399.06,342.0,265.0,599.32,0,342.0,MLM4008706126,FARMACEUTICADELSURESTE,97568,vendedor_con_mas_ventas,2026-09-29,
7502241941935,MLM40169846,"Janumet Xr Tableta 50 Mg/1000 Mg, 56 Tabletas",11,2122.31,1977.65,1661.0,3817.85,0,1977.65,MLM4466285326,MERCADOLIBRE CPG_MX,26949522,vendedor_con_mas_ventas,2026-09-29,
7501054500254,MLM27965098,Crema Corporal Nivea Creme Multipropósito Humectante 500ml,15,309.36,289.87,122.46,521.0,0,122.46,MLM2681702592,MERCADOLIBRE CPG_MX,26949522,vendedor_con_mas_ventas,2026-09-29,
3664798064704,MLM53271741,Jarabe Complete Kids Con Lisina 100 Ml Pharmaton Frutas,6,377.64,411.18,240.49,434.0,0,240.49,MLM2390492157,MERCADOLIBRE CPG_MX,26949522,vendedor_con_mas_ventas,2026-09-29,
7501846504569,MLM19504395,Cera Modeladora Para Cabello Apariencia Natural En Tendencia,6,107.5,101.0,51.0,172.0,0,51.0,MLM2031880933,FARMACIA INTEGRAL,1529023,vendedor_con_mas_ventas,2026-09-29,
7500435131834,MLM40170648,"Pepto Bismol Tabletas Sabor Original 262 Mg, 12 Tabletas",5,114.49,110.0,79.0,156.42,0,98.01,MLM3478592742,FARMACIA PRIXZ,105668,vendedor_con_mas_ventas,2026-09-29,
7501314701285,MLM39475313,"Zedesen Cápsula 400 Mg, 10 Cápsulas",4,1231.07,1247.1,1199.0,3183.97,1,1294.2,MLM2425472731,FARMACEUTICADELSURESTE,97568,vendedor_con_mas_ventas,2026-09-29,
7506306213906,MLM17018541,Desodorante Corporal en Aerosol Axe Ice Chill 150 ml,1,212.01,212.01,212.01,212.01,0,212.01,MLM4372838090,VITAUMEDICALSAPIDECV,26045,vendedor_con_mas_ventas,2026-09-29,
7800005082024,MLM16134274,"Hilo Dental Oral-B Essential Floss sin Sabor Remueve Placa entre los Dientes, 1 Unidad",15,179.48,180.0,89.81,394.0,1,89.81,MLM2328216429,MERCADOLIBRE CPG_MX,26949522,vendedor_con_mas_ventas,2026-09-29,
7501088507915,MLM39473409,"Koptin Suspensión 200 Mg/5 Ml, 1 Frasco 22,5 Ml + Vaso + Pipeta Dosificadora",4,557.48,499.5,444.0,786.91,0,549.0,MLM2469094983,DR.SANITO,184623,vendedor_con_mas_ventas,2026-09-29,
7502256732016,MLM18224574,Oxímetro de pulso para dedo Homecare INH01 blanco Dr.O2,2,324.0,324.0,278.0,370.0,0,278.0,MLM2308549307,S360,134933,vendedor_con_mas_ventas,2026-09-29,
20041333666420,MLM36457563,Tira Pila Duracell Aa 6 Pz,3,207.33,190.0,180.0,252.0,0,252.0,MLM3070261806,AOC PARTSTORE,42555,vendedor_con_mas_ventas,2026-09-29,
785118754204,MLM40172088,"Maviglin Tableta 500 Mg/5 Mg, 60 Tabletas",12,144.15,148.75,115.0,172.0,0,120.0,MLM4847171958,FARMACIA INTEGRAL,1529023,vendedor_con_mas_ventas,2026-09-29,
7501871720682,MLM39473880,"Tafirol Flex Tableta 300 Mg/250 Mg, 30 Tabletas",12,1171.08,1185.7,710.0,2235.23,0,1181.41,MLM3497671762,MIALIVIO_FARMA,114074,vendedor_con_mas_ventas,2026-09-29,
7506376000260,MLM34710539,"Vitacilina Crema Facial Aclaradora con Retinol, Uso Día y Noche, 100g, Todo Tipo de Piel",32,214.91,198.28,98.0,399.0,2,98.0,MLM2039696031,FARMACIA INTEGRAL,1529023,vendedor_con_mas_ventas,2026-09-29,
7500435252317,MLM51394125,"Dolo-neurobión Retard Tableta Liberación Prolongada 1/100/100/100 Mg, 10 Tabletas",1,339.3,339.3,339.3,339.3,0,339.3,MLM2422516039,FARMACEUTICADELSURESTE,97568,vendedor_con_mas_ventas,2026-09-29,
7501165011694,,,,,,,,,,,,,,2026-09-29,sin producto de catálogo para el GTIN
7501027553683,MLM26326877,Evenflo Cepillo y Peine Zoo Friends Clasic Empaque C/ 2 Pz,2,123.0,123.0,120.0,126.0,0,120.0,MLM2422479365,FARMACEUTICADELSURESTE,97568,vendedor_con_mas_ventas,2026-09-29,
312547321815,MLM25850225,Enjuague Bucal Listerine® Cool Mint 500 Ml,15,249.73,244.07,91.0,915.0,1,91.0,MLM2611001936,MERCADOLIBRE CPG_MX,26949522,vendedor_con_mas_ventas,2026-09-29,
7501825300724,MLM39455732,"Proxalin Plus Tabletas 250 Mg/300 Mg, 16 Tabletas",13,90.22,89.99,73.0,299.0,2,74.0,MLM2272085381,FARMACIAS BS,199720,vendedor_con_mas_ventas,2026-09-29,
7501314703647,MLM39473604,"Dimegan-d Jarabe 0.1 G/0.4 G/100 Ml, 1 Frasco 60 Ml",8,621.5,539.77,519.0,1036.1,0,540.54,MLM3777060928,FARMACIA PRIXZ,105668,vendedor_con_mas_ventas,2026-09-29,
7501287678034,MLM39474027,"Bonadoxina Tableta 25 Mg/50 Mg, 25 Tabletas",11,444.22,413.83,299.0,788.15,0,299.0,MLM3494686490,MIALIVIO_FARMA,114074,vendedor_con_mas_ventas,2026-09-29,
7509546056432,MLM17017563,Desodorante Antitranspirante En Gel Men Speed Stick Adn 85 G Aloe Vera,4,186.13,197.41,52.0,297.7,0,52.0,MLM922130988,MERCADOLIBRE CPG_MX,26949522,vendedor_con_mas_ventas,2026-09-29,
7501326004954,MLM40170666,Janumet 50 mg/1000 mg Caja con 56 Comprimidos,7,1948.24,1931.0,1656.78,4178.64,1,1899.37,MLM4466259996,MERCADOLIBRE CPG_MX,26949522,vendedor_con_mas_ventas,2026-09-29,
7501001245214,MLM42118730,"Metamucil Polvo Sabor Naranja Sobres, 10 Sobres 5,8 G",8,213.2,193.08,164.0,391.51,1,178.0,MLM2224624243,FARMACIA INTEGRAL,1529023,vendedor_con_mas_ventas,2026-09-29,
7501035911796,MLM20544944,Colonia Baby Magic by Mennen Para Bebé,1,390.0,390.0,390.0,390.0,0,390.0,MLM2534978461,ENVIAVASOS,16208,vendedor_con_mas_ventas,2026-09-29,
7702035457639,MLM19894560,Lubriderm Uv-15 Protección Solar x 400ml,12,262.45,264.81,173.25,361.11,0,173.25,MLM4431910984,FARMACIA PRIXZ,105668,vendedor_con_mas_ventas,2026-09-29,
736085412734,MLM48917970,Gaap PF Ofteno Latanoprost 0.05 mg/mL Solución Oftálmica 3 mL,8,846.81,887.0,713.0,2009.42,1,865.0,MLM3777056750,FARMACIA INTEGRAL,1529023,vendedor_con_mas_ventas,2026-09-29,
7501846505283,MLM18985273,Cera Para Peinar Xiomara Wax & Shine Modeladora Mate 60g,5,147.39,148.52,127.0,159.19,0,147.25,MLM1508674325,PETYPUP,12183,vendedor_con_mas_ventas,2026-09-29,
7501008409572,MLM45284709,"Berocca Comprimido Efervescente, 10 Comprimidos",10,265.6,245.0,154.8,467.65,0,154.8,MLM2042304929,MERCADOLIBRE CPG_MX,26949522,vendedor_con_mas_ventas,2026-09-29,
7501249602022,MLM27710077,Suplemento Alimenticio Previta Mom Vitaminas Y Minerales 30u Sabor Sin Sabor,13,500.08,499.0,350.0,667.52,0,350.0,MLM6130064436,SANSTORE-,333259,vendedor_con_mas_ventas,2026-09-29,
7509552828030,MLM20606389,"Garnier Fructis Hair Food Mascarilla Capilar Tratamiento 3 en 1 Reparador para Cabello Dañado y Seco, con Coco, Fórmula Vegana de 98% Origen Natural, Sin Siliconas, 350 ml",13,191.77,198.35,70.0,390.0,0,132.0,MLM4008589998,FARMACEUTICADELSURESTE,97568,vendedor_con_mas_ventas,2026-09-29,
7501846504859,MLM18985402,Cera Para Peinar Xiomara Wax & Shine Black 60g,9,117.81,127.0,50.0,199.0,0,50.0,MLM1759746919,FARMACIA INTEGRAL,1529023,vendedor_con_mas_ventas,2026-09-29,
7501089802071,MLM39476455,"Braxan Tableta 200 Mg, 20 Tabletas",12,701.11,668.65,515.0,1175.26,0,515.0,MLM2470756615,MERCADOLIBRE CPG_MX,26949522,vendedor_con_mas_ventas,2026-09-29,
7501088575495,MLM39455543,"Troferit Tableta 30 Mg, 15 Tabletas",9,235.78,219.0,190.0,418.17,0,201.96,MLM2195043089,FARMACIA PRIXZ,105668,vendedor_con_mas_ventas,2026-09-29,
7506376000253,MLM32482126,"Vitacilina Crema Facial Antiarrugas con Retinol y Ácido Hialurónico, Uso Día y Noche, 100g, Todo Tipo de Piel",32,209.41,199.0,98.0,399.0,2,98.0,MLM3395398063,FARMACIA INTEGRAL,1529023,vendedor_con_mas_ventas,2026-09-29,
7501054558965,,,,,,,,,,,,,,2026-09-29,sin producto de catálogo para el GTIN
7501125101069,MLM40172111,"Ficonax Tableta 1 G, 30 Tabletas",7,375.69,334.0,299.0,616.86,0,299.0,MLM5351733552,MERCADOLIBRE CPG_MX,26949522,vendedor_con_mas_ventas,2026-09-29,
7501086310401,MLM40269774,"Dalvear Jarabe Infantil Sabor Miel- Lima- Limón, 1 Frasco 200 Ml + Vaso Dosificador",10,404.48,379.06,279.0,715.8,0,385.11,MLM3466223932,FARMACIA PRIXZ,105668,vendedor_con_mas_ventas,2026-09-29,
7502239732071,MLM32378933,Test de Embarazo Digital Prebios Modelo Rápida Detector de hCG Un Uso,,,,,,,,,,,,2026-09-29,sin publicaciones de otros vendedores
7501035908147,MLM18984638,Talco Para Bebé Rosa Hipoalergénico Baby Magic Mennen 200g,7,220.05,219.35,79.0,395.0,0,79.0,MLM2897198375,SANSTORE-,333259,vendedor_con_mas_ventas,2026-09-29,
7509546029825,MLM17017621,Desodorante antitranspirante Palmolive Balance Neutro 65mL,6,119.63,129.08,95.0,298.0,1,95.0,MLM4008693524,FARMACEUTICADELSURESTE,97568,vendedor_con_mas_ventas,2026-09-29,
7501298204970,MLM40173143,"Dabex Tabletas 1000 Mg, 30 Tabletas",1,1360.4,1360.4,1360.4,1360.4,0,1360.4,MLM4708931378,ASI PROVEEDORASDERL,13871,vendedor_con_mas_ventas,2026-09-29,
8850006935033,MLM18963493,Talco para bebé Mennen Baby Magic Hipoalergénico 400 g,5,277.3,275.0,160.0,486.0,0,160.0,MLM5258738482,SANSTORE-,333259,vendedor_con_mas_ventas,2026-09-29,
7501088545658,MLM39473291,"Mydocalm-a Cápsula 50 Mg/300 Mg, 30 Cápsulas",7,685.9,619.0,558.0,1047.8,0,599.0,MLM2202486561,MIALIVIO_FARMA,114074,vendedor_con_mas_ventas,2026-09-29,
7506306244795,MLM58240215,Axe Bs Intense 97g/150ml Neutro,2,126.92,126.92,68.0,185.84,0,68.0,MLM2474851737,MERCADOLIBRE CPG_MX,26949522,vendedor_con_mas_ventas,2026-09-29,
7501001353377,MLM40172011,"Pepto Bismol Tabletas Sabor Cereza 262 Mg, 24 Tabletas",5,178.46,160.0,135.0,240.62,0,160.0,MLM3659135168,FARMACIA INTEGRAL,1529023,vendedor_con_mas_ventas,2026-09-29,
7501022103166,MLM53171534,Shampoo aclara y protege Manzanilla 250ml Ricitos de Oro,15,181.16,160.59,64.0,299.0,0,64.0,MLM3895101768,MERCADOLIBRE CPG_MX,26949522,vendedor_con_mas_ventas,2026-09-29,
7501054549796,MLM29576651,"Nivea Body Milk Crema Corporal Humectante Nutritiva para Piel Extra Seca, 100ml",5,106.88,134.23,68.31,298.99,1,68.31,MLM4307724042,FARMACIA PRIXZ,105668,vendedor_con_mas_ventas,2026-09-29,
7501293200946,MLM66785137,Pylopac Esquema Tripe Oral Con 7 Carteras,,,,,,,,,,,,2026-09-29,sin publicaciones de otros vendedores
093815996491,,,,,,,,,,,,,,2026-09-29,sin producto de catálogo para el GTIN
650240019999,MLM39455787,"Lomecan V Óvulos 200 Mg, 3 Óvulos",7,176.35,185.0,110.0,419.6,1,117.96,MLM3398614830,MERCADOLIBRE CPG_MX,26949522,vendedor_con_mas_ventas,2026-09-29,
7501007532349,MLM39455684,"Dramamine Jarabe, 1 Frasco 120 Ml",7,351.38,321.22,241.05,520.94,0,241.05,MLM2350605457,FARMACIA PRIXZ,105668,vendedor_con_mas_ventas,2026-09-29,
650240006647,MLM54050634,Ultra Bengue Desinflama Anestesia Naproxeno,3,237.18,237.0,199.0,275.53,0,199.0,MLM4719820412,MERCADOLIBRE CPG_MX,26949522,vendedor_con_mas_ventas,2026-09-29,
7501008426944,MLM39455809,"Flanax Gel 5,5 G, 1 Tubo 40 G",9,209.48,197.0,116.62,330.0,0,116.62,MLM3398641612,MERCADOLIBRE CPG_MX,26949522,vendedor_con_mas_ventas,2026-09-29,
008400003218,MLM39475136,"Obrydex Solución 3 Mg/1 Mg/ml, 1 Frasco Gotero 5 Ml",9,661.5,668.65,434.0,1218.81,0,567.0,MLM3541620722,FARMACIA INTEGRAL,1529023,vendedor_con_mas_ventas,2026-09-29,
17501073025414,MLM27352976,Jeringa 3ml 22g X 32mm Bd Plastipak - Caja 100 Capacidad en volumen 3 mL,,,,,,,,,,,,2026-09-29,sin publicaciones de otros vendedores
7501065054043,MLM40170653,"Tums Extra Surtido Tabletas Masticables, 3 Rollos X 8 Tabletas",9,74.99,72.0,36.67,199.0,1,36.67,MLM3413625288,MERCADOLIBRE CPG_MX,26949522,vendedor_con_mas_ventas,2026-09-29,
7501318608191,MLM39475539,"Xarelto Comprimido 15 Mg, 28 Comprimidos",8,2881.25,3102.36,876.9,6896.0,1,876.9,MLM5274235640,MERCADOLIBRE CPG_MX,26949522,vendedor_con_mas_ventas,2026-09-29,
7501056330491,MLM13338520,Pond's Crema Facial Anti Arrugas Rejuveness Día 100 G,15,239.88,249.0,77.5,409.0,0,77.5,MLM1603914587,MERCADOLIBRE CPG_MX,26949522,vendedor_con_mas_ventas,2026-09-29,
300651510577,MLM48917294,"Systane Hidratacion Sp Lubricante Oftalmico Frasco Gotero C/10 Ml - Alcon laboratorios, s.a. de c.v.",8,719.37,655.0,551.7,1014.0,0,581.24,MLM4824968828,MERCADOLIBRE CPG_MX,26949522,vendedor_con_mas_ventas,2026-09-29,
7506352500043,MLM27233400,Prueba de Embarazo Ultra Sensible Quala 1 Unidad Postinor,2,194.0,194.0,122.76,265.24,0,122.76,MLM3587920528,FARMACIA PRIXZ,105668,vendedor_con_mas_ventas,2026-09-29,
736085400519,MLM39475898,"Sophixin Ofteno Solución, 1 Frasco Gotero 5 Ml",4,737.18,740.87,680.0,787.0,0,719.74,MLM3534578534,MIALIVIO_FARMA,114074,vendedor_con_mas_ventas,2026-09-29,
37501023108819,,,,,,,,,,,,,,2026-09-29,sin producto de catálogo para el GTIN
650240065293,MLM51393993,"Next-fwd Tableta 375 Mg/50 Mg/3 Mg, 24 Tabletas",2,285.2,285.2,240.3,330.1,0,330.1,MLM4372851182,VITAUMEDICALSAPIDECV,26045,vendedor_con_mas_ventas,2026-09-29,
7502256729054,MLM21763701,Oxímetro Dedo Homecare JPD-500E Precisión SpO2 PRbpm Pantalla LED Blanco,,,,,,,,,,,,2026-09-29,sin publicaciones de otros vendedores
7501390911042,MLM45284102,"Italdermol Gasas, 3 Gasas Estériles 4 G",8,553.11,515.38,428.0,809.38,0,428.0,MLM3621875088,FARMACEUTICADELSURESTE,97568,vendedor_con_mas_ventas,2026-09-29,
7501088505355,MLM53171358,Alin Dexametasona / Neomicina Oftálmica 5 Ml Solución Gotero,8,208.76,186.77,159.54,299.0,0,170.0,MLM3902688912,SANORIMFARMACIA,64851,vendedor_con_mas_ventas,2026-09-29,
7509546060460,MLM17017206,Desodorante En Barra Lady Speed Stick Powder Fresh Mujer 45g,2,253.83,253.83,208.77,298.9,0,208.77,MLM4372838026,VITAUMEDICALSAPIDECV,26045,vendedor_con_mas_ventas,2026-09-29,
7501273500233,MLM19576845,Oleoderm Plus Cra 225Ml,1,616.0,616.0,616.0,616.0,0,616.0,MLM5885510224,FARMAENVIOS_MEXICO,21162,vendedor_con_mas_ventas,2026-09-29,
7501008496701,MLM39455744,"Aspirina Tableta Efervescente 500 Mg, 12 Tabletas",8,78.24,90.56,35.01,199.0,1,35.01,MLM3398640784,MERCADOLIBRE CPG_MX,26949522,vendedor_con_mas_ventas,2026-09-29,
7506460100890,MLM39455605,"Graneodin F Pastillas Sabor Miel-limón 8,75 Mg, 24 Pastillas",4,262.02,235.44,215.04,362.17,0,216.89,MLM3408938018,MERCADOLIBRE CPG_MX,26949522,vendedor_con_mas_ventas,2026-09-29,
7501101627507,MLM40656009,"Dolo-tiaminal Cápsulas, 24 Cápsulas",7,756.74,687.06,599.0,1238.86,0,678.77,MLM2202503857,MIALIVIO_FARMA,114074,vendedor_con_mas_ventas,2026-09-29,
7501318687332,MLM21027204,Novamil Rice 400g De 0 A 36 Meses Arroz,8,810.19,717.67,590.0,1324.96,0,607.48,MLM1748417145,MERCADOLIBRE CPG_MX,26949522,vendedor_con_mas_ventas,2026-09-29,
7590002037157,MLM39455777,Jarabe Para La Tos 44 Exp Sabor Miel 120ml Vick,8,253.27,232.0,184.0,460.15,0,235.03,MLM3777060234,FARMACIA PRIXZ,105668,vendedor_con_mas_ventas,2026-09-29,
7501056330378,MLM19849344,Pond’s Loción Desmaquillante Dual Bio-Hydratante 200 ml Piel Normal,12,229.2,231.58,86.93,390.0,0,86.93,MLM1640355194,MERCADOLIBRE CPG_MX,26949522,vendedor_con_mas_ventas,2026-09-29,
7501088509926,MLM45284704,"Gotinal Adulto, 1 Frasco Atomizador 15 Ml",12,199.62,184.54,138.0,299.0,0,160.0,MLM2224685609,FARMACIA INTEGRAL,1529023,vendedor_con_mas_ventas,2026-09-29,
7501943471603,MLM21034176,Toallitas Húmedas Depend Extra Grandes 42 Piezas,6,160.09,182.14,54.22,220.0,0,54.22,MLM3352034840,MERCADOLIBRE CPG_MX,26949522,vendedor_con_mas_ventas,2026-09-29,
7501314703432,MLM39473877,"Exel Cápsula 15 Mg, 10 Cápsulas",6,998.81,882.63,845.0,1620.35,0,865.26,MLM3478335842,FARMACIA PRIXZ,105668,vendedor_con_mas_ventas,2026-09-29,
7501048351077,MLM23476307,Gel Antiséptico Protec Lima Limón 1L,,,,,,,,,,,,2026-09-29,sin publicaciones de otros vendedores
7501300421555,MLM50871710,"Dalvear jarabe infantil sabor fresa, 1 frasco 120 ml y vaso dosificador - Siegfried Rhein, s.a. de c.v.",3,291.3,283.0,236.0,354.9,0,236.0,MLM2422616683,FARMACEUTICADELSURESTE,97568,vendedor_con_mas_ventas,2026-09-29,
7501019032424,MLM66528022,Tampones Saba Super 10 Pzas,,,,,,,,,,,,2026-09-29,sin publicaciones de otros vendedores
037836012334,MLM22838024,"Capent Pomada para Rozaduras Bebé, 25% Óxido de Zinc, Alivia y Previene, 45 g",5,225.82,225.0,69.0,402.0,0,69.0,MLM2238240967,MERCADOLIBRE CPG_MX,26949522,vendedor_con_mas_ventas,2026-09-29,
7501299307526,MLM39473789,"Presone Tableta 5 Mg, 30 Tabletas",7,673.51,612.0,555.0,1093.11,0,608.0,MLM3533811208,FARMACEUTICADELSURESTE,97568,vendedor_con_mas_ventas,2026-09-29,
7501385494246,MLM40171672,"Debromu Tabletas 40 Mg, 30 Tabletas",10,878.59,881.63,588.0,2062.72,1,669.0,MLM3534579386,MIALIVIO_FARMA,114074,vendedor_con_mas_ventas,2026-09-29,
7509546078434,MLM18984679,Desodorante en Aerosol Stefano Alpha 159ml,,,,,,,,,,,,2026-09-29,sin publicaciones de otros vendedores
7501943441408,MLM19929400,Pañales Kleenbebe Absorsec Unisex Jumbo 14 Piezas Etapa 5,4,174.22,176.95,144.0,199.0,0,144.0,MLM2422558269,FARMACEUTICADELSURESTE,97568,vendedor_con_mas_ventas,2026-09-29,
7500435168991,MLM52125591,Espuma Modeladora Herbal Essences Extra Control 200 g,8,167.51,175.38,69.41,269.0,0,69.41,MLM2367402143,MERCADOLIBRE CPG_MX,26949522,vendedor_con_mas_ventas,2026-09-29,
7509546686776,MLM28917382,Shampoo Caprice Control Caspa 200ml,,,,,,,,,,,,2026-09-29,sin publicaciones de otros vendedores
7500435141796,MLM24796136,Desodorante en aerosol Old Spice Mar Profundo,2,252.19,252.19,205.64,298.75,0,205.64,MLM4372876578,VITAUMEDICALSAPIDECV,26045,vendedor_con_mas_ventas,2026-09-29,
7501165007833,MLM39476508,"Aprovasc Tabletas 300 Mg/5 Mg, 28 Tabletas",5,2078.5,2295.0,1499.0,4985.73,1,1499.0,MLM6209783666,MIALIVIO_FARMA,114074,vendedor_con_mas_ventas,2026-09-29,
7501300421821,MLM39474965,"Zivata-duo Cápsula 0,5 Mg/0,4 Mg, 30 Cápsulas",10,747.92,728.25,690.0,835.94,0,815.0,MLM5705925054,FARMACIAS BS,199720,vendedor_con_mas_ventas,2026-09-29,
7501685171113,MLM18978689,"Sico® Invisible, Condones Extra Delgados, caja de 3 pzas",4,171.48,173.5,137.61,201.3,0,137.61,MLM1969167428,FARMACIA PRIXZ,105668,vendedor_con_mas_ventas,2026-09-29,
7501056330569,MLM13338521,Pond's Crema Facial Rejuveness De Día 400 G Mixta Día,21,352.39,344.75,144.52,1003.0,1,144.52,MLM2849274150,MERCADOLIBRE CPG_MX,26949522,vendedor_con_mas_ventas,2026-09-29,
7501298217673,MLM40998726,"Dexabion Doble Cámara, 1 Jeringa Prellenada 3 Ml",8,367.27,351.5,294.0,571.83,0,365.31,MLM3777059196,FARMACIA PRIXZ,105668,vendedor_con_mas_ventas,2026-09-29,
7501303458503,MLM53767675,Primoteston Depot Sol. Iny. C/1 Ampta. 250 Mg/1 Ml.,7,935.84,970.0,568.0,1710.1,0,970.0,MLM4166971848,FARMACIASWOWOSADECV,32048,vendedor_con_mas_ventas,2026-09-29,
7891024183090,MLM19810360,Pack X2 Hilo Dental Encerado Colgate Total 12 25 mts,2,194.0,194.0,190.0,198.0,0,190.0,MLM1624217442,SHOPYMANIA,204901,vendedor_con_mas_ventas,2026-09-29,
7501314701957,MLM39475263,"Adel Suspensión 250 Mg/5 Ml, 1 Frasco 60 Ml",3,1226.99,991.0,928.0,1761.98,0,928.0,MLM2425498799,FARMACEUTICADELSURESTE,97568,vendedor_con_mas_ventas,2026-09-29,
7502276040375,MLM39455694,"Desenfriol D Tableta, 12 Tabletas",6,79.7,73.12,56.0,199.0,1,65.55,MLM2477352299,GRUPO AGNEZ,488525,vendedor_con_mas_ventas,2026-09-29,
300650481779,MLM50877267,Systane complete gotas oftálmicas 10 mL - Alcon,9,801.76,866.0,562.0,1043.46,0,562.0,MLM2753434011,MERCADOLIBRE CPG_MX,26949522,vendedor_con_mas_ventas,2026-09-29,
7502221181337,MLM22230538,Desodorante en Aerosol Brut Classic para Hombre Sin Olor,1,188.0,188.0,188.0,188.0,0,188.0,MLM2564619509,VITAUMEDICALSAPIDECV,26045,vendedor_con_mas_ventas,2026-09-29,
7702031244509,MLM35911220,Lubriderm crema corporal humectación diaria 400 ml | piel saludable sin aroma,9,246.44,255.19,90.0,399.0,0,90.0,MLM3020650380,MERCADOLIBRE CPG_MX,26949522,vendedor_con_mas_ventas,2026-09-29,
7501065085528,MLM39455875,"Voltaren Emulgel, 1 tubo 50g",4,185.26,172.52,161.0,234.99,0,167.04,MLM2426626349,FARMACIA PRIXZ,105668,vendedor_con_mas_ventas,2026-09-29,
7501868920163,,,,,,,,,,,,,,2026-09-29,sin producto de catálogo para el GTIN
4015672111097,MLM44593947,OMRON Baumanómetro automático de muñeca RS1 (HEM-6160-E) compatible con app OMRON connect,8,734.35,750.0,544.88,979.0,0,544.88,MLM4130222956,MERCADOLIBRE CPG_MX,26949522,vendedor_con_mas_ventas,2026-09-29,
8436043011024,MLM19699742,Plenafem 30 Capsulas,9,492.5,477.0,398.0,674.49,0,474.21,MLM2960399824,FARMACIA PRIXZ,105668,vendedor_con_mas_ventas,2026-09-29,
7501027515230,MLM25448244,Evenflo Biberón Disney 3 En 1 9oz 1 Pieza - Caja Con Biberón,2,179.5,179.5,162.0,197.0,0,197.0,MLM2422504853,FARMACEUTICADELSURESTE,97568,vendedor_con_mas_ventas,2026-09-29,
7501098606127,MLM40655865,"Vannair Suspensión En Aerosol 160 Mcg/4,5 Mcg, 1 Frasco 120 Dosis",12,1445.93,1401.23,1125.0,2577.14,0,1395.0,MLM2865036947,FARMACIAS BS,199720,vendedor_con_mas_ventas,2026-09-29,
7501289511469,,,,,,,,,,,,,,2026-09-29,sin producto de catálogo para el GTIN
7501871730339,MLM44490744,Nulytely Polvo Sabor Cereza 4 Sobres 110.1g,,,,,,,,,,,,2026-09-29,sin publicaciones de otros vendedores
7506022331502,MLM67011276,Diflosensi Dapagliflozina 10mg 28 Tabletas,11,462.17,449.9,420.0,529.0,0,450.0,MLM5058808472,FARMACIA INTEGRAL,1529023,vendedor_con_mas_ventas,2026-09-29,
383017678630,,,,,,,,,,,,,,2026-09-29,sin producto de catálogo para el GTIN
7501299306352,,,,,,,,,,,,,,2026-09-29,sin producto de catálogo para el GTIN
4607009581187,MLM65966808,Anaferon Adulto Anticuerpo Afinopurificado 20 Tabletas,5,471.85,445.0,385.0,588.24,0,445.0,MLM2911559015,FARMACIA INTEGRAL,1529023,vendedor_con_mas_ventas,2026-09-29,
7501124820640,MLM42479285,"Patanol Solución Oftálmica 0,2 %, 1 Frasco Gotero 2,5 Ml",9,1573.62,1378.02,1280.0,2655.33,0,1345.0,MLM3611395990,MIALIVIO_FARMA,114074,vendedor_con_mas_ventas,2026-09-29,
7501287621009,MLM39476331,"Aldactone-100 Tabletas 100 Mg, 30 Tabletas",11,1555.28,1786.0,1069.0,3970.05,1,1189.0,MLM6190122552,MIALIVIO_FARMA,114074,vendedor_con_mas_ventas,2026-09-29,
7501299307595,MLM45287858,"Quimara-1 Crema 50 Mg/g, 1 Tubo 5 G",7,1914.47,1729.39,1575.0,3272.0,0,1700.0,MLM3503246290,FARMACIA INTEGRAL,1529023,vendedor_con_mas_ventas,2026-09-29,
7501369200030,MLM40170540,"Vino De Cuasia Genciana Y Colombo Elixir 1 Ml/1 Ml/1 Ml, 1 Frasco 400 Ml",2,249.22,249.22,200.05,298.38,0,200.05,MLM3433581622,FARMACIA PRIXZ,105668,vendedor_con_mas_ventas,2026-09-29,
7506359300615,,,,,,,,,,,,,,2026-09-29,sin producto de catálogo para el GTIN
7502224510035,MLM44157385,Aceite Capilar Seda Pure Uva 120ml Nutrición e Hidratación Antifrizz,3,145.04,132.3,127.0,175.83,0,175.83,MLM4372851310,VITAUMEDICALSAPIDECV,26045,vendedor_con_mas_ventas,2026-09-29,
37501023108857,,,,,,,,,,,,,,2026-09-29,sin producto de catálogo para el GTIN
7841141003726,MLM39475609,"Prikul Cápsula 75 Mg, 28 Cápsulas",9,1323.9,1246.14,1062.0,2347.53,0,1238.06,MLM3497651558,MIALIVIO_FARMA,114074,vendedor_con_mas_ventas,2026-09-29,
7506425605903,MLM17379827,Calzones Entrenadores para Niña Huggies Pull-Ups Extra Grandes 30 Piezas,2,575.0,575.0,350.0,800.0,0,350.0,MLM3511632939,TIENDACAMPOS,34656,vendedor_con_mas_ventas,2026-09-29,
7501035909014,MLM17017688,"Antitranspirante Stefano Spazio en Barra para Hombre, 60 g",5,141.47,153.89,68.9,185.57,0,68.9,MLM1434645933,MERCOSUPERMERCADO,648065,vendedor_con_mas_ventas,2026-09-29,
7501019064517,MLM48929129,Ropa interior desechable TENA Pants Nocturno Talla Chica / Mediana 10 piezas,4,269.9,277.3,183.0,342.0,0,183.0,MLM2292239385,MERCADOLIBRE CPG_MX,26949522,vendedor_con_mas_ventas,2026-09-29,
7506205809323,MLM9283335,Fórmula Infantil Enfamil Etapa 2 de 6-12 Meses Lata 800 g,2,551.28,551.28,540.55,562.02,0,562.02,MLM895117482,MERCADOLIBRE CPG_MX,26949522,vendedor_con_mas_ventas,2026-09-29,
7501056330255,MLM24300351,Crema Facial Pond's Clarant B3 Piel Balanceada A Seca 50 Gr,4,119.0,119.0,78.0,160.0,0,103.0,MLM4008732108,FARMACEUTICADELSURESTE,97568,vendedor_con_mas_ventas,2026-09-29,
7506425625536,MLM20000573,Kotex Tampones Digitales Unika Regular 12 Pz Flujo Moderado,9,173.41,169.0,75.0,299.0,0,75.0,MLM4008628722,FARMACEUTICADELSURESTE,97568,vendedor_con_mas_ventas,2026-09-29,
7501125115479,MLM39475114,"Solución Cs Pisa Solución 0,9 G, 1 Frasco Plástico 100 Ml",7,96.15,99.0,60.0,119.99,0,60.0,MLM5347502950,FARMACIA INTEGRAL,1529023,vendedor_con_mas_ventas,2026-09-29,
7501201400581,MLM39473611,"Combigan-d Solución Oftálmica 2 Mg/5 Mg/ml, 1 Frasco Gotero 5 Ml",4,1626.87,1439.5,1100.0,2528.47,0,1499.0,MLM3494699556,MIALIVIO_FARMA,114074,vendedor_con_mas_ventas,2026-09-29,
7501033954412,MLM42487108,"Controlip Cápsulas De Liberación Prolongada 160 Mg, 30 Cápsulas",12,1568.59,1786.61,985.0,3779.53,1,1844.22,MLM3702842256,FARMACIA PRIXZ,105668,vendedor_con_mas_ventas,2026-09-29,
7501056346270,MLM19719449,Pond's Loción Facial Desmaquillante Dual Pond'sb3 200 Ml,21,269.37,269.0,86.93,498.0,0,86.93,MLM2427042466,MERCADOLIBRE CPG_MX,26949522,vendedor_con_mas_ventas,2026-09-29,
7501007535432,,,,,,,,,,,,,,2026-09-29,sin producto de catálogo para el GTIN
650240007408,MLM62165693,Silka Medic Gel Tratamiento Pie de Atleta. Tubo con 15g.,3,180.04,178.0,129.32,232.81,0,232.81,MLM4708797322,ASI PROVEEDORASDERL,13871,vendedor_con_mas_ventas,2026-09-29,
7501537102586,MLM53197622,Dexametasona 8 Mg/2 Ml Caja Con 3 Ampolletas,4,132.48,129.97,110.0,159.99,0,110.0,MLM5991033284,ME20250117153132,9145,vendedor_con_mas_ventas,2026-09-29,
020800790246,MLM46402560,"Metamucil Polvo 49,15 G, 1 Bote 504 G",6,1005.38,884.9,845.0,1599.21,0,862.29,MLM3659274510,FARMACIA PRIXZ,105668,vendedor_con_mas_ventas,2026-09-29,
7501299300763,MLM39474698,"Ectaprim F Tableta 800/160 Mg, 14 Tabletas",3,452.3,362.0,355.0,639.9,0,362.0,MLM2425472737,FARMACEUTICADELSURESTE,97568,vendedor_con_mas_ventas,2026-09-29,
7503046131866,,,,,,,,,,,,,,2026-09-29,sin producto de catálogo para el GTIN
7891010031053,MLM27958483,Aceite Johnson & Johnson Baby 200 ml,10,221.14,203.0,127.71,370.0,0,127.71,MLM2874069346,FARMACIA PRIXZ,105668,vendedor_con_mas_ventas,2026-09-29,
7509546057545,MLM17017824,Desodorante en Barra Lady Speed Stick Pro 5 Beneficios 45 g,3,120.11,135.5,55.0,169.83,0,55.0,MLM1438179421,MERCADOLIBRE CPG_MX,26949522,vendedor_con_mas_ventas,2026-09-29,
7506425665433,MLM61578605,Toallitas Humedas Huggies Black Label C/56pz,2,83.5,83.5,79.0,88.0,0,88.0,MLM2538010753,SHOPYMANIA,204901,vendedor_con_mas_ventas,2026-09-29,
1306881057034,,,,,,,,,,,,,,2026-09-29,sin producto de catálogo para el GTIN
7501390911004,MLM45287614,"Italdermol G Crema, 1 Tubo 30 G",10,1046.09,919.07,800.0,1718.52,0,849.0,MLM4253951844,MIALIVIO_FARMA,114074,vendedor_con_mas_ventas,2026-09-29,
7509546052632,MLM19606260,Kit de Higiene Bucal Colgate Triple Acción Pasta 75ml + Cepillo Dental,3,141.26,143.78,115.0,165.0,0,143.78,MLM4372963082,VITAUMEDICALSAPIDECV,26045,vendedor_con_mas_ventas,2026-09-29,
7501109760039,MLM29682583,Perrigo Parche Poroso Alivio Articulaciones Y Cadera 1 Pieza,1,120.0,120.0,120.0,120.0,0,120.0,MLM3738099234,FARMAENVIOS_MEXICO,21162,vendedor_con_mas_ventas,2026-09-29,
7501033961298,MLM40998722,"Ulcoderma Ungüento, 1 Tubo 30 G",7,841.84,778.51,731.0,1263.85,0,799.0,MLM5420254852,FARMACIAS BS,199720,vendedor_con_mas_ventas,2026-09-29,
7502235760337,MLM24540905,Inofolic Hp Caja Con 60 Cápsulas Sin sabor Myo Inositol + Ácido Fólico,10,1309.63,1346.93,1000.0,1528.0,0,1172.31,MLM2339812520,FARMACIA PRIXZ,105668,vendedor_con_mas_ventas,2026-09-29,
7502254073821,MLM21632810,"Desinfectante Antibacterial Spray Glesol 443ml, 2 Pack",,,,,,,,,,,,2026-09-29,sin publicaciones de otros vendedores
7501125112881,MLM45377206,"Pisacaína 2% solución inyectable, 1 frasco ámpula de 50 mL",14,161.11,154.5,115.0,223.0,0,115.0,MLM5480656516,MERCADOLIBRE CPG_MX,26949522,vendedor_con_mas_ventas,2026-09-29,
7501088504198,MLM48918866,"Venoferrum Solucion Inyectable 100/5 Mg/Ml 1 Ampolleta - Takeda méxico, s.a. de c.v.",7,660.82,598.0,546.0,1063.04,0,594.99,MLM2338906853,FARMACIA PRIXZ,105668,vendedor_con_mas_ventas,2026-09-29,
736085048063,MLM39474151,"Trazidex Ungena Ungüento Oftálmico, 1 Tubo 3,5 G",,,,,,,,,,,,2026-09-29,sin publicaciones de otros vendedores
7506306203044,MLM17017199,Desodorante Corporal en Aerosol Axe Kilo 150 ml,1,212.01,212.01,212.01,212.01,0,212.01,MLM4372800092,VITAUMEDICALSAPIDECV,26045,vendedor_con_mas_ventas,2026-09-29,
7501056346065,MLM25740247,"Pond's Crema Facial Clarant B3 Antimanchas con Protección Solar, 200g",6,305.9,322.01,108.4,486.0,0,108.4,MLM2472279550,MERCADOLIBRE CPG_MX,26949522,vendedor_con_mas_ventas,2026-09-29,
7509552828962,MLM22285715,Mascarilla Hair Food Aguacate x350ml,12,225.24,207.18,130.0,403.0,0,130.0,MLM2515466517,SHOPYMANIA,204901,vendedor_con_mas_ventas,2026-09-29,
7509546077260,MLM27805927,Desodorante en Aerosol Stefano Cosmo 159ml,,,,,,,,,,,,2026-09-29,sin publicaciones de otros vendedores
7501027565846,MLM35099445,"Taza Entrenadora Evenflo de 300 mL para Bebés de 6 Meses, Boquilla Suave de Silicona",,,,,,,,,,,,2026-09-29,sin publicaciones de otros vendedores
7509546009179,MLM21728962,Pack 12 Pasta Dientes Colgate Máxima Protección,,,,,,,,,,,,2026-09-29,sin publicaciones de otros vendedores
7506425661893,MLM44119480,Pañales KleenBebé Movilastic Etapa 6 Unisex 40 Piezas,2,478.5,478.5,468.0,489.0,0,468.0,MLM2422519263,FARMACEUTICADELSURESTE,97568,vendedor_con_mas_ventas,2026-09-29,
7502209710177,MLM19920876,Diasporal 300mg Sob C20,10,397.99,374.65,240.0,568.2,0,300.72,MLM1815569778,FARMACIA INTEGRAL,1529023,vendedor_con_mas_ventas,2026-09-29,
7501299306765,MLM39473574,"Macrozit Tableta 500 Mg, 3 Tabletas",4,545.55,450.5,418.0,863.21,0,424.0,MLM2425472761,FARMACEUTICADELSURESTE,97568,vendedor_con_mas_ventas,2026-09-29,
7501471800272,MLM48931113,"Lipovitasi-or Lipovitasi Or Caja C/30 Comprimidos - Atlantis, s.a. de c.v.",7,594.7,574.67,403.0,986.72,0,525.0,MLM3744226602,FARMACEUTICADELSURESTE,97568,vendedor_con_mas_ventas,2026-09-29,
036000180800,MLM19097907,Calzoncitos Deshechables Nocturnos GoodNites S/M 11 Piezas,7,229.47,213.0,179.28,505.0,1,213.0,MLM2422635617,FARMACEUTICADELSURESTE,97568,vendedor_con_mas_ventas,2026-09-29,
7502224511629,MLM44884964,Silica Para Cabello Reparador De Puntas Brillo Anti Frizz,,,,,,,,,,,,2026-09-29,sin publicaciones de otros vendedores
7501048623068,MLM50790129,Sualgodon Caja 100 Pieza,1,65.34,65.34,65.34,65.34,0,65.34,MLM2328185525,FARMACIA PRIXZ,105668,vendedor_con_mas_ventas,2026-09-29,
4104480706196,MLM48916810,"Panoto-s Panoto-S Jarabe 0.7 Gr C/200 Ml - Siegfried rhein, s.a. de c.v.",6,590.9,547.0,449.0,950.37,0,475.0,MLM3744382078,FARMACEUTICADELSURESTE,97568,vendedor_con_mas_ventas,2026-09-29,
7501050699990,MLM39473503,"Celestamine Ns Solución Oral 5 Mg/100 Mg/100 Ml, 1 Frasco 60 Ml",10,632.75,615.28,375.06,1060.25,0,375.06,MLM5400600670,MERCADOLIBRE CPG_MX,26949522,vendedor_con_mas_ventas,2026-09-29,
7501537102845,MLM39475405,"Nediclon Tableta 100 Mg, 20 Tabletas",7,82.06,85.0,58.99,199.0,1,85.0,MLM2929673619,FARMACIA INTEGRAL,1529023,vendedor_con_mas_ventas,2026-09-29,
7501019064753,MLM48929031,Tena Pants Mujer Talla M 14 Piezas Mediano,2,393.5,393.5,358.0,429.0,0,358.0,MLM3714603062,FARMAENVIOS_MEXICO,21162,vendedor_con_mas_ventas,2026-09-29,
7501070903411,MLM39475151,"Despamen Solución Inyectable En Jeringa Prellenada 5 Mg/100 Mg/ml, 1 Jeringa Precargada 1 Ml",7,1142.33,1187.0,1010.02,1216.0,0,1094.0,MLM2804119375,FARMACIAS BS,199720,vendedor_con_mas_ventas,2026-09-29,
7502216931220,MLM39455582,"Acc Tabletas Efervescentes 200 Mg, 20 Tabletas",12,329.33,317.25,247.0,559.51,0,275.0,MLM3533836764,FARMACEUTICADELSURESTE,97568,vendedor_con_mas_ventas,2026-09-29,
7501089809315,MLM51394092,"Eskapar Compuesto Suspensión Oral 4 G/5 G/100 Ml, 1 Frasco 120 Ml + Vaso Dosificador",8,513.43,490.29,270.33,832.25,0,270.33,MLM4251092798,MERCADOLIBRE CPG_MX,26949522,vendedor_con_mas_ventas,2026-09-29,
7501035907508,MLM20748933,Desodorante Fresh En Barra Para Hombre 60g Speed Stick,5,138.03,149.85,53.46,181.85,0,53.46,MLM3044001308,MERCADOLIBRE CPG_MX,26949522,vendedor_con_mas_ventas,2026-09-29,
7501019040719,MLM24213202,Toallas Saba Ultra Invisible Buenas Noches 22 Unidades,9,118.68,125.0,45.9,298.0,1,45.9,MLM2340505826,MERCADOLIBRE CPG_MX,26949522,vendedor_con_mas_ventas,2026-09-29,
7501026423109,MLM38061127,Equipo Médico Mi Alegría Set De Juego Color Set Toy Town,,,,,,,,,,,,2026-09-29,"catálogo rechazado (otro producto): El catálogo es un set de juguete (Mi Alegría), no el calentador de biberones Ternura"
7501390910953,MLM34703956,Hemamina | Vitaminas Complejo B-asparigina | Ampo 10x10ml Sin Sabor,5,532.75,614.0,399.0,6085.99,1,399.0,MLM5525960350,ITALMEX,40654,vendedor_con_mas_ventas,2026-09-29,
7501314703616,MLM39475443,"Dimegan-d Cápsulas De Liberación Prolongada, 10 Cápsulas",6,642.17,578.5,515.0,1018.4,0,535.59,MLM2350606035,FARMACIA PRIXZ,105668,vendedor_con_mas_ventas,2026-09-29,
7501299303047,MLM45284224,"Cicloferon 5 % Crema, 1 Tubo 2 G",8,128.57,127.43,77.08,199.0,0,82.0,MLM6286966236,FARMACIAS BS,199720,vendedor_con_mas_ventas,2026-09-29,
7501070618995,MLM45361986,"Aeroflux Solución Oral 0.15 G/0.04 G/100 Ml, 1 Frasco 120 Ml + Dosificador",10,524.14,486.31,430.0,876.44,0,479.16,MLM3777060646,FARMACIA PRIXZ,105668,vendedor_con_mas_ventas,2026-09-29,
7501058715685,MLM39455365,"Tempra Forte Tabletas 650 Mg, 24 + 12 Tabletas",6,256.07,246.51,210.0,552.19,1,225.03,MLM2350602957,FARMACIA PRIXZ,105668,vendedor_con_mas_ventas,2026-09-29,
7791293032436,MLM17416537,Antitranspirante en Aerosol Rexona Powder Dry 150 ml,1,214.97,214.97,214.97,214.97,0,214.97,MLM2164650643,VITAUMEDICALSAPIDECV,26045,vendedor_con_mas_ventas,2026-09-29,
7501035919129,MLM17795449,Shampoo Palmolive Optims 2 En 1 Nivel 4 400 Ml,7,136.27,166.0,66.65,1099.0,1,131.0,MLM4008706282,FARMACEUTICADELSURESTE,97568,vendedor_con_mas_ventas,2026-09-29,
714706907654,,,,,,,,,,,,,,2026-09-29,sin producto de catálogo para el GTIN
7506205810046,MLM11214951,Fórmula Infantil Enfamil Confort Pro 1 Lata 800 G N/a,7,1329.78,1119.5,859.79,2222.0,0,859.79,MLM755253329,MERCADOLIBRE CPG_MX,26949522,vendedor_con_mas_ventas,2026-09-29,
7501299330371,MLM39476350,"Evocs-iii Tabletas 750 Mg, 7 Tabletas",6,959.61,825.98,750.0,1585.7,0,823.0,MLM2425369793,FARMACEUTICADELSURESTE,97568,vendedor_con_mas_ventas,2026-09-29,
7501299307380,MLM39474775,"Paramix Tableta 500 Mg, 6 Tabletas",8,604.77,575.91,455.0,1009.36,0,455.0,MLM2204168931,MIALIVIO_FARMA,114074,vendedor_con_mas_ventas,2026-09-29,
008400000460,MLM39474924,"Premid Suspensión 100 Mg/5 Mg, 1 Frasco Gotero 10 Ml",6,904.24,854.75,580.0,1435.9,0,792.0,MLM3621700298,FARMACEUTICADELSURESTE,97568,vendedor_con_mas_ventas,2026-09-29,
7501065003973,MLM45287633,"Centrum Gender +50 Hombre Multivitamínico con Vitamina B, Vitamina C, Magnesio y Zinc, 60 Tabletas",5,471.0,473.87,359.0,576.15,0,359.0,MLM1924367191,MERCADOLIBRE CPG_MX,26949522,vendedor_con_mas_ventas,2026-09-29,
7501299302866,MLM39455853,Sensibit Xp Solución Loratadina Ambroxol 5mg/30mg /5ml 1 Frasco 120 Ml+Vaso Dosificador,11,392.86,388.0,235.0,713.8,0,235.0,MLM3544034628,FARMACIA INTEGRAL,1529023,vendedor_con_mas_ventas,2026-09-29,
7506425637621,,,,,,,,,,,,,,2026-09-29,sin producto de catálogo para el GTIN
7501314704927,MLM40170802,"Spasmopriv Cápsulas 200 Mg, 12 Cápsulas",6,641.11,583.68,518.86,1018.4,0,589.0,MLM3497653618,MIALIVIO_FARMA,114074,vendedor_con_mas_ventas,2026-09-29,
7501050600026,MLM39474019,"Celestamine Ns Tableta 5 Mg/0.25 Mg, 20 Tabletas",10,706.18,668.14,529.2,1196.05,0,529.2,MLM5398445226,MERCADOLIBRE CPG_MX,26949522,vendedor_con_mas_ventas,2026-09-29,
7501100088095,MLM39455594,Paracetamol Tylenol 20 Tabletas 500 Mg,9,170.98,155.0,141.85,248.64,0,173.0,MLM3533874848,FARMACEUTICADELSURESTE,97568,vendedor_con_mas_ventas,2026-09-29,
7506425659227,MLM44030340,Toallitas Húmedas Miel 72 Piezas The Honeykeeper,4,113.22,121.5,64.9,145.0,0,64.9,MLM4228877364,MERCADOLIBRE CPG_MX,26949522,vendedor_con_mas_ventas,2026-09-29,
714706910487,MLM57347075,Broncolin Bicoestol Sabor Eucalipto Con 16pz,2,148.5,148.5,98.0,199.0,0,98.0,MLM4120233522,FARMAENVIOS_MEXICO,21162,vendedor_con_mas_ventas,2026-09-29,
354312225164,MLM79053394,"Vitacilina® Bebé, Pomada 50 g",,,,,,,,,,,,2026-09-29,sin publicaciones de otros vendedores
7501098633260,MLM39475498,"Atacand Plus Tableta 16 Mg/12.5 Mg, 28 Tabletas",6,1641.67,1458.68,1350.0,2668.64,0,1449.36,MLM2350602169,FARMACIA PRIXZ,105668,vendedor_con_mas_ventas,2026-09-29,
7501070614461,MLM39475448,"Amoxibron Suspensión 250 Mg/8 Mg/5 Ml, 1 Frasco 75 Ml + Cuchara Dosificadora",5,488.91,417.0,364.0,803.56,0,417.0,MLM2425395517,FARMACEUTICADELSURESTE,97568,vendedor_con_mas_ventas,2026-09-29,
7501100088217,MLM39455798,"Tylenol Suspensión Pediátrica Sabor Cereza, 1 Frasco 15 Ml + Pipeta Dosificadora",6,165.06,144.12,125.0,224.94,0,223.19,MLM2226266175,VITAUMEDICALSAPIDECV,26045,vendedor_con_mas_ventas,2026-09-29,
7502321440013,,,,,,,,,,,,,,2026-09-29,sin producto de catálogo para el GTIN
7702035870384,MLM19894562,Lubriderm Crema Reparación Intensiva 200ml,9,157.21,154.0,89.0,258.99,0,116.0,MLM4165501216,FARMACEUTICADELSURESTE,97568,vendedor_con_mas_ventas,2026-09-29,
7501299307687,MLM39474116,"Evocs-iii Tabletas 500 Mg, 7 Tabletas",4,718.5,697.5,680.0,799.0,0,708.0,MLM2425421487,FARMACEUTICADELSURESTE,97568,vendedor_con_mas_ventas,2026-09-29,
7501298213040,MLM39473895,"Caudaline Tableta 100 Mg, 30 Tabletas",5,1002.84,908.0,799.0,1210.72,0,799.0,MLM2200806717,MIALIVIO_FARMA,114074,vendedor_con_mas_ventas,2026-09-29,
7501108767947,MLM39455764,Caja Alivio Del Dolor Cápsulas 20Und 400 Mg Advil Max,7,250.44,224.0,188.34,436.69,0,224.0,MLM3533836738,FARMACEUTICADELSURESTE,97568,vendedor_con_mas_ventas,2026-09-29,
037836089190,MLM37496728,Shampoo Ricitos De Oro Lavanda Y Lechug 400ml Pack 2 Piezas,1,303.0,303.0,303.0,303.0,0,303.0,MLM2078116251,SOLYNEG,29259,vendedor_con_mas_ventas,2026-09-29,
7501058715555,MLM39455785,Frasco de Ibuprofeno De 100 Ml + Jeringa y/o Cuchara Dosificadora Tempra-fen,6,268.23,259.5,219.0,553.16,1,238.59,MLM2350605309,FARMACIA PRIXZ,105668,vendedor_con_mas_ventas,2026-09-29,
7891024036570,MLM19897378,Enjuague bucal / Solución bucal Colgate Orthogard 250ml,12,354.43,349.0,266.71,699.0,1,266.71,MLM1878074367,FARMACIA INTEGRAL,1529023,vendedor_con_mas_ventas,2026-09-29,
070942303194,MLM16134272,"GUM - Hilo Dental Encerado Sabor Menta, con Flúor, Resistente al Deshilachado, Limpieza Profunda entre Dientes y Encías, 129 m",12,137.01,144.47,64.33,299.0,1,64.33,MLM1372369205,MERCADOLIBRE CPG_MX,26949522,vendedor_con_mas_ventas,2026-09-29,
7501088505157,MLM39473324,"Alin Depot Suspensión Inyectable 8 Mg/2 Ml, 1 Frasco Ámpula 2 Ml",9,352.8,335.0,289.0,555.26,0,290.0,MLM3533874822,FARMACEUTICADELSURESTE,97568,vendedor_con_mas_ventas,2026-09-29,
7501125105135,MLM39474064,"Amk Solución Inyectable 500 Mg/2 Ml, 1 Ampolleta 2 Ml",2,387.54,387.54,270.0,505.09,0,505.09,MLM4708750756,ASI PROVEEDORASDERL,13871,vendedor_con_mas_ventas,2026-09-29,
75002794,MLM18977564,Shampoo Palmolive Optims 2 en 1 Nivel 4 200ml,3,56.05,44.65,38.0,85.5,0,85.5,MLM4008680594,FARMACEUTICADELSURESTE,97568,vendedor_con_mas_ventas,2026-09-29,
714706910913,MLM54429512,Broncolin Bicoestol Pastillas Sabor Cereza Caja Con 16pzas,3,85.5,98.0,73.0,199.0,1,73.0,MLM2868059279,PROMO OFERTA,25097,vendedor_con_mas_ventas,2026-09-29,
714706910890,MLM53221694,Broncolín Bicoestol Sabor Limón 16 Pastillas,3,71.65,74.99,68.31,199.0,1,68.31,MLM2437161319,FARMACIA PRIXZ,105668,vendedor_con_mas_ventas,2026-09-29,
7501027554949,MLM32461616,Vaso Entrenador Con Popote Evenflo 325ml - Diseño Variable 1 Pieza,1,92.0,92.0,92.0,92.0,0,92.0,MLM4086220488,MERCADOLIBRE HOME_MX,5495183,vendedor_con_mas_ventas,2026-09-29,
7501326004176,MLM40172894,Caja X28 Comprimidos 50 Mg/850 Mg Janumet,10,1184.2,1113.52,844.0,2201.28,0,1055.04,MLM2726666263,MERCADOLIBRE CPG_MX,26949522,vendedor_con_mas_ventas,2026-09-29,
7500462746698,MLM26094832,Ajolotius Jarabe Con Propóleo y Equinácea 250 ml,5,164.8,143.0,108.0,229.0,0,140.0,MLM2274317283,FARMACEUTICADELSURESTE,97568,vendedor_con_mas_ventas,2026-09-29,
7502240450018,MLM39473817,"Charyn Tableta 500 Mg, 3 Tabletas",9,87.36,80.0,73.0,258.0,1,110.0,MLM5592127202,DR.SANITO,184623,vendedor_con_mas_ventas,2026-09-29,
7506306226722,MLM17017421,Axe desodorante en aerosol para hombre young 48 horas de máxima frescura y fragancia masculina 150 mL,1,185.84,185.84,185.84,185.84,0,185.84,MLM4372825570,VITAUMEDICALSAPIDECV,26045,vendedor_con_mas_ventas,2026-09-29,
7509546078618,MLM17795541,Shampoo Hidratación Y Equilibrio Con Lavanda 700 Ml Mennen,10,244.55,247.0,60.0,390.0,0,60.0,MLM1307475735,MERCADOLIBRE CPG_MX,26949522,vendedor_con_mas_ventas,2026-09-29,
7501124184780,MLM40170671,"Ki-cab Tableta 50 Mg, 10 Tabletas",7,1015.07,1056.0,899.0,1109.8,0,899.95,MLM2186979047,FARMACIA PRIXZ,105668,vendedor_con_mas_ventas,2026-09-29,
7501299308073,MLM39455915,"Sensibit Xp Tableta 5 Mg/30 Mg, 20 Tabletas",8,427.03,389.0,330.0,733.51,0,330.0,MLM3543982658,FARMACIA INTEGRAL,1529023,vendedor_con_mas_ventas,2026-09-29,
7501299301128,MLM39475268,"Flagenase 400 Pediátrico Suspensión Oral 2.5 G/2 G/100 Ml, 1 Frasco 120 Ml",6,342.08,296.5,264.0,561.09,0,305.0,MLM2422515647,FARMACEUTICADELSURESTE,97568,vendedor_con_mas_ventas,2026-09-29,
7501057006371,MLM28330306,Listerine Cuidado Total Enjuague Bucal Botella Con 500ml,11,268.29,286.85,103.0,486.0,0,103.0,MLM2760448952,MERCADOLIBRE CPG_MX,26949522,vendedor_con_mas_ventas,2026-09-29,
037836050282,MLM58938599,Jabón Líquido Corporal Grisi Neutro 450ml,10,160.34,161.42,48.05,229.0,0,48.05,MLM4178282192,MERCADOLIBRE CPG_MX,26949522,vendedor_con_mas_ventas,2026-09-29,
7509546654997,MLM27805686,Espuma para Peinar Caprice Final Touch 200g,,,,,,,,,,,,2026-09-29,sin publicaciones de otros vendedores
7891317047146,,,,,,,,,,,,,,2026-09-29,sin producto de catálogo para el GTIN
7501328979564,MLM39474584,"Plaquenil Tabletas 200 Mg, 20 Tabletas",12,1276.23,1204.08,898.0,2361.43,0,901.27,MLM3492303904,MIALIVIO_FARMA,114074,vendedor_con_mas_ventas,2026-09-29,
7891317019617,MLM39473562,"Edarbi Tableta 80 Mg, 28 Tabletas",5,1811.43,1579.0,1397.99,3086.17,0,1579.0,MLM3652135396,MIALIVIO_FARMA,114074,vendedor_con_mas_ventas,2026-09-29,
7500435171038,MLM18963382,Pack X2 Cepillo de Dientes Oral-B Indicator Control Bac,5,181.4,150.0,90.0,299.0,0,90.0,MLM5739781712,DEPOSITO DENTAL.,58338,vendedor_con_mas_ventas,2026-09-29,
7501318685499,MLM39475233,"Xarelto Comprimido 10 Mg, 30 Comprimidos",12,3190.6,3451.39,1470.0,6745.48,0,2200.0,MLM3108628863,FARMACIA INTEGRAL,1529023,vendedor_con_mas_ventas,2026-09-29,
7501122960317,MLM45362013,"Clobesol Crema 0,05 %, 1 Tubo 30 G",15,746.83,695.0,575.0,1341.53,0,695.0,MLM4230051536,FARMACIA INTEGRAL,1529023,vendedor_con_mas_ventas,2026-09-29,
7501299330166,MLM39474182,"Degregan Tabletas 75 Mg, 28 Tabletas",6,1327.21,1229.82,950.0,2186.64,0,1108.0,MLM2274329497,FARMACEUTICADELSURESTE,97568,vendedor_con_mas_ventas,2026-09-29,
7506425659111,MLM52435612,Pañales KleenBebé Movilastic Etapa 7 Unisex 40 Piezas,,,,,,,,,,,,2026-09-29,sin publicaciones de otros vendedores
7503027446248,MLM45287888,"Divelgel Cápsula 100 Mg/300 Mg, 16 Cápsulas",15,216.77,199.0,139.0,355.45,0,179.0,MLM4035465872,FARMACIA INTEGRAL,1529023,vendedor_con_mas_ventas,2026-09-29,
7501314704880,MLM40172250,"Ulsen Cápsulas 20 Mg, 14 Cápsulas",5,718.77,627.0,583.11,1124.62,0,621.12,MLM3534567318,MIALIVIO_FARMA,114074,vendedor_con_mas_ventas,2026-09-29,
7506484500430,,,,,,,,,,,,,,2026-09-29,sin producto de catálogo para el GTIN
7501022182796,MLM52298372,"Grisi, Jabón en Barra Neutro 3 Barras de 150g",5,178.11,176.0,63.09,271.0,0,63.09,MLM2373463673,MERCADOLIBRE CPG_MX,26949522,vendedor_con_mas_ventas,2026-09-29,
7501299302668,MLM39455603,"Inhibitron Cápsulas 20 Mg, 28 Cápsulas",,,,,,,,,,,,2026-09-29,catálogo rechazado (otra presentacion): El catálogo es de 28 cápsulas; el producto es de 14 cápsulas
7506306226852,MLM17017672,Desodorante en Aerosol para Mujer Axe Anarchy 150 ml,2,94.0,94.0,55.0,133.0,0,55.0,MLM1936995965,MERCADOLIBRE CPG_MX,26949522,vendedor_con_mas_ventas,2026-09-29,
7501086494286,MLM22195189,Cepillo de dientes Oral-B Clasico indicator Clean suave pack x 5 unidades,5,217.45,252.88,72.0,258.74,0,72.0,MLM4008641420,FARMACEUTICADELSURESTE,97568,vendedor_con_mas_ventas,2026-09-29,
7501299338018,MLM39455704,"Cicloferon Xtrm Solución 5 G/2 G/100 Ml, 1 Frasco Atomizador 50 Ml",7,835.67,763.0,701.0,1391.93,0,710.0,MLM2372519213,MIALIVIO_FARMA,114074,vendedor_con_mas_ventas,2026-09-29,
7501125109485,MLM39474825,"Amoxiclav Suspensión 250 Mg/62,5 Mg/5 Ml, 1 Frasco 75 Ml + Cuchara Dosificadora",3,487.89,406.0,336.6,721.06,0,336.6,MLM4013030952,FARMACEUTICADELSURESTE,97568,vendedor_con_mas_ventas,2026-09-29,
7501165010789,MLM39455516,"ADerogyl C Multivitamínico Infantil Frasco con Gotero 30 ml. Ayuda a la Prevención y Tratamiento de la Gripe de tus Pequeños. Con Vitaminas A, C Y D",9,221.81,234.0,172.01,470.3,1,172.01,MLM3409047510,MERCADOLIBRE CPG_MX,26949522,vendedor_con_mas_ventas,2026-09-29,
7501868900721,MLM61968330,Gasa Esteril Dibar Monarca 10 Unidades - 1 Pack Blanco,,,,,,,,,,,,2026-09-29,catálogo rechazado (otra presentacion): El catálogo es un paquete de 10 gasas; el producto son 100 piezas
7501022105207,MLM19542712,"Grisi, Jabón en barra Neutro, 150 gr",8,83.55,94.28,21.21,140.0,0,21.21,MLM2394294473,MERCADOLIBRE CPG_MX,26949522,vendedor_con_mas_ventas,2026-09-29,
7509552828078,MLM21732161,Garnier Fructis Hair Food Banana Mascarilla Pelo Débil 350ml,16,198.56,203.08,75.0,388.05,0,75.0,MLM1974673723,FARMACIA INTEGRAL,1529023,vendedor_con_mas_ventas,2026-09-29,
7501299307236,MLM39455459,"Sensibit D Nf Tabletas 5 Mg/2,5 Mg/500 Mg, 12 Tabletas",8,111.5,103.56,69.43,199.0,0,77.0,MLM5969352924,MIALIVIO_FARMA,114074,vendedor_con_mas_ventas,2026-09-29,
7501034625076,MLM40655926,"Spiolto Respimat Solución Para Inhalación, 1 Cartucho Con 4 Ml (30 Dosis) Y Dispositivo Dosificador (respimat)",7,2888.23,2650.0,2306.0,4589.53,0,2306.0,MLM3533836746,FARMACEUTICADELSURESTE,97568,vendedor_con_mas_ventas,2026-09-29,
7501123014705,MLM52360732,Femisan Ketoconazol Clindamicina 400 Mg 100 Mg / 5 G Vaginal,5,763.83,681.9,578.16,1233.11,0,578.16,MLM4379854676,FARMACIA PRIXZ,105668,vendedor_con_mas_ventas,2026-09-29,
7501124100704,MLM40172132,"Carnotprim Comprimido 10 Mg, 20 Comprimidos",9,540.67,485.0,414.92,930.99,0,414.92,MLM2189599411,FARMACIA PRIXZ,105668,vendedor_con_mas_ventas,2026-09-29,
7501056330552,MLM13338522,Pond's Crema Facial Anti Arrugas Rejuveness Día 200 G,15,288.27,299.0,117.0,399.0,0,138.98,MLM1809643158,MERCADOLIBRE CPG_MX,26949522,vendedor_con_mas_ventas,2026-09-29,
7501314701223,MLM39474372,"Unasal Tabletas 250 Mg, 30 Tabletas",7,1559.01,1389.96,1299.0,2682.67,0,1351.0,MLM3494697342,MIALIVIO_FARMA,114074,vendedor_con_mas_ventas,2026-09-29,
5415062119839,MLM40170244,"Azulfidina Tabletas 500 Mg, 60 Tabletas",2,428.5,428.5,410.0,447.0,0,410.0,MLM3509977675,MIALIVIO_FARMA,114074,vendedor_con_mas_ventas,2026-09-29,
7501070903053,MLM40172138,"Libertrim Pediátrico Suspensión, 1 Frasco + Diluyente 26 Ml",8,477.39,469.21,225.0,875.04,0,468.42,MLM3497678234,MIALIVIO_FARMA,114074,vendedor_con_mas_ventas,2026-09-29,
17501073025605,,,,,,,,,,,,,,2026-09-29,sin producto de catálogo para el GTIN
7500462746612,MLM21804205,"Ajolotius Jarabe Original Sin Azúcar, 250ml",3,174.22,195.0,131.67,196.0,0,196.0,MLM2380872393,BOTIQUÍN XPRESS,25189,vendedor_con_mas_ventas,2026-09-29,
070330731813,MLM19824084,Aparato de Afeitar Bic Soleil 3 Láminas- Paquete de 12 (rosa),,,,,,,,,,,,2026-09-29,sin publicaciones de otros vendedores
7501287621504,MLM39474351,"Aldactone A Tabletas 25 Mg, 30 Tabletas",11,720.38,812.92,473.0,1687.58,1,479.0,MLM3490498134,MIALIVIO_FARMA,114074,vendedor_con_mas_ventas,2026-09-29,
75076856,MLM31033688,Desodorante en Crema Rexona Men Clinical Sport Strength 58 g,2,189.5,189.5,80.0,299.0,0,80.0,MLM2016238517,MERCADOLIBRE CPG_MX,26949522,vendedor_con_mas_ventas,2026-09-29,
7501019040887,MLM28984437,Protectores Saba Diarios Largos 50 Piezas,2,179.92,179.92,158.84,201.0,0,201.0,MLM4295351032,ENVIAVASOS,16208,vendedor_con_mas_ventas,2026-09-29,
7501070615529,MLM48931629,Daflon 450/50 Mg Caja C/60 Tabletas - Laboratorios Sanfer S.A de C.V,8,1536.62,1533.33,1299.0,1957.0,0,1299.0,MLM5552747654,MERCADOLIBRE CPG_MX,26949522,vendedor_con_mas_ventas,2026-09-29,
7501054504535,MLM28367685,Crema Corporal Humectante Nivea Milk Nutritiva 400 Ml,18,203.31,196.36,100.0,299.0,0,149.49,MLM2847416802,FARMACIA PRIXZ,105668,vendedor_con_mas_ventas,2026-09-29,
7502009749162,MLM52370614,Trimebutina Simeticona 100mg/37.5mg Con 20 Comprimidos Maver,9,219.99,200.0,162.0,299.0,0,280.0,MLM2378983411,FARMACIA INTEGRAL,1529023,vendedor_con_mas_ventas,2026-09-29,
070942507240,MLM19944645,"Cera para Ortodoncia GUM con Menta, Vitamina E y Aloe Vera, Alivio para Brackets Irritantes (5 Barras)",1,223.0,223.0,223.0,223.0,0,223.0,MLM2225364839,ENVIAVASOS,16208,vendedor_con_mas_ventas,2026-09-29,
3664798073256,,,,,,,,,,,,,,2026-09-29,sin producto de catálogo para el GTIN
7506306257603,MLM76444770,Rexona Efficient en Polvo Antibacterial 200gr,1,234.0,234.0,234.0,234.0,0,234.0,MLM3478102999,ISHOPING-EU,3779,vendedor_con_mas_ventas,2026-09-29,
7501027511218,MLM21314655,Pack 3 Biberón Mamila Anticólicos Cuello Ancho Evenflo Rosa,1,260.0,260.0,260.0,260.0,0,260.0,MLM2422492073,FARMACEUTICADELSURESTE,97568,vendedor_con_mas_ventas,2026-09-29,
7502235760115,MLM21590598,Bellafem Plenitud Lata Con 60 Tabletas,13,904.72,895.0,720.0,1133.94,0,760.48,MLM1800518665,FARMACIA PRIXZ,105668,vendedor_con_mas_ventas,2026-09-29,
7501070900441,MLM39474817,"Fluxedan Jarabe 0.12 G/0.06 G/100 Ml, 1 Frasco 225 Ml + Cuchara Dosificadora",5,624.89,573.0,469.26,1020.64,0,469.26,MLM3777060674,FARMACIA PRIXZ,105668,vendedor_con_mas_ventas,2026-09-29,
7501065064165,MLM23529929,"Crema Adhesiva Para Prótesis Dentales Ultra Corega, 12h de Fijación, Sin Sabor 70G",9,466.52,403.59,225.0,782.1,0,229.65,MLM2334417822,MERCADOLIBRE CPG_MX,26949522,vendedor_con_mas_ventas,2026-09-29,
6939663900072,MLM27967092,Neutek termómetro digital contra agua MT 201C,10,128.81,129.5,79.0,185.0,0,80.55,MLM4222418262,FARMACIA INTEGRAL,1529023,vendedor_con_mas_ventas,2026-09-29,
7506306257580,,,,,,,,,,,,,,2026-09-29,sin producto de catálogo para el GTIN
7509546074504,MLM28765258,Mennen Shampoo Fórmula Suave Zero Para Toda La Familia 400ml Origina,4,158.86,153.61,149.0,179.21,0,179.21,MLM3220876042,XELHAHAIRCARE,6598,vendedor_con_mas_ventas,2026-09-29,
7501072300133,MLM45410841,"Ting Crema 3.78 G/0.1 G/100 G, 1 Tubo 28 G",7,156.57,159.0,114.0,202.96,0,135.0,MLM3777057976,FARMACIA INTEGRAL,1529023,vendedor_con_mas_ventas,2026-09-29,
7501299301999,MLM39473483,"Mucoflux Solución, 1 Frasco 120 Ml + Vaso Dosificador",8,458.67,431.83,379.0,713.8,0,379.0,MLM2202567617,MIALIVIO_FARMA,114074,vendedor_con_mas_ventas,2026-09-29,
7501385494475,MLM39475989,"Hi-dex Solución Inyectable 100 Mg/ml, 3 Ampolletas 1 Ml",8,643.9,589.04,509.0,1101.78,0,586.08,MLM3466093946,FARMACIA PRIXZ,105668,vendedor_con_mas_ventas,2026-09-29,
7509546063515,MLM17017072,"Desodorante Antitranspirante Lady Speed Stick Pro 5 en Aerosol para Mujer, 91 g",,,,,,,,,,,,2026-09-29,sin publicaciones de otros vendedores
7501008496725,MLM39455514,"Aspirina Tableta Efervescente 500 Mg, 60 Tabletas",7,288.06,267.0,225.0,445.43,0,225.0,MLM2162522269,FARMACIA INTEGRAL,1529023,vendedor_con_mas_ventas,2026-09-29,
7509546065465,MLM58122960,Pack x2 Cepillo de Dientes Colgate 360° Carbón,4,183.47,199.0,136.86,199.0,0,199.0,MLM4138151890,COMERCIALIZADORA REME,18627,vendedor_con_mas_ventas,2026-09-29,
7509546073781,MLM17017489,Desodorante en aerosol Stefano Midnight 159 ml,1,229.87,229.87,229.87,229.87,0,229.87,MLM4372825564,VITAUMEDICALSAPIDECV,26045,vendedor_con_mas_ventas,2026-09-29,
7501303451559,MLM52363458,Angeliq 1 Mg / 2 Mg 28 Comprimidos Recubiertos,3,1512.0,1488.0,1449.0,1599.0,0,1599.0,MLM4008305360,VITAUMEDICALSAPIDECV,26045,vendedor_con_mas_ventas,2026-09-29,
7501318658189,MLM47423165,"Actron plus Actron Plus 400/100 Mg Caja C/10 Capsulas - Bayer de méxico, s.a. de c.v.",9,275.09,270.0,128.0,491.23,0,128.0,MLM3037872823,MERCADOLIBRE CPG_MX,26949522,vendedor_con_mas_ventas,2026-09-29,
7501258215954,MLM53989073,Murreolak Acetilcisteína 600mg Dos Tubos Con 10 Pastillas,12,220.57,205.0,140.0,327.0,0,192.0,MLM5107229230,MERCADOLIBRE CPG_MX,26949522,vendedor_con_mas_ventas,2026-09-29,
7501871720767,MLM47422548,"Contumax Frasco C/255 Gr de Polvo - Asofarma de méxico, s.a. de c.v.",9,619.11,522.0,451.05,969.16,0,465.0,MLM2282510449,MIALIVIO_FARMA,114074,vendedor_con_mas_ventas,2026-09-29,
5391189310673,MLM39473762,"Triplixam Comprimidos 5 Mg/1.25 Mg/5 Mg, 30 Comprimidos",12,1012.94,1140.49,630.0,2679.42,1,633.0,MLM3472682069,JUGUETERIA BIG-BOSS,117218,vendedor_con_mas_ventas,2026-09-29,
7501027800053,MLM48916878,"Seretide diskus Seretide Diskus 50/250 Mcg Polvo Dispositivo Inhalador C/60 Dosis - Glaxo wellcome, s.a.",5,1681.89,1441.87,1383.0,2695.01,0,1427.58,MLM3740415924,FARMACIA PRIXZ,105668,vendedor_con_mas_ventas,2026-09-29,
785120753349,MLM39475985,"Macrofurin Cápsula 100 Mg, 40 Cápsulas",9,156.41,160.0,115.5,364.0,1,115.5,MLM5592528882,DR.SANITO,184623,vendedor_con_mas_ventas,2026-09-29,
7501037907117,MLM39455687,Frasco Solución oral para Adulto cereza 120Ml Bisolvon,9,235.45,239.0,145.0,491.36,1,145.0,MLM4725279808,MERCADOLIBRE CPG_MX,26949522,vendedor_con_mas_ventas,2026-09-29,
7509546052885,MLM27773731,Kit Portátil Colgate 1 pieza,4,187.89,179.0,94.57,299.0,0,99.0,MLM3554551068,ESENCIA_Y_CUIDADO,83749,vendedor_con_mas_ventas,2026-09-29,
7501033955969,MLM42516188,"Samyr Comprimido 500 Mg, 40 Comprimidos",8,2508.22,2516.08,2380.0,5051.63,1,2480.0,MLM5186719466,FARMACIAS BS,199720,vendedor_con_mas_ventas,2026-09-29,
7501035909007,MLM17017173,Desodorante En Barra Stefano Original Black Para Hombre 60g,2,137.42,137.42,109.84,165.0,0,165.0,MLM4306697392,GOLIAT2014,6690,vendedor_con_mas_ventas,2026-09-29,
7501017361113,MLM23142359,Pañuelos Desechables Kleenex Doble hoja 180 Piezas,6,139.43,143.0,54.56,199.0,0,54.56,MLM3860407788,MERCADOLIBRE CPG_MX,26949522,vendedor_con_mas_ventas,2026-09-29,
7509546700298,MLM51598262,Palmolive Dermoprotector+Colágeno en Spray,1,96.5,96.5,96.5,96.5,0,96.5,MLM4335403148,MERCADOLIBRE CPG_MX,26949522,vendedor_con_mas_ventas,2026-09-29,
7501100089016,MLM39475848,"Tylex 750 Tabletas, 20 Tabletas",11,500.86,470.05,409.0,758.02,0,475.0,MLM3658691996,DR.SANITO,184623,vendedor_con_mas_ventas,2026-09-29,
7501027514103,MLM21706561,Biberón Evenflo Acuario 8 Onzas 240ml,5,70.75,66.0,56.0,209.0,1,66.0,MLM2422595721,FARMACEUTICADELSURESTE,97568,vendedor_con_mas_ventas,2026-09-29,
7501088505720,MLM40170623,"Gelan Plus Gel 8 G/1 G/100 Ml, 1 Frasco 250 Ml",8,429.72,395.52,298.0,677.33,0,409.04,MLM3494801432,MIALIVIO_FARMA,114074,vendedor_con_mas_ventas,2026-09-29,
7509546063843,MLM17017084,Antitranspirante en aerosol Lady Speed Stick Powder Fresh 150 ml,,,,,,,,,,,,2026-09-29,sin publicaciones de otros vendedores
7500435251099,,,,,,,,,,,,,,2026-09-29,sin producto de catálogo para el GTIN
7501101624636,MLM40655923,"Tiaminal B12 Trivalente Ap Solución Inyectable, 3 Ampolletas 2 Ml + 3 Jeringas",6,543.75,548.75,418.0,659.0,0,418.0,MLM5287807324,MERCADOLIBRE CPG_MX,26949522,vendedor_con_mas_ventas,2026-09-29,
7501058715517,MLM39455533,"Graneodin-b Pastillas Sabor Menta-eucalipto, 24 Pastillas",8,170.44,177.03,143.49,381.06,1,143.49,MLM3659070904,MERCADOLIBRE CPG_MX,26949522,vendedor_con_mas_ventas,2026-09-29,
7501027567062,MLM31228980,Protectores Para Lactancia Evenflo 30 Piezas,8,144.16,133.33,116.1,219.0,0,120.0,MLM2017962993,FARMACIA INTEGRAL,1529023,vendedor_con_mas_ventas,2026-09-29,
7501123002085,MLM51763168,"Nocolodi Cápsula 160 Mg, 30 Cápsulas",5,639.84,691.0,486.0,757.21,0,719.0,MLM2422540367,FARMACEUTICADELSURESTE,97568,vendedor_con_mas_ventas,2026-09-29,
7502214982477,MLM18978701,Condones de Látex Prudence Sabor y Aroma Fresa 3 Condones,13,99.1,95.0,60.0,145.0,0,90.68,MLM1848833142,DR.SANITO,184623,vendedor_con_mas_ventas,2026-09-29,
7891317048808,,,,,,,,,,,,,,2026-09-29,sin producto de catálogo para el GTIN
7500435162241,MLM53409777,"Shampoo Control Caspa Head & Shoulders Suave y Manejable 2 en 1, 650 ml",6,238.57,229.5,130.0,372.5,0,130.0,MLM3933441326,MERCADOLIBRE CPG_MX,26949522,vendedor_con_mas_ventas,2026-09-29,
7501299306840,MLM39476429,"Macrozit Suspensión, 1 Frasco 15 Ml + Jeringa Dosificadora",7,439.17,396.0,361.0,730.22,0,396.0,MLM2425472725,FARMACEUTICADELSURESTE,97568,vendedor_con_mas_ventas,2026-09-29,
7501390913374,MLM45287844,"Italdermol G Crema, 1 Tubo 10 G",6,687.63,641.57,538.56,964.94,0,538.56,MLM3783851758,FARMACIA PRIXZ,105668,vendedor_con_mas_ventas,2026-09-29,
7501035911024,MLM18971900,Pasta Dental Colgate Máxima Protección Anticaries 125 ml,3,92.45,135.0,49.9,289.0,1,49.9,MLM1836717055,MERCOSUPERMERCADO,648065,vendedor_con_mas_ventas,2026-09-29,
650240011153,MLM39455484,Tratamiento Lomecan v crema tubo 20g Clotrimazol,6,233.29,260.87,139.0,299.0,0,139.0,MLM3444912490,MERCADOLIBRE CPG_MX,26949522,vendedor_con_mas_ventas,2026-09-29,
7509546063706,MLM17017367,Antitranspirante en aerosol Speed Stick Xtreme Ultra 91 g,,,,,,,,,,,,2026-09-29,sin publicaciones de otros vendedores
7501072340092,MLM39473327,"Flagyl Tabletas 500 Mg, 30 Tabletas",7,430.08,375.0,329.0,743.7,0,359.0,MLM2425369765,FARMACEUTICADELSURESTE,97568,vendedor_con_mas_ventas,2026-09-29,
037836012341,MLM34506746,"Capent Pomada para Rozaduras Bebé, 25% Óxido de Zinc, Alivia y Previene, 110 g",5,286.86,298.8,139.0,399.0,0,139.0,MLM2238227923,MERCADOLIBRE CPG_MX,26949522,vendedor_con_mas_ventas,2026-09-29,
7509546072050,MLM17795437,Shampoo Mennen Protección y Suavidad Miel y Manzanilla 200ml,11,116.87,108.45,33.9,289.0,1,33.9,MLM959229370,MERCOSUPERMERCADO,648065,vendedor_con_mas_ventas,2026-09-29,
75076337,MLM29326348,"Rexona Antitranspirante En Barra V8, Desodorante Para Hombre Con 72 Horas De Protección Contra El Sudor Y El Mal Olor 45 g",7,140.25,139.91,70.0,298.0,1,117.0,MLM4008693514,FARMACEUTICADELSURESTE,97568,vendedor_con_mas_ventas,2026-09-29,
7803510000590,MLM42269393,"Ciruelax Comprimidos 480 Mg/89,88 Mg, 20 Comprimidos",5,165.0,177.0,127.98,199.0,0,127.98,MLM3777058842,FARMACIA PRIXZ,105668,vendedor_con_mas_ventas,2026-09-29,
7791293028781,MLM17017711,Axe Desodorante hombre Black 48 horas máxima frescura 150mL,2,127.92,127.92,70.0,185.84,0,185.84,MLM4372889186,VITAUMEDICALSAPIDECV,26045,vendedor_con_mas_ventas,2026-09-29,
7501088559211,MLM45287530,"Scabisan Crema 5 G, 1 Tubo 60 G",7,313.08,279.0,226.94,509.23,0,226.94,MLM3659161374,FARMACIA PRIXZ,105668,vendedor_con_mas_ventas,2026-09-29,
7502214982491,MLM18978754,Condones de Látex Prudence Sabor y Aroma Uva 3 Condones,13,97.03,95.0,44.1,145.16,0,83.16,MLM1874201179,FARMACIA PRIXZ,105668,vendedor_con_mas_ventas,2026-09-29,
714706903182,MLM56719385,Paletas Broncolin Sabor Mixto Vitrolero 100 Piezas,,,,,,,,,,,,2026-09-29,sin publicaciones de otros vendedores
7509546064697,MLM17017551,Desodorante en aerosol Stefano Play 159 ml,1,200.45,200.45,200.45,200.45,0,200.45,MLM4372722320,VITAUMEDICALSAPIDECV,26045,vendedor_con_mas_ventas,2026-09-29,
7501109760886,MLM31399919,Parche Negro Auxiliar Afecciones Musculares 1 Pza,2,124.0,124.0,110.0,138.0,0,110.0,MLM2868534176,FARMACIA INTEGRAL,1529023,vendedor_con_mas_ventas,2026-09-29,
7500435155854,MLM19701336,Shampoo Pantene Pro-v Bambú Nutre & Crece 750 Ml,1,339.0,339.0,339.0,339.0,0,339.0,MLM3387393099,COMERCIOCARLOS,103,vendedor_con_mas_ventas,2026-09-29,
7501007535852,,,,,,,,,,,,,,2026-09-29,sin producto de catálogo para el GTIN
7501007535876,,,,,,,,,,,,,,2026-09-29,sin producto de catálogo para el GTIN
7506306252875,MLM34281482,Dove Sérum Corporal con Niacinamida 400 ml,31,285.7,285.0,83.2,848.0,2,83.2,MLM3590979326,MERCADOLIBRE CPG_MX,26949522,vendedor_con_mas_ventas,2026-09-29,
7506306202832,MLM17017066,Desodorante en aerosol Axe Collision cookies y cuero 97 g,,,,,,,,,,,,2026-09-29,sin publicaciones de otros vendedores
7501125114717,MLM40172423,"Ficonax Tableta 850 Mg, 30 Tabletas",9,297.99,280.0,221.0,476.2,0,221.0,MLM5351552060,MERCADOLIBRE CPG_MX,26949522,vendedor_con_mas_ventas,2026-09-29,
650240053634,MLM40172102,"Alli-triple Tableta 50 Mg/0,25 Mg/50 Mg/50 Mg, 6 Tabletas",4,155.9,139.54,110.0,234.52,0,234.52,MLM4045989454,VITAUMEDICALSAPIDECV,26045,vendedor_con_mas_ventas,2026-09-29,
7501089803177,MLM40655968,"Karet Comprimido 100 Mcg, 50 Comprimidos",12,531.55,521.0,425.0,886.52,0,525.43,MLM2202438273,MIALIVIO_FARMA,114074,vendedor_con_mas_ventas,2026-09-29,
7501201490797,MLM47438299,"Tears Refresh Solucion 0.05 % Frasco Gotero C/15 Ml - ABBVIE FARMACEUTICOS, S.A. DE C.V.",8,1214.82,1179.38,649.0,2125.28,0,1097.0,MLM3744214042,FARMACEUTICADELSURESTE,97568,vendedor_con_mas_ventas,2026-09-29,
7501300408976,MLM39472424,"Dimefor Tableta 850 Mg, 60 Tabletas",7,836.76,780.0,707.0,1317.65,0,718.52,MLM2202560893,MIALIVIO_FARMA,114074,vendedor_con_mas_ventas,2026-09-29,
7501201400680,MLM39474547,"Prednefrin Sf Suspensión 1 %, 1 Frasco Gotero 5 Ml",5,770.07,786.46,698.0,849.0,0,786.46,MLM3494733786,MIALIVIO_FARMA,114074,vendedor_con_mas_ventas,2026-09-29,
7501314704873,MLM40170057,"Ulsen Cápsulas 20 Mg, 7 Cápsulas",8,478.16,429.36,389.0,770.52,0,424.65,MLM3497890310,MIALIVIO_FARMA,114074,vendedor_con_mas_ventas,2026-09-29,
5030243773237,,,,,,,,,,,,,,2026-09-29,sin producto de catálogo para el GTIN
7506484500409,,,,,,,,,,,,,,2026-09-29,sin producto de catálogo para el GTIN
7501035908307,MLM29910195,Crema para bebé Mennen Baby Magic sábila y p/solar 300ml,8,209.26,220.0,67.0,390.0,0,67.0,MLM2851299704,MERCADOLIBRE CPG_MX,26949522,vendedor_con_mas_ventas,2026-09-29,
7501124103217,MLM40170663,"Carnotprim Solución Oral, 1 Frasco 100 Ml",9,534.29,519.0,358.0,978.07,0,385.0,MLM2778485571,MIALIVIO_FARMA,114074,vendedor_con_mas_ventas,2026-09-29,
7501314701414,MLM45284482,"Aceler Crema 2 %, 1 Tubo 15 G",10,532.84,477.08,450.0,876.74,0,460.0,MLM3583225992,MIALIVIO_FARMA,114074,vendedor_con_mas_ventas,2026-09-29,
7501314701360,MLM39476496,"Biomics Suspensión 100 Mg/5 Ml, 1 Frasco 100 Ml + Pipeta Dosificadora",6,1307.01,1347.53,1115.0,2859.7,1,1235.05,MLM2425447381,FARMACEUTICADELSURESTE,97568,vendedor_con_mas_ventas,2026-09-29,
7501298214429,MLM40655981,"Eutirox Tabletas 112 Mcg, 50 Tabletas",13,908.86,879.0,650.0,1675.95,0,707.0,MLM3483769279,MIALIVIO_FARMA,114074,vendedor_con_mas_ventas,2026-09-29,
7509546694702,MLM77099168,Control Inalambrico Ps5 Pc Hall Sensor Rgb Touchpad Vibra Negro,,,,,,,,,,,,2026-09-29,"catálogo rechazado (otro producto): El catálogo es un control de videojuego, no desodorante Stefano"
7501006711387,MLM25809532,Oral B Pro Cepillo Dental Doble Acción Empaque 2x1 Precio Es,2,83.72,83.72,74.93,92.5,0,74.93,MLM2042927115,FARMACIA INTEGRAL,1529023,vendedor_con_mas_ventas,2026-09-29,
650240010712,MLM39455442,Tukol-d Adulto Jarabe Dextrometorfano Guaifenesina Para Tos Seca y Con Flemas. Frasco con 125ml.,11,171.11,171.0,100.0,389.7,1,114.98,MLM3500895914,MERCADOLIBRE CPG_MX,26949522,vendedor_con_mas_ventas,2026-09-29,
7501086472048,MLM23828187,"Cepillo Dental Pro Doble Acción Limpia Lugares Difíciles de Alcanzar, 1 Unidad",3,75.45,66.93,58.41,101.0,0,66.93,MLM2129694847,FARMACIA INTEGRAL,1529023,vendedor_con_mas_ventas,2026-09-29,
7501300408099,MLM40170421,"Dimefor Tableta 500 Mg, 60 Tabletas",8,544.07,505.03,456.0,854.69,0,484.96,MLM3497645896,MIALIVIO_FARMA,114074,vendedor_con_mas_ventas,2026-09-29,
7502211783787,MLM42528371,"Erbitrax-t Tabletas 250 Mg, 28 Tabletas",28,242.94,229.5,175.0,388.0,0,220.0,MLM3569957574,FARMACIA INTEGRAL,1529023,vendedor_con_mas_ventas,2026-09-29,
