gtin,marketplace,precio,precio_lista,url,fecha,nota,origen
7501123013302,Farmacias del Ahorro,408.12,742.03,https://www.fahorro.com/bedoyecta-tri-5-jeringas-con-2-ml.html,2026-09-30,,agente sesión 9
7501123013302,Chedraui,409.00,,https://www.chedraui.com.mx/bedoyecta-tri-solucion-inyectable-10000-mcg100-mg50-mg-caja-con-5-jeringas-2ml-3024606/p,2026-09-30,,agente sesión 9
7501123013302,Farmacias YZA,450.00,,https://www.yza.mx/x/MXYZ_7501123013302.html,2026-09-30,"Ficha marca ""agotado"" en línea sin sucursal seleccionada.",agente sesión 9
7501123013302,Farmacias Benavides,475.00,,https://www.benavides.com.mx/bedoyecta-tri-10000-mcg-hidroxocobalamina100-mg-tiamina50-mg2-ml-piridoxina-5-jeringas,2026-09-30,,agente sesión 9
7501318612655,Chedraui,135.00,,https://www.chedraui.com.mx/tabletas-aspirina-protect-100mg-liberacion-retardada-caja-con-28-tabletas-3254975/p,2026-09-30,,agente sesión 9
7501318612655,Farmacias YZA,147.50,,https://www.yza.mx/x/MXYZ_7501318612655.html,2026-09-30,"Ficha marca ""agotado"" en línea sin sucursal seleccionada.",agente sesión 9
7501318612655,Farmacias del Ahorro,149.00,,https://www.fahorro.com/aspirina-protect-100-mg-con-28-tabletas.html,2026-09-30,,agente sesión 9
7501034692184,Farmalisto,3143.00,,https://www.farmalisto.com.mx/medicamentos-con-receta-medica/18976-jardianz-dpp-25-mg5-mg-30-tabletas-empagliflozinalinagliptina-boehringer-7501034692184.html,2026-09-30,,agente sesión 9
7501034692184,Farmacias YZA,3252.50,,https://www.yza.mx/x/MXYZ_7501034692184.html,2026-09-30,"Ficha marca ""agotado"" en línea sin sucursal seleccionada.",agente sesión 9
7501034692184,Farmacias Benavides,3325.00,,https://www.benavides.com.mx/jardianz-dpp-25-mg-empagliflozina5-mg-linagliptina-30-tabletas,2026-09-30,,agente sesión 9
7501034692184,Farmacias del Ahorro,3398.00,,https://www.fahorro.com/jardianz-dpp-25-mg-30-tabletas.html,2026-09-30,,agente sesión 9
7501943441804,Farmacias del Ahorro,469.00,493.00,https://www.fahorro.com/pa-al-huggies-supreme-etapa-5-unisex-36-pz.html,2026-09-30,,agente sesión 9
7501943441804,Chedraui,480.00,,https://www.chedraui.com.mx/panal-para-bebe-huggies-supreme-unisex-etapa-5-con-36-piezas-3003427/p,2026-09-30,,agente sesión 9
7501943441804,Farmacias Benavides,492.00,,https://www.benavides.com.mx/huggies-supreme-panales-proteccion-delicada-unisex-etapa-5-36-uds,2026-09-30,,agente sesión 9
7501943441804,Farmacias YZA,519.00,,https://www.yza.mx/x/MXYZ_7501943441804.html,2026-09-30,"Ficha marca ""agotado"" en línea sin sucursal seleccionada.",agente sesión 9
7501943445796,Farmacias del Ahorro,509.00,528.00,https://www.fahorro.com/pa-al-huggies-supreme-etapa-6-con-36-pz.html,2026-09-30,,agente sesión 9
7501943445796,Farmacias Benavides,527.00,,https://www.benavides.com.mx/huggies-supreme-panales-proteccion-delicada-unisex-etapa-6-36-uds,2026-09-30,,agente sesión 9
7501943445796,Chedraui,574.00,593.00,https://www.chedraui.com.mx/panal-para-bebe-huggies-supreme-unisex-etapa-6-con-36-piezas-3286282/p,2026-09-30,,agente sesión 9
4015630064076,Chedraui,311.00,,https://www.chedraui.com.mx/tiras-reactivas-accu-chek-active-50-tiras-3129260/p,2026-09-30,EAN de la tienda distinto (4015630056262); misma presentación de 50 tiras,agente sesión 9
4015630064076,Farmacias del Ahorro,370.00,,https://www.fahorro.com/accu-chek-active-50-tiras-reactivas.html,2026-09-30,,agente sesión 9
4015630064076,Farmacias Benavides,379.00,,https://www.benavides.com.mx/accu-chek-active-tiras-reactivas-para-la-glucosa-50-ud,2026-09-30,,agente sesión 9
4015630064076,Farmacias YZA,399.50,,https://www.yza.mx/x/MXYZ_4015630064076.html,2026-09-30,"Ficha marca ""agotado"" en línea sin sucursal seleccionada.",agente sesión 9
8020030091252,Chedraui,696.00,,https://www.chedraui.com.mx/vessel-due-f-250lru-caja-con-50-capsulas-3287085/p,2026-09-30,,agente sesión 9
8020030091252,Farmacias YZA,763.00,,https://www.yza.mx/x/MXYZ_8020030091252.html,2026-09-30,"Ficha marca ""agotado"" en línea sin sucursal seleccionada.",agente sesión 9
8020030091252,Farmacias Benavides,772.00,,https://www.benavides.com.mx/vessel-due-f-250-lru-sulodexida-50-capsulas,2026-09-30,,agente sesión 9
8020030091252,Farmalisto,779.00,,https://www.farmalisto.com.mx/medicamentos-con-receta-medica/9344-vessel-due-f-250-lru-caja-con-50-capsulas-sulodexida-laboratorio-alfasigma-rx-8020030091252.html,2026-09-30,,agente sesión 9
8020030091252,Farmacias del Ahorro,787.00,,https://www.fahorro.com/vessel-due-f-250-lru-50-capsulas.html,2026-09-30,,agente sesión 9
7501943444966,Chedraui,229.00,319.00,https://www.chedraui.com.mx/panales-kleenbebe-suavelastic-etapa-5-jumbo-unisex-40-panales-3530986/p,2026-09-30,,agente sesión 9
7501943444966,Farmacias del Ahorro,259.00,329.00,https://www.fahorro.com/pa-al-kleen-bebe-suavelastic-max-jumbo-40-pz.html,2026-09-30,,agente sesión 9
7501943444966,Farmacias Benavides,328.00,,https://www.benavides.com.mx/kleenbebe-suavelastic-panales-unisex-talla-jumbo-etapa-5-40-uds,2026-09-30,,agente sesión 9
7501943444966,Farmacias YZA,337.50,,https://www.yza.mx/x/MXYZ_7501943444966.html,2026-09-30,"Ficha marca ""agotado"" en línea sin sucursal seleccionada.",agente sesión 9
7501109902866,Farmacias Benavides,255.00,,https://www.benavides.com.mx/motrin-infantil-2-g100-ml-ibuprofeno-120-ml-suspension,2026-09-30,,agente sesión 9
7501109902866,Chedraui,256.00,,https://www.chedraui.com.mx/suspension-infantil-motrin-analgesico-120ml-3035123/p,2026-09-30,,agente sesión 9
7501109902866,Farmacias YZA,256.50,,https://www.yza.mx/x/MXYZ_7501109902866.html,2026-09-30,"Ficha marca ""agotado"" en línea sin sucursal seleccionada.",agente sesión 9
7506425645749,Chedraui,251.00,,https://www.chedraui.com.mx/panales-kleenbebe-suavelastic-etapa-7-extra-extra-jumbo-unisex-40-panales-3736657/p,2026-09-30,,agente sesión 9
7506425645749,Farmacias del Ahorro,269.00,334.00,https://www.fahorro.com/pa-al-kleenbebe-suavelastic-etapa-7-40-pz.html,2026-09-30,,agente sesión 9
7506425645749,Farmacias YZA,322.50,,https://www.yza.mx/x/MXYZ_7506425645749.html,2026-09-30,"Ficha marca ""agotado"" en línea sin sucursal seleccionada.",agente sesión 9
7506425645749,Farmacias Benavides,333.00,,https://www.benavides.com.mx/kleenbebe-suavelastic-panales-unisex-talla-extra-jumbo-etapa-7-40-uds,2026-09-30,,agente sesión 9
7501943441767,Farmacias del Ahorro,409.00,422.00,https://www.fahorro.com/pa-al-huggies-supreme-etapa-4-con-36-pz.html,2026-09-30,,agente sesión 9
7501943441767,Farmacias Benavides,421.00,,https://www.benavides.com.mx/huggies-supreme-panales-proteccion-delicada-unisex-etapa-4-36-uds,2026-09-30,,agente sesión 9
7501943441767,Chedraui,446.00,,https://www.chedraui.com.mx/panal-para-bebe-huggies-supreme-unisex-etapa-4-con-36-piezas-3003336/p,2026-09-30,,agente sesión 9
7501943441767,Farmacias YZA,465.00,,https://www.yza.mx/x/MXYZ_7501943441767.html,2026-09-30,"Ficha marca ""agotado"" en línea sin sucursal seleccionada.",agente sesión 9
7501943444942,Farmacias del Ahorro,239.00,300.00,https://www.fahorro.com/pa-al-kleenbebe-suavelastic-talla-grande-40-pz.html,2026-09-30,,agente sesión 9
7501943444942,Chedraui,275.40,309.00,https://www.chedraui.com.mx/panales-kleenbebe-suavelastic-etapa-4-grande-unisex-44-panales-3530984/p,2026-09-30,,agente sesión 9
7501943444942,Farmacias Benavides,299.00,,https://www.benavides.com.mx/kleenbebe-suavelastic-panales-talla-grande-etapa-4-44-uds,2026-09-30,,agente sesión 9
7501943444942,Farmacias YZA,319.50,,https://www.yza.mx/x/MXYZ_7501943444942.html,2026-09-30,"Ficha marca ""agotado"" en línea sin sucursal seleccionada.",agente sesión 9
7501943447615,Chedraui,212.00,,https://www.chedraui.com.mx/panales-kleenbebe-suavelastic-etapa-6-extra-jumbo-unisex-40-panales-3259606/p,2026-09-30,,agente sesión 9
7501943447615,Farmacias del Ahorro,269.00,346.00,https://www.fahorro.com/pa-al-kleenbebe-suavelastic-etapa-6-40-pz.html,2026-09-30,,agente sesión 9
7501943447615,Farmacias YZA,322.50,,https://www.yza.mx/x/MXYZ_7501943447615.html,2026-09-30,"Ficha marca ""agotado"" en línea sin sucursal seleccionada.",agente sesión 9
7501123013340,Chedraui,315.00,,https://www.chedraui.com.mx/capsulas-bedoyecta-oral-caja-con-30-capsulas-3024601/p,2026-09-30,,agente sesión 9
7501123013340,Farmacias del Ahorro,323.00,387.00,https://www.fahorro.com/bedoyecta-oral-30-capsulas.html,2026-09-30,,agente sesión 9
7501123013340,Farmacias Benavides,355.00,,https://www.benavides.com.mx/bedoyecta-complejo-b-con-acido-folico-30-capsulas,2026-09-30,,agente sesión 9
7501123013340,Farmacias YZA,355.00,,https://www.yza.mx/x/MXYZ_7501123013340.html,2026-09-30,"Ficha marca ""agotado"" en línea sin sucursal seleccionada.",agente sesión 9
008400009418,Farmacias del Ahorro,438.00,,https://www.fahorro.com/ribotripsin-18-mg-30-tabletas.html,2026-09-30,,agente sesión 9
7590002012468,Farmacias del Ahorro,111.00,134.00,https://www.fahorro.com/vick-vaporub-unguento-50-g.html,2026-09-30,,agente sesión 9
7590002012468,Chedraui,115.92,136.38,https://www.chedraui.com.mx/vick-vaporub-alivia-rapido-la-congestion-nasal-para-respirar-mejor-50g-3040376/p,2026-09-30,,agente sesión 9
7590002012468,Farmacias Benavides,129.00,,https://www.benavides.com.mx/vick-vaporub-526-g-alcanfor282-g-mentol133-g-aceite-de-eucalipto-unguento-50-g,2026-09-30,,agente sesión 9
7590002012468,Farmacias YZA,140.50,,https://www.yza.mx/x/MXYZ_7590002012468.html,2026-09-30,"Ficha marca ""agotado"" en línea sin sucursal seleccionada.",agente sesión 9
7501298217659,Farmacias YZA,559.00,,https://www.yza.mx/x/MXYZ_7501298217659.html,2026-09-30,"Ficha marca ""agotado"" en línea sin sucursal seleccionada.",agente sesión 9
7501298217659,Farmalisto,563.00,,https://farmalisto.com.mx/analgesicos/5642-dolo-neurobion-dc-caja-con-3-jeringas-prellenadas-doble-camara-con-3-ml-7501298217659.html,2026-09-30,Ficha marca sin existencia,agente sesión 9
7501298217659,Farmacias del Ahorro,653.33,1088.88,https://www.fahorro.com/dolo-neurobion-doble-camara-3-jeringas-prellenadas-3-ml.html,2026-09-30,,agente sesión 9
7506425664191,Farmacias del Ahorro,529.00,560.00,https://www.fahorro.com/panales-huggies-supreme-etapa-7-unisex-de-36-piezas.html,2026-09-30,,agente sesión 9
7506425664191,Farmacias Benavides,559.00,,https://www.benavides.com.mx/huggies-supreme-panales-proteccion-delicada-unisex-etapa-7-36-uds,2026-09-30,,agente sesión 9
7506425604364,Farmacias YZA,319.00,,https://www.yza.mx/x/MXYZ_7506425604364.html,2026-09-30,"Ficha marca ""agotado"" en línea sin sucursal seleccionada.",agente sesión 9
7506425604364,Chedraui,381.80,433.00,https://www.chedraui.com.mx/panales-huggies-ultraconfort-etapa-6-para-nino-40-panales-3579502/p,2026-09-30,,agente sesión 9
7506425604364,Farmacias del Ahorro,387.60,456.00,https://www.fahorro.com/pa-al-huggies-ultraconfort-etapa-6-ni-o-40-pz.html,2026-09-30,,agente sesión 9
7506425604364,Farmacias Benavides,419.00,,https://www.benavides.com.mx/huggies-ultraconfort-panales-etapa-6-nino-40-uds,2026-09-30,,agente sesión 9
7503007704658,Farmacias YZA,514.50,,https://www.yza.mx/x/MXYZ_7503007704658.html,2026-09-30,"Ficha marca ""agotado"" en línea sin sucursal seleccionada.",agente sesión 9
7503007704658,Farmacias Benavides,544.00,,https://www.benavides.com.mx/nucleo-cmp-forte-5-mg-monofosfato-disodico3-mg-trifosfato-trisodico-30-capsulas,2026-09-30,,agente sesión 9
7503007704658,Farmacias del Ahorro,555.00,,https://www.fahorro.com/nucleo-cmp-forte-capsulas.html,2026-09-30,,agente sesión 9
7501298223704,Chedraui,341.00,,https://www.chedraui.com.mx/dolo-neurobion-analgesico-con-diclofenaco-20-tabletas-3499730/p,2026-09-30,,agente sesión 9
7501298223704,Farmacias del Ahorro,349.00,399.00,https://www.fahorro.com/dolo-neurobion-analgesico-20-tabletas.html,2026-09-30,,agente sesión 9
7501298223704,Farmacias Benavides,375.00,,https://www.benavides.com.mx/dolo-neurobion-50-mg-diclofenaco-20-ud-tabletas,2026-09-30,"Ficha sin nombre comercial completo: Dolo-Neurobión 50 mg diclofenaco, 20 tabletas",agente sesión 9
7501298223704,Farmacias YZA,385.50,,https://www.yza.mx/x/MXYZ_7501298223704.html,2026-09-30,"Ficha marca ""agotado"" en línea sin sucursal seleccionada.",agente sesión 9
7501943434622,Farmacias del Ahorro,189.00,235.00,https://www.fahorro.com/pa-al-kleenbebe-suavelastic-talla-chico-40-pz.html,2026-09-30,Precio de oferta exclusivo de tienda en línea,agente sesión 9
7501943434622,Farmacias YZA,205.00,,https://www.yza.mx/kleenbb-suavelastic-ch-40-pzas/MXYZ_7501943434622.html,2026-09-30,,agente sesión 9
7501943434622,Farmacias Benavides,234.00,,https://www.benavides.com.mx/kleenbebe-suavelastic-panales-unisex-talla-chica-etapa-2-40-uds,2026-09-30,,agente sesión 9
7501943444928,Farmacias del Ahorro,219.00,254.00,https://www.fahorro.com/pa-al-kleenbebe-suavelastic-talla-mediano-40-pz.html,2026-09-30,Precio de oferta exclusivo de tienda en línea,agente sesión 9
7501943444928,Farmacias Benavides,253.00,,https://www.benavides.com.mx/kleenbebe-suavelastic-panales-unisex-talla-mediano-etapa-3-44-uds,2026-09-30,,agente sesión 9
7501943444928,Farmacias YZA,273.00,,https://www.yza.mx/kleenbebe-suavelastic-max-median-44-sbs/MXYZ_7501943444928.html,2026-09-30,,agente sesión 9
7501287630926,Farmacias YZA,296.50,,https://www.yza.mx/terramicina-500mg-16-caps/MXYZ_7501287630926.html,2026-09-30,,agente sesión 9
7501287630926,Farmacias Benavides,326.00,,https://www.benavides.com.mx/terramicina-500-mg-oxitetraciclina-16-ud-capsulas,2026-09-30,,agente sesión 9
7506425604388,Farmacias YZA,319.00,,https://www.yza.mx/huggies-ultraconfort-et-6-nina-40-pzas/MXYZ_7506425604388.html,2026-09-30,,agente sesión 9
7506425604388,Farmacias del Ahorro,387.60,456.00,https://www.fahorro.com/pa-al-huggies-ultraconfort-etapa-6-ni-a-40-pz.html,2026-09-30,Precio de oferta exclusivo de tienda en línea,agente sesión 9
7506425604388,Farmacias Benavides,419.00,,https://www.benavides.com.mx/huggies-ultraconfort-panales-etapa-6-nina-40-uds,2026-09-30,,agente sesión 9
5000174305449,Farmacias YZA,141.50,,https://www.yza.mx/fixodent-original-pasta-adhesiva-dental--40ml/MXYZ_5000174305449.html,2026-09-30,,agente sesión 9
5000174305449,Farmacias del Ahorro,150.00,,https://www.fahorro.com/fixodent-original-pasta-adhesiva-para-dentaduras-40-ml.html,2026-09-30,,agente sesión 9
5000174305449,Farmacias Benavides,152.00,,https://www.benavides.com.mx/fixodent-original-pasta-adhesiva-para-dentaduras-40-ml,2026-09-30,,agente sesión 9
736085413359,Farmacias YZA,628.50,,https://www.yza.mx/lagricel-pf-ofteno-4mg-10ml/MXYZ_736085413359.html,2026-09-30,,agente sesión 9
736085413359,Farmacias del Ahorro,632.00,,https://www.fahorro.com/lagricel-pf-lubricante-ocular-4-mg.html,2026-09-30,,agente sesión 9
736085413359,Farmacias Benavides,639.00,,https://www.benavides.com.mx/lagricel-pf-4-mg-hialuronato-de-sodio-solucion-lubricante-ocular-10-ml-gotas,2026-09-30,,agente sesión 9
7506425604340,Farmacias YZA,299.00,,https://www.yza.mx/huggies-ultraconfort-et-5-nina-40-pzas/MXYZ_7506425604340.html,2026-09-30,,agente sesión 9
7506425604340,Farmacias del Ahorro,344.25,405.00,https://www.fahorro.com/pa-al-huggies-ultraconfort-etapa-5-ni-a-40-pz.html,2026-09-30,Precio de oferta exclusivo de tienda en línea,agente sesión 9
7506425604340,Farmacias Benavides,367.00,,https://www.benavides.com.mx/huggies-ultraconfort-panales-etapa-5-nina-40-uds,2026-09-30,,agente sesión 9
3662042003059,Farmacias YZA,660.50,,https://www.yza.mx/thealoz-duo-30.15-solucion-10ml/MXYZ_3662042003059.html,2026-09-30,,agente sesión 9
3662042003059,Farmacias Benavides,666.00,,https://www.benavides.com.mx/thealoz-duo-3-trehalosa015-hialuronato-de-sodio-10-ml,2026-09-30,,agente sesión 9
3662042003059,Farmacias del Ahorro,685.00,,https://www.fahorro.com/thealoz-duo-3-gotero-10-ml.html,2026-09-30,,agente sesión 9
7501058623294,Chedraui,245.00,,https://www.chedraui.com.mx/formula-infantil-nan-3-optimal-pro-de-1-a-2-anos-800g-3453511/p,2026-09-30,EAN 7501058623294 coincide,agente sesión 9
7501065008473,Farmacias del Ahorro,242.00,,https://www.fahorro.com/theraflu-te-antigripal-resfriado-severo-10-sobres.html,2026-09-30,,agente sesión 9
7501065008473,Farmacias YZA,242.50,,https://www.yza.mx/theraflu-limon-650mg20mg10mg-10-sobres/MXYZ_7501065008473.html,2026-09-30,,agente sesión 9
7501065008473,Farmacias Benavides,245.00,,https://www.benavides.com.mx/theraflu-noche-650-mg20-mg10-mg-paracetamol-feniramina-fenilefrina-limon-10-ud-sobres,2026-09-30,"Listado como Theraflu Noche limón 650/20/10 mg, 10 sobres",agente sesión 9
7501249606778,Farmacias YZA,115.00,,https://www.yza.mx/postday-levonorgestrel-1.5mg-caja-con-1-comprimidos/MXYZ_7501249606778.html,2026-09-30,,agente sesión 9
7501249606778,Farmacias Benavides,120.00,,https://www.benavides.com.mx/postday-15-mg-levonorgestrel-1-comprimido,2026-09-30,,agente sesión 9
7501249606778,Farmacias del Ahorro,120.00,,https://www.fahorro.com/postday-1-5-mg-1-comprimido.html,2026-09-30,,agente sesión 9
4015630981977,Farmacias YZA,521.00,,https://www.yza.mx/accu-chek-tiras-performa-50-pzas/MXYZ_4015630981977.html,2026-09-30,,agente sesión 9
4015630981977,Farmacias del Ahorro,556.00,,https://www.fahorro.com/accu-check-performa-50-tiras-reactivas.html,2026-09-30,,agente sesión 9
4015630981977,Farmacias Benavides,575.00,,https://www.benavides.com.mx/accu-chek-performa-tiras-reactivas-para-la-determinacion-de-la-glucemia-50-ud,2026-09-30,,agente sesión 9
7501008498880,Costco,519.00,,https://www.costco.com.mx/Grocery/Grocery/Farmacia/Flanax-Naproxeno-Caja-con-30-Tabletas-de-550mg-cu/p/654129,2026-09-30,Requiere membresía Costco,agente sesión 9
7501943474895,Farmacias YZA,104.00,,https://www.yza.mx/diapro-predoblado-10-pzas/MXYZ_7501943474895.html,2026-09-30,,agente sesión 9
7501943474895,Farmacias del Ahorro,106.00,,https://www.fahorro.com/pa-al-diapro-predoblado-gel-10-pz.html,2026-09-30,,agente sesión 9
7501943474895,Farmacias Benavides,107.00,,https://www.benavides.com.mx/diapro-panales-predoblados-gel-unitalla-10-uds,2026-09-30,,agente sesión 9
7509546054032,Farmacias YZA,40.50,,https://www.yza.mx/colgate-crema-dent-luminous-white-22ml/MXYZ_7509546054032.html,2026-09-30,,agente sesión 9
7509546054032,Farmacias del Ahorro,42.00,,https://www.fahorro.com/crema-dental-colgate-luminous-white-22-ml.html,2026-09-30,,agente sesión 9
7509546054032,Farmacias Benavides,46.00,,https://www.benavides.com.mx/colgate-luminous-white-pasta-22-ml-1-ud,2026-09-30,,agente sesión 9
7506425604326,Farmacias YZA,299.00,,https://www.yza.mx/huggies-ultraconfort-et-5-nino-40-pzas/MXYZ_7506425604326.html,2026-09-30,,agente sesión 9
7506425604326,Farmacias del Ahorro,341.70,402.00,https://www.fahorro.com/pa-al-huggies-ultraconfort-etapa-5-ni-o-40-pz.html,2026-09-30,Precio de oferta exclusivo de tienda en línea,agente sesión 9
7506425604326,Farmacias Benavides,367.00,,https://www.benavides.com.mx/huggies-ultraconfort-panales-etapa-5-nino-40-uds,2026-09-30,,agente sesión 9
7501471800265,Farmacias YZA,276.50,,https://www.yza.mx/panclasa-80mg-20-caps/MXYZ_7501471800265.html,2026-09-30,,agente sesión 9
7501471800265,Farmacias del Ahorro,310.00,,https://www.fahorro.com/panclasa-20-caps.html,2026-09-30,,agente sesión 9
7501471800265,Farmacias Benavides,329.00,,https://www.benavides.com.mx/panclasa-80-mg80-mg-floroglucinol-trimetilfloroglucinol-20-ud-capsulas,2026-09-30,,agente sesión 9
4015630067084,Farmacias YZA,428.00,,https://www.yza.mx/accu-chek-instant-tiras-glucosa-50-pzas/MXYZ_4015630067084.html,2026-09-30,,agente sesión 9
4015630067084,Farmacias Benavides,439.00,,https://www.benavides.com.mx/accu-chek-instant-tiras-reactivas-para-la-determinacion-de-la-glucemia-50-uds,2026-09-30,,agente sesión 9
4015630067084,Farmacias del Ahorro,440.00,,https://www.fahorro.com/accu-chek-instant-50-tiras-reactivas.html,2026-09-30,,agente sesión 9
7501298223711,Farmacias del Ahorro,199.00,256.00,https://www.fahorro.com/dolo-neurobion-analgesico-10-tabletas.html,2026-09-30,Precio de oferta exclusivo de tienda en línea,agente sesión 9
7501298223711,Farmacias YZA,234.50,,https://www.yza.mx/dolo-neurobion-10-tabs/MXYZ_7501298223711.html,2026-09-30,,agente sesión 9
7501298223711,Farmacias Benavides,235.00,,https://www.benavides.com.mx/dolo-neurobion-diclofenacovitaminas-del-complejo-b-10-tabletas,2026-09-30,,agente sesión 9
7501943498815,Farmacias del Ahorro,145.00,182.00,https://www.fahorro.com/pa-al-kleenbebe-suavelastic-recien-nacido-40-pz.html,2026-09-30,Precio de oferta exclusivo de tienda en línea,agente sesión 9
7501943498815,Farmacias Benavides,181.00,,https://www.benavides.com.mx/kleenbebe-suavelastic-panales-recien-nacido-etapa-1-40-uds,2026-09-30,,agente sesión 9
7501943498815,Farmacias YZA,181.00,,https://www.yza.mx/kleenbb-sua-recien-nacido-panal-40-pzas/MXYZ_7501943498815.html,2026-09-30,,agente sesión 9
3662042003240,Farmacias YZA,560.00,,https://www.yza.mx/hyabak-gotas-10ml/MXYZ_3662042003240.html,2026-09-30,,agente sesión 9
3662042003240,Farmacias Benavides,561.00,,https://www.benavides.com.mx/hyabak-015-hialuronato-de-sodio-solucion-gotero-10-ml,2026-09-30,,agente sesión 9
3662042003240,Farmacias del Ahorro,604.00,,https://www.fahorro.com/hyabak-0-15-oftalmica-10-ml.html,2026-09-30,,agente sesión 9
7506425604302,Farmacias YZA,279.00,,https://www.yza.mx/huggies-ultraconfort-et-4-nina-40-pzas/MXYZ_7506425604302.html,2026-09-30,,agente sesión 9
7506425604302,Farmacias del Ahorro,322.15,379.00,https://www.fahorro.com/pa-al-huggies-ultraconfort-etapa-4-ni-a-40-pz.html,2026-09-30,Precio de oferta exclusivo de tienda en línea,agente sesión 9
7506425604302,Farmacias Benavides,346.00,,https://www.benavides.com.mx/huggies-ultraconfort-panales-etapa-4-nina-40-uds,2026-09-30,,agente sesión 9
7501034630124,Farmacias Benavides,2337.00,,https://www.benavides.com.mx/jardianz-duo-125-mg-empagliflozina850-mg-metformina-60-tabletas,2026-09-30,,agente sesión 9
7501034630124,Farmacias del Ahorro,2386.00,,https://www.fahorro.com/jardianz-duo-12-5-mg-850-mg-60-tabletas.html,2026-09-30,,agente sesión 9
7501034630124,Farmacias YZA,2465.00,,https://www.yza.mx/jardianz-duo-12.5mg850mg-60-tabs/MXYZ_7501034630124.html,2026-09-30,,agente sesión 9
7506425600007,Farmacias del Ahorro,206.55,243.00,https://www.fahorro.com/pa-al-huggies-ultraconfort-etapa-rn-e1-unisex-40-pz.html,2026-09-30,Precio de oferta exclusivo de tienda en línea; La ficha dice 40 pz pero el GTIN coincide con el producto de 44 pz,agente sesión 9
7506425600007,Farmacias Benavides,221.00,,https://www.benavides.com.mx/huggies-ultraconfort-panales-unisex-etapa-1-recien-nacido-44-uds,2026-09-30,,agente sesión 9
7506425600007,Farmacias YZA,254.50,,https://www.yza.mx/huggies-ultraconfort-rn-e1-44-pza/MXYZ_7506425600007.html,2026-09-30,,agente sesión 9
7501300450210,Farmacias YZA,408.00,,https://www.yza.mx/bactrim-f-800160mg-15-tabs/MXYZ_7501300450210.html,2026-09-30,,agente sesión 9
7501300450210,Farmacias del Ahorro,471.00,,https://www.fahorro.com/bactrim-forte-con-15-comprimidos-800-160-mg.html,2026-09-30,,agente sesión 9
7501300450210,Farmacias Benavides,538.00,,https://www.benavides.com.mx/bactrim-f-800-mg-160-mg-sulfametoxazol-trimetoprima-15-ud-tabletas,2026-09-30,,agente sesión 9
7501298221403,Farmacias del Ahorro,624.76,,https://www.fahorro.com/dolo-neurobion-forte-30-tabletas-oral.html,2026-09-30,,agente sesión 9
7501298221403,Farmacias Benavides,632.00,,https://www.benavides.com.mx/dolo-neurobion-forte-complejo-b-30-tabletas,2026-09-30,,agente sesión 9
7501298221403,Farmacias YZA,676.00,,https://www.yza.mx/dolo-neurobion-forte-30-gramos-/MXYZ_7501298221403.html,2026-09-30,La ficha aparece sin existencia en línea; precio de ficha,agente sesión 9
7501008497340,Farmacias Benavides,199.00,,https://www.benavides.com.mx/flanax-550-mg-naproxeno-12-tabletas,2026-09-30,,agente sesión 9
7501008497340,Farmacias YZA,199.00,,https://www.yza.mx/flanax-550mg-12-tabs/MXYZ_7501008497340.html,2026-09-30,La ficha aparece sin existencia en línea; precio de ficha,agente sesión 9
7501159526029,Farmacias del Ahorro,390.00,,https://www.fahorro.com/eucaliptine-100-mg-10-ampolletas-1-ml.html,2026-09-30,,agente sesión 9
7501159526029,Farmacias Benavides,514.00,,https://www.benavides.com.mx/eucaliptine-100-mgml-guayacol-10-ampolletas,2026-09-30,,agente sesión 9
7501298217635,Farmacias YZA,415.50,,https://www.yza.mx/dolo-neurobion-forte-doble-camara-1-jga/MXYZ_7501298217635.html,2026-09-30,La ficha aparece sin existencia en línea; precio de ficha,agente sesión 9
7501298217635,Farmacias Benavides,469.00,,https://www.benavides.com.mx/dolo-neurobion-forte-dcs-3-ml-complejo-bdiclofenacolidocaina-1-jeringa-prellenada,2026-09-30,,agente sesión 9
7501943433090,Farmacias YZA,195.30,,https://www.yza.mx/huggies-ultraconfort-e2--44pz/MXYZ_7501943433090.html,2026-09-30,La ficha aparece sin existencia en línea; precio de ficha,agente sesión 9
7501943433090,Farmacias Benavides,274.00,,https://www.benavides.com.mx/huggies-ultraconfort-panales-unisex-etapa-2-44-uds,2026-09-30,,agente sesión 9
7501165005624,Chedraui,1187.00,,https://www.chedraui.com.mx/solucion-inyectable-neuroflax-20mg4mg-3-ampulas-3035731/p,2026-09-30,,agente sesión 9
7501165005624,Farmacias YZA,1210.00,,https://www.yza.mx/neuroflax-20mg4mg-3-amp-x-4ml/MXYZ_7501165005624.html,2026-09-30,La ficha aparece sin existencia en línea; precio de ficha,agente sesión 9
7501165005624,Farmacias Benavides,1396.00,,https://www.benavides.com.mx/neuroflax-20-mg-cobamamida4-mg-tiocolchicosido-3-frascos-ampula,2026-09-30,,agente sesión 9
7501298217703,Farmacias YZA,593.50,,https://www.yza.mx/dexabion-dc-jeringa-prellenada-3ml-3-jga/MXYZ_7501298217703.html,2026-09-30,La ficha aparece sin existencia en línea; precio de ficha,agente sesión 9
7501298217703,Farmacias Benavides,639.00,,https://www.benavides.com.mx/dexabion-dc-complejo-blidocainadexametasona-3-jeringas-prellenadas,2026-09-30,,agente sesión 9
7506425604289,Farmacias YZA,279.00,,https://www.yza.mx/huggies-ultraconfort-et-4-nino-40-pzas/MXYZ_7506425604289.html,2026-09-30,La ficha aparece sin existencia en línea; precio de ficha,agente sesión 9
7506425604289,Farmacias Benavides,346.00,,https://www.benavides.com.mx/huggies-ultraconfort-panales-etapa-4-nino-40-uds,2026-09-30,,agente sesión 9
7506425604289,Chedraui,356.00,367.00,https://www.chedraui.com.mx/panales-huggies-ultraconfort-etapa-4-para-nino-40-panales-3577133/p,2026-09-30,,agente sesión 9
7501070612368,Farmacias YZA,160.65,,https://www.yza.mx/treda-20-tabs-/MXYZ_7501070612368.html,2026-09-30,La ficha aparece sin existencia en línea; precio de ficha,agente sesión 9
7501070612368,Farmacias del Ahorro,166.60,,https://www.fahorro.com/treda-oral-20-tabletas.html,2026-09-30,,agente sesión 9
7501070612368,Farmacias Benavides,195.00,,https://www.benavides.com.mx/treda-129-mg-neomicina280-mg-caolin30-mg-pectina-20-tabletas,2026-09-30,,agente sesión 9
7506425662920,Farmacias YZA,319.00,,https://www.yza.mx/ultraconfort-et-7-nino-40-pzas/MXYZ_7506425662920.html,2026-09-30,La ficha aparece sin existencia en línea; precio de ficha,agente sesión 9
7506425662920,Chedraui,352.30,,https://www.chedraui.com.mx/panal-huggies-ultraconfort-nino-e7-40-piezas-3866435/p,2026-09-30,,agente sesión 9
7506425662920,Farmacias Benavides,438.00,,https://www.benavides.com.mx/huggies-ultraconfort-panales-etapa-7-nino-40-uds,2026-09-30,,agente sesión 9
736085905373,Farmacias YZA,925.50,,https://www.yza.mx/krytantek-ofteno-gotas-20mg5mg2mg-5ml/MXYZ_736085905373.html,2026-09-30,La ficha aparece sin existencia en línea; precio de ficha,agente sesión 9
736085905373,Farmacias Benavides,1028.00,,https://www.benavides.com.mx/krytantek-ofteno-20-mg-dorzolamida5-mg-timolol2-mg-brimonidina-5-ml,2026-09-30,,agente sesión 9
736085905373,Farmacias del Ahorro,1053.00,,https://www.fahorro.com/krytantek-oftalmico-5-ml-gotas.html,2026-09-30,,agente sesión 9
7506425608867,Farmacias YZA,102.00,,https://www.yza.mx/supreme-toallita-humeda-2pack-160-pzas/MXYZ_7506425608867.html,2026-09-30,La ficha aparece sin existencia en línea; precio de ficha,agente sesión 9
7506425608867,Farmacias del Ahorro,103.00,,https://www.fahorro.com/huggies-supreme-toallitas-humedas-2-pack-80-pz.html,2026-09-30,,agente sesión 9
7506425608867,Farmacias Benavides,105.00,,https://www.benavides.com.mx/huggies-supreme-toallitas-humedas-proteccion-delicada-160-uds,2026-09-30,,agente sesión 9
7501943441705,Farmacias Benavides,306.00,,https://www.benavides.com.mx/huggies-supreme-panales-unisex-proteccion-delicada-etapa-2-40-uds,2026-09-30,,agente sesión 9
7501943441705,Farmacias YZA,314.50,,https://www.yza.mx/huggies-supreme-et-2-panal-40-pzas/MXYZ_7501943441705.html,2026-09-30,"La ficha aparece sin existencia en línea; precio de ficha; título de la tienda dice 40 piezas, mismo GTIN",agente sesión 9
7501943441705,Chedraui,336.00,,https://www.chedraui.com.mx/panal-para-bebe-huggies-supreme-unisex-etapa-2-con-40-piezas-3003170/p,2026-09-30,La tienda titula el producto con 40 piezas; el GTIN coincide con el nuestro (38 piezas),agente sesión 9
7501314701827,Farmacias YZA,520.00,,https://www.yza.mx/ciproflox-500mg-12-caps/MXYZ_7501314701827.html,2026-09-30,La ficha aparece sin existencia en línea; precio de ficha,agente sesión 9
7501314701827,Farmacias Benavides,586.00,,https://www.benavides.com.mx/ciproflox-500-mg-ciprofloxacino-12-ud-capsulas,2026-09-30,,agente sesión 9
7501314701827,Farmacias del Ahorro,590.00,,https://www.fahorro.com/ciproflox-500-mg-oral-12-capsulas.html,2026-09-30,,agente sesión 9
7501165000230,Farmacias YZA,88.50,,https://www.yza.mx/neo-melubrina-500mg-10-comp/MXYZ_7501165000230.html,2026-09-30,La ficha aparece sin existencia en línea; precio de ficha,agente sesión 9
7501165000230,Farmacias Benavides,92.00,,https://www.benavides.com.mx/neo-melubrina-500-mg-metamizol-sodico-10-tabletas,2026-09-30,,agente sesión 9
7501165000230,Farmacias del Ahorro,95.00,,https://www.fahorro.com/neo-melubrina-500-mg-oral-10-tabs.html,2026-09-30,,agente sesión 9
7501298265100,Farmacias YZA,604.50,,https://www.yza.mx/neurobion-60-tabs-/MXYZ_7501298265100.html,2026-09-30,La ficha aparece sin existencia en línea; precio de ficha,agente sesión 9
7501298265100,Farmacias del Ahorro,755.00,,https://www.fahorro.com/neurobion-oral-60-tabletas-vitaminas-del-complejo-b.html,2026-09-30,,agente sesión 9
7501298265100,Farmacias Benavides,759.00,,https://www.benavides.com.mx/neurobion-100-mg5-mg50-mcg-tiamina-piridoxina-cianocobalamina-60-ud-tabletas,2026-09-30,,agente sesión 9
7501943488922,Chedraui,169.00,,https://www.chedraui.com.mx/panales-kleenbebe-absorsec-etapa-6-extra-jumbo-40-panales-3530967/p,2026-09-30,,agente sesión 9
7501300407047,Farmacias Benavides,214.00,,https://www.benavides.com.mx/febrax-275-mg-300-mg-naproxeno-paracetamol-15-ud-tabletas,2026-09-30,,agente sesión 9
7501300407047,Farmacias del Ahorro,219.00,,https://www.fahorro.com/febrax-275-300-mg-oral-15-tabletas.html,2026-09-30,,agente sesión 9
7501300407047,Farmacias YZA,225.00,,https://www.yza.mx/febrax-275-mg-300-mg---caja-con-15-tabletas-naproxeno-y-paracetamol/MXYZ_7501300407047.html,2026-09-30,La ficha aparece sin existencia en línea; precio de ficha,agente sesión 9
7501871721214,Farmacias YZA,1530.50,,https://www.yza.mx/novovartalon-polvo-30-sbs-/MXYZ_7501871721214.html,2026-09-30,La ficha aparece sin existencia en línea; precio de ficha,agente sesión 9
7501871721214,Farmacias del Ahorro,1557.72,,https://www.fahorro.com/novovartalon-1-5-g-15-mg-con-30-sobres.html,2026-09-30,,agente sesión 9
7501871721214,Farmacias Benavides,1607.00,,https://www.benavides.com.mx/novovartalon-1500-mg-glucosamina15-mg-meloxicam-30-sobres,2026-09-30,,agente sesión 9
7501871721214,HEB,1694.00,,https://www.heb.com.mx/asofarma-novovartalon-30-sobres-glucosamina--meloxicam-30-pz-298728/p,2026-09-30,,agente sesión 9
7501298221397,Farmacias YZA,372.00,,https://www.yza.mx/neurobion-30-tabs/MXYZ_7501298221397.html,2026-09-30,La ficha aparece sin existencia en línea; precio de ficha,agente sesión 9
7501298221397,Farmacias Benavides,420.00,,https://www.benavides.com.mx/neurobion-100-mg-tiamina5-mg-piridoxina50-mcg-cianocobalamina-30-tabletas,2026-09-30,,agente sesión 9
7501298221397,Farmacias del Ahorro,421.00,,https://www.fahorro.com/neurobion-oral-30-tabletas-vitaminas-del-complejo-b.html,2026-09-30,,agente sesión 9
7506425604265,Chedraui,286.90,307.00,https://www.chedraui.com.mx/panales-huggies-ultraconfort-etapa-3-para-nina-40-panales-3577132/p,2026-09-30,,agente sesión 9
7506425604265,Farmacias Benavides,304.00,,https://www.benavides.com.mx/huggies-ultraconfort-panales-etapa-3-nina-40-uds,2026-09-30,,agente sesión 9
7506425604265,Farmacias YZA,336.50,,https://www.yza.mx/huggies-ultraconfort-et-3-nina-40-pzas/MXYZ_7506425604265.html,2026-09-30,La ficha aparece sin existencia en línea; precio de ficha,agente sesión 9
7501101623769,Chedraui,460.00,,https://www.chedraui.com.mx/solucion-inyectable-tiaminal-b12-ampula-de-10ml-y-5-jeringas-de-3ml-3039794/p,2026-09-30,,agente sesión 9
7501101623769,Farmacias YZA,469.00,,https://www.yza.mx/tiaminal-b12-50000u-5-amp-x-3ml/MXYZ_7501101623769.html,2026-09-30,La ficha aparece sin existencia en línea; precio de ficha,agente sesión 9
7501101623769,Farmacias Benavides,517.00,,https://www.benavides.com.mx/tiaminal-complejo-vitamina-b-lidocaina-5-ud-frasco-ampula,2026-09-30,,agente sesión 9
7506425604241,Chedraui,261.00,,https://www.chedraui.com.mx/panales-huggies-ultraconfort-etapa-3-para-nino-40-panales-3577130/p,2026-09-30,,agente sesión 9
7506425604241,Farmacias Benavides,304.00,,https://www.benavides.com.mx/huggies-ultraconfort-panales-etapa-3-nino-40-uds,2026-09-30,,agente sesión 9
7506425604241,Farmacias YZA,336.50,,https://www.yza.mx/huggies-ultraconfort-et-3-nino-40-pzas/MXYZ_7506425604241.html,2026-09-30,La ficha aparece sin existencia en línea; precio de ficha,agente sesión 9
7501088509773,Farmacias Benavides,167.00,,https://www.benavides.com.mx/antiflu-des-50-mg-amantadina3-mg-clorfenamina300-mg-paracetamol-24-capsulas,2026-09-30,,agente sesión 9
7501088509773,Farmacias YZA,190.50,,https://www.yza.mx/antiflu-des-24-caps/MXYZ_7501088509773.html,2026-09-30,La ficha aparece sin existencia en línea; precio de ficha,agente sesión 9
7506425662906,Farmacias YZA,319.00,,https://www.yza.mx/ultraconfort-et-7-nina-40-pzas/MXYZ_7506425662906.html,2026-09-30,Precio mostrado en el sitio; aparece como agotado sin sucursal seleccionada,agente sesión 9
7506425662906,Chedraui,349.50,435.00,https://www.chedraui.com.mx/panales-huggies-ultraconfort-nina-e7-40-piezas-3866434/p,2026-09-30,,agente sesión 9
7506425662906,Farmacias Benavides,438.00,,https://www.benavides.com.mx/huggies-ultraconfort-panales-etapa-7-nina-40-uds,2026-09-30,,agente sesión 9
7501037925579,Chedraui,2043.00,,https://www.chedraui.com.mx/tabletas-trayenta-5mg-caja-con-30-tabletas-3200047/p,2026-09-30,,agente sesión 9
7501037925579,Farmacias YZA,2263.50,,https://www.yza.mx/trayenta-5mg-30-tabs/MXYZ_7501037925579.html,2026-09-30,Precio mostrado en el sitio; aparece como agotado sin sucursal seleccionada,agente sesión 9
7501037925579,Farmacias Benavides,2294.00,,https://www.benavides.com.mx/trayenta-5-mg-linagliptina-30-tabletas,2026-09-30,,agente sesión 9
7501287630506,Farmacias del Ahorro,197.00,,https://www.fahorro.com/terramicina-125-mg-oral-24-tabs.html,2026-09-30,,agente sesión 9
7501287630506,Farmacias Benavides,213.00,,https://www.benavides.com.mx/terramicina-125-mg-oxitetraciclina-24-ud-tabletas,2026-09-30,,agente sesión 9
7501318673205,Farmacias Benavides,342.00,,https://www.benavides.com.mx/aspirina-protect-100-mg-acido-acetilsalicilico-84-tabletas,2026-09-30,,agente sesión 9
7501318673205,Farmacias YZA,357.50,,https://www.yza.mx/aspirina-protect-100mg-84-tabs/MXYZ_7501318673205.html,2026-09-30,Precio mostrado en el sitio; aparece como agotado sin sucursal seleccionada,agente sesión 9
7590002012475,Farmacias Benavides,235.00,,https://www.benavides.com.mx/vick-vaporub-526-g-alcanfor282-g-mentol133-g-aceite-de-eucalipto-unguento-100-g,2026-09-30,,agente sesión 9
7590002012475,Farmacias YZA,236.00,,https://www.yza.mx/vick-vaporub-100g/MXYZ_7590002012475.html,2026-09-30,Precio mostrado en el sitio; aparece como agotado sin sucursal seleccionada,agente sesión 9
7501314701711,Farmacias Benavides,387.00,,https://www.benavides.com.mx/fosfocil-1-g-fosfomicina-1-ud-frasco-ampula,2026-09-30,,agente sesión 9
7730979097192,Farmacias Benavides,1074.00,,https://www.benavides.com.mx/asoflon-duo-050-mg-dutasterida040-mg-tamsulosina-30-capsulas,2026-09-30,,agente sesión 9
7730979097192,Farmacias YZA,1116.50,,https://www.yza.mx/asoflon-duo-0.5mg0.4mg-30-caps/MXYZ_7730979097192.html,2026-09-30,Precio mostrado en el sitio; aparece como agotado sin sucursal seleccionada,agente sesión 9
7501300408556,Farmacias Benavides,669.00,,https://www.benavides.com.mx/dorixina-relax-125-mg-clonixinato-de-lisina5-mg-ciclobenzaprina-20-comprimidos,2026-09-30,,agente sesión 9
7501300408556,Farmacias YZA,681.00,,https://www.yza.mx/dorixina-relax-125mg---caja-con-20-comprimidos-clonixinato-de-lisina-y-clorhidrato-de-ciclobenzaprina/MXYZ_7501300408556.html,2026-09-30,Precio mostrado en el sitio; aparece como agotado sin sucursal seleccionada,agente sesión 9
7501165010826,Farmacias YZA,412.80,,https://www.yza.mx/enterogermina-oral-4-billones-10-ampolletas-de-5ml/MXYZ_7501165010826.html,2026-09-30,Precio mostrado en el sitio; aparece como agotado sin sucursal seleccionada,agente sesión 9
7501165010826,Farmacias Benavides,463.00,,https://www.benavides.com.mx/enterogermina-4-billones-ufc-esporas-de-bacillus-clausii-10-ampolletas,2026-09-30,,agente sesión 9
7501165010826,Farmacias del Ahorro,464.00,,https://www.fahorro.com/enterogermina-probioticos-10-ampolletas-de-5-ml.html,2026-09-30,,agente sesión 9
7501943416864,Farmacias YZA,279.00,,https://www.yza.mx/huggies-supreme-et-1-panal-40-pzas/MXYZ_7501943416864.html,2026-09-30,Precio mostrado en el sitio; aparece como agotado sin sucursal seleccionada,agente sesión 9
7501943416864,Farmacias Benavides,281.00,,https://www.benavides.com.mx/huggies-supreme-panales-proteccion-delicada-unisex-etapa-1-40-uds,2026-09-30,,agente sesión 9
7501300407160,Farmacias YZA,729.00,,https://www.yza.mx/vodelan-500-mg-100-mg---caja-con-14-tabletas-ciprofloxacino-y-fenazopiridina/MXYZ_7501300407160.html,2026-09-30,Precio mostrado en el sitio; aparece como agotado sin sucursal seleccionada,agente sesión 9
7501300407160,Farmacias Benavides,811.00,,https://www.benavides.com.mx/vodelan-500-mg-100-mg-ciprofloxacino-fenazopiridina-14-ud-tabletas,2026-09-30,,agente sesión 9
7501125116810,Chedraui,34.73,,https://www.chedraui.com.mx/tabletas-paracetamol-500mg-cafeina-25mg-clorhidrato-de-fenilefrina-5mg-agrifen-10-tabletas-3022389/p,2026-09-30,,agente sesión 9
7501125116810,Farmacias YZA,39.50,,https://www.yza.mx/agrifen-10-tabs/MXYZ_7501125116810.html,2026-09-30,Precio mostrado en el sitio; aparece como agotado sin sucursal seleccionada,agente sesión 9
7501125116810,Farmacias del Ahorro,43.00,,https://www.fahorro.com/agrifen-oral-10-tabletas.html,2026-09-30,,agente sesión 9
7501125116810,Farmacias Benavides,49.00,,https://www.benavides.com.mx/agrifen-500-mg-paracetamol-antigripal-10-ud-tabletas,2026-09-30,,agente sesión 9
7501314701766,Farmacias YZA,409.50,,https://www.yza.mx/fosfocil-500mg-12-caps/MXYZ_7501314701766.html,2026-09-30,Precio mostrado en el sitio; aparece como agotado sin sucursal seleccionada,agente sesión 9
7501314701766,Farmacias Benavides,498.00,,https://www.benavides.com.mx/fosfocil-500-mg-fosfomicina-12-ud-capsulas,2026-09-30,,agente sesión 9
7501314701766,Farmacias del Ahorro,498.00,,https://www.fahorro.com/fosfocil-500-mg-oral-12-capsulas.html,2026-09-30,,agente sesión 9
7501298217130,Farmacias YZA,809.50,,https://www.yza.mx/dabex-xr-1000mg-30-tabs/MXYZ_7501298217130.html,2026-09-30,Precio mostrado en el sitio; aparece como agotado sin sucursal seleccionada,agente sesión 9
7501298217130,Farmacias Benavides,817.00,,https://www.benavides.com.mx/dabex-xr-1000-mg-metformina-30-tabletas,2026-09-30,,agente sesión 9
7891317019815,Chedraui,628.00,,https://www.chedraui.com.mx/tabletas-venalot-depot-180mg30mg-caja-con-30-tabletas-3040425/p,2026-09-30,,agente sesión 9
7891317019815,Farmacias YZA,671.00,,https://www.yza.mx/venalot-depot-30-tabs/MXYZ_7891317019815.html,2026-09-30,Precio mostrado en el sitio; aparece como agotado sin sucursal seleccionada,agente sesión 9
7891317019815,Farmacias Benavides,693.00,,https://www.benavides.com.mx/venalot-depot-180-mg-troxerutina30-mg-cumarina-30-tabletas,2026-09-30,,agente sesión 9
7501092793045,Farmacias Benavides,285.00,,https://www.benavides.com.mx/riopan-80mg-magaldrato10-mg-dimeticona1-ml-gel-20-sobres,2026-09-30,,agente sesión 9
7501092793045,Farmacias YZA,324.50,,https://www.yza.mx/riopan-gel-20-sbs-/MXYZ_7501092793045.html,2026-09-30,Precio mostrado en el sitio; aparece como agotado sin sucursal seleccionada,agente sesión 9
7501314701773,Farmacias YZA,448.50,,https://www.yza.mx/fosfocil-g.u-adulto-3g-1-sb/MXYZ_7501314701773.html,2026-09-30,Precio mostrado en el sitio; aparece como agotado sin sucursal seleccionada,agente sesión 9
7501314701773,Farmacias Benavides,536.00,,https://www.benavides.com.mx/fosfocil-gu-fosfomicina-granulado-1-sobre,2026-09-30,,agente sesión 9
7501298221823,Farmacias YZA,591.00,,https://www.yza.mx/neurobion-dc-100mg100mg10mg-3-jga/MXYZ_7501298221823.html,2026-09-30,Precio mostrado en el sitio; aparece como agotado sin sucursal seleccionada,agente sesión 9
7501298221823,Farmacias Benavides,706.00,,https://www.benavides.com.mx/neurobion-dc-100-mg-100-mg-10-mg-complejo-vitamina-b-3-ud-jeringas-prellenadas,2026-09-30,,agente sesión 9
7501298221823,Farmacias del Ahorro,723.00,,https://www.fahorro.com/neurobion-doble-camara-3-jeringas-prellenadas-de-10-mg.html,2026-09-30,,agente sesión 9
7506425648634,La Gran Bodega,64.50,,https://www.lagranbodega.com.mx/pañal-kleenbebe-suavelastic-recien-nacido-etapa-1-con-20-piezas/p,2026-09-30,Tienda no incluida en la lista de tiendas válidas,agente sesión 9
7506425648634,Chedraui,75.00,,https://www.chedraui.com.mx/panal-kleenbebe-recien-nacido-20-piezas-3765221/p,2026-09-30,Coincide por GTIN de caja 17506425648631,agente sesión 9
7501001258023,Walmart,541.00,,https://www.walmart.com.mx/ip/pepto-bismol-262-mg-caja-con-100-tabletas-masticables-sabor-original-antiacido/00750100125802,2026-09-30,Vendido por Farmacia Prixz en el marketplace de Walmart,agente sesión 9
7506205809316,Farmacias YZA,602.50,,https://www.yza.mx/enfamil-1-de-0-a-12-meses-800-g/MXYZ_7506205809316.html,2026-09-30,Precio mostrado en el sitio; aparece como agotado sin sucursal seleccionada,agente sesión 9
7506205809316,Farmacias Benavides,615.00,,https://www.benavides.com.mx/enfamil-formula-para-lactantes-0-a-12-meses-800-g,2026-09-30,,agente sesión 9
7506205809316,Farmacias del Ahorro,642.00,,https://www.fahorro.com/enfamil-premium-etapa-1-formula-infantil-para-lactantes-de-0-a-6-meses-lata-de-800-gr.html,2026-09-30,,agente sesión 9
7506205809316,HEB,645.00,,https://www.heb.com.mx/enfamil-formula-infantil-etapa-1-800-g-143590/p,2026-09-30,,agente sesión 9
7501089804099,Chedraui,448.00,,https://www.chedraui.com.mx/grageas-autrin-600-frasco-con-36-tabletas-3024078/p,2026-09-30,,agente sesión 9
7501089804099,Farmacias YZA,464.00,,https://www.yza.mx/autrin-frasco-600mg-36-tabs-/MXYZ_7501089804099.html,2026-09-30,Precio mostrado en el sitio; aparece como agotado sin sucursal seleccionada,agente sesión 9
7501089804099,Farmacias Benavides,523.00,,https://www.benavides.com.mx/autrin-600-acido-ascorbicoacido-folicohierro-fumarato-36-tabletas,2026-09-30,,agente sesión 9
7501089804099,Farmacias del Ahorro,534.00,,https://www.fahorro.com/autrin-600-tabletas-frasco-con-36.html,2026-09-30,,agente sesión 9
7501300420220,Farmacias YZA,587.00,,https://www.yza.mx/dorixina-flam-250-mg-50-mg---caja-con-14-tabletas-clonixinato-de-lisina-y-diclofenaco-sodico/MXYZ_7501300420220.html,2026-09-30,Precio mostrado en el sitio; aparece como agotado sin sucursal seleccionada,agente sesión 9
7501300420220,Farmacias Benavides,626.00,,https://www.benavides.com.mx/dorixina-flam-250-mg-clonixinato-de-lisina50-mg-diclofenaco-14-tabletas,2026-09-30,,agente sesión 9
7501943441729,Farmacias Benavides,363.00,,https://www.benavides.com.mx/huggies-supreme-panales-proteccion-delicada-unisex-etapa-3-36-uds,2026-09-30,,agente sesión 9
7501943441729,Chedraui,373.80,387.00,https://www.chedraui.com.mx/panal-para-bebe-huggies-supreme-unisex-etapa-3-con-36-piezas-3003258/p,2026-09-30,,agente sesión 9
7501943441729,Farmacias YZA,403.50,,https://www.yza.mx/huggies-supreme-etapa-3-unisex-36-pzas/MXYZ_7501943441729.html,2026-09-30,Precio mostrado en el sitio; aparece como agotado sin sucursal seleccionada,agente sesión 9
7501298214986,Farmacias YZA,309.50,,https://www.yza.mx/dolo-neurobion-forte-10-tabs-/MXYZ_7501298214986.html,2026-09-30,Ficha sin sucursal elegida (aparece agotado); precio de ficha,agente sesión 10
7501298214986,Farmacias Benavides,354.00,,https://www.benavides.com.mx/dolo-neurobion-forte-complejo-vitamina-b-diclofenaco-10-ud-tabletas,2026-09-30,,agente sesión 10
7501298214986,Farmacias del Ahorro,380.00,,https://www.fahorro.com/dolo-neurobion-forte-10-tabletas-oral.html,2026-09-30,,agente sesión 10
7501165011601,Farmacias del Ahorro,653.00,,https://www.fahorro.com/buscapina-compositum-36-tabs.html,2026-09-30,,agente sesión 10
7501165011601,Farmacias Benavides,713.00,,https://www.benavides.com.mx/buscapina-compositum-10-mg-butilhioscina250-mg-metamizol-sodico-36-tabletas,2026-09-30,,agente sesión 10
7501058714312,Farmacias del Ahorro,190.00,,https://www.fahorro.com/tempra-solucion-pediatrica-gotas-paracetamol-sabor-uva-30-ml.html,2026-09-30,,agente sesión 10
7501058714312,Farmacias Benavides,199.00,,https://www.benavides.com.mx/tempra-pediatrico-100-mgml-paracetamol-30-ml-gotas,2026-09-30,,agente sesión 10
7501058714312,Farmacias YZA,206.50,,https://www.yza.mx/tempra-solucion-pediatrica-fiebre-y-dolor-sabor-uva-de-30-ml/MXYZ_7501058714312.html,2026-09-30,Ficha sin sucursal elegida (aparece agotado); precio de ficha,agente sesión 10
7501943454743,Farmacias YZA,58.00,,https://www.yza.mx/huggies-cuidado-hidra-toallita-80-pzas/MXYZ_7501943454743.html,2026-09-30,Ficha sin sucursal elegida (aparece agotado); precio de ficha,agente sesión 10
7501943454743,Farmacias del Ahorro,58.00,,https://www.fahorro.com/huggies-toallitas-humedas-cuidado-hidratante-80-pz.html,2026-09-30,,agente sesión 10
7501943454743,Farmacias Benavides,59.00,,https://www.benavides.com.mx/huggies-toallitas-humedas-para-bebe-cuidado-hidratante-80-uds,2026-09-30,,agente sesión 10
7506295337454,Farmacias del Ahorro,282.00,286.00,https://www.fahorro.com/prueba-de-embarazo-clearblue-digital-1-unidad.html,2026-09-30,,agente sesión 10
7506295337454,Farmacias Benavides,299.00,,https://www.benavides.com.mx/clearblue-prueba-de-embarazo-digital-1-ud,2026-09-30,,agente sesión 10
7506295337454,Farmacias YZA,300.00,,https://www.yza.mx/clearblue-prueba-de-embarazo-digital/MXYZ_7506295337454.html,2026-09-30,Ficha sin sucursal elegida (aparece agotado); precio de ficha,agente sesión 10
7730979094092,Farmacias YZA,1319.00,,https://www.yza.mx/asoflon-0.4mg-30-caps-/MXYZ_7730979094092.html,2026-09-30,Ficha sin sucursal elegida (aparece agotado); precio de ficha,agente sesión 10
7730979094092,Farmacias del Ahorro,1409.55,2013.64,https://www.fahorro.com/asoflon-0-4-mg-con-30-capsulas.html,2026-09-30,,agente sesión 10
7730979094092,Farmacias Benavides,1465.00,,https://www.benavides.com.mx/asoflon-0-4-mg-tamsulosina-30-capsulas,2026-09-30,,agente sesión 10
7501008493007,Farmacias del Ahorro,475.01,723.00,https://www.fahorro.com/vagitrol-v-vaginal-con-10-ovulos.html,2026-09-30,,agente sesión 10
7501008493007,Farmacias YZA,547.50,,https://www.yza.mx/vagitrol-v-30ml-10-ovulos/MXYZ_7501008493007.html,2026-09-30,Ficha sin sucursal elegida (aparece agotado); precio de ficha,agente sesión 10
7501008493007,Farmacias Benavides,586.00,,https://www.benavides.com.mx/vagitrol-v-050-mg-acetonido-de-fluocinolona500-mg-metronidazol100-000-ui-nistatina-10-ovulos,2026-09-30,,agente sesión 10
7501050610704,Farmacias YZA,656.00,,https://www.yza.mx/diprospan-hipak-jeringa-desechable-1ml/MXYZ_7501050610704.html,2026-09-30,Ficha sin sucursal elegida (aparece agotado); precio de ficha,agente sesión 10
7501050610704,Farmacias del Ahorro,677.47,981.84,https://www.fahorro.com/diprospan-hypak-7-mg-1-ml-caja-con-jeringa-y-aguja-esterilizada.html,2026-09-30,,agente sesión 10
7501050610704,Farmacias Benavides,721.00,,https://www.benavides.com.mx/diprospan-hypak-50-mg20-mg-betametasona-1-jeringa-prellenada,2026-09-30,,agente sesión 10
7501058714305,Farmacias Benavides,209.00,,https://www.benavides.com.mx/tempra-infantil-32-g-paracetamol100-ml-jarabe-sabor-fresa-120-ml,2026-09-30,,agente sesión 10
7501058714305,Farmacias del Ahorro,209.00,,https://www.fahorro.com/tempra-jarabe-infantil-paracetamol-sabor-fresa-3-2g-frasco-120-ml.html,2026-09-30,,agente sesión 10
7501058714305,Farmacias YZA,232.00,,https://www.yza.mx/jarabe-infantil-sabor-fresa-120ml/MXYZ_7501058714305.html,2026-09-30,Ficha sin sucursal elegida (aparece agotado); precio de ficha,agente sesión 10
7501033954078,Farmacias YZA,62.00,,https://www.yza.mx/ensure-fresa-237ml/MXYZ_7501033954078.html,2026-09-30,Ficha sin sucursal elegida (aparece agotado); precio de ficha,agente sesión 10
7501033954078,Farmacias Benavides,65.00,,https://www.benavides.com.mx/ensure-alimentacion-especializada-sabor-fresa-237-ml,2026-09-30,,agente sesión 10
7501033954078,Farmacias del Ahorro,66.00,,https://www.fahorro.com/ensure-singles-suplemento-alimenticio-sabor-fresa-237-ml.html,2026-09-30,"Ficha titulada «Ensure Singles», mismo GTIN y 237 ml",agente sesión 10
75020286,Jung Real Food (tienda del fabricante),120.00,,https://jung.com.mx/tienda/tienda-en-linea/suplementos-alimenticios/sistema-digestivo/similaxol-78-similia-50-tabletas-de-100-mg/,2026-09-30,"Tienda en línea de Jung (fabricante de Similia); precio de ficha, en existencia; SKU 75020286",agente sesión 10
7501250838939,Farmacias del Ahorro,849.42,1327.22,https://www.fahorro.com/vasculflow-250-mg-225-mg-25-mg-oral-30-tabs.html,2026-09-30,,agente sesión 10
7501250838939,Farmacias Benavides,932.00,,https://www.benavides.com.mx/vasculflow-250-mg-dobesilato-de-calcio225-mg-diosmina25-mg-hesperidina-30-tabletas,2026-09-30,,agente sesión 10
7501250838939,Farmacias YZA,1017.00,,https://www.yza.mx/vasculflow-250mg225mg25mg-30-tabs/MXYZ_7501250838939.html,2026-09-30,Ficha sin sucursal elegida (aparece agotado); precio de ficha,agente sesión 10
736085405422,Farmacias del Ahorro,162.00,,https://www.fahorro.com/splash-tears-lagrima-artificial-gotas-15-ml.html,2026-09-30,,agente sesión 10
736085405422,Farmacias YZA,165.00,,https://www.yza.mx/splash-tears-solucion-gotas-15ml/MXYZ_736085405422.html,2026-09-30,Ficha sin sucursal elegida (aparece agotado); precio de ficha,agente sesión 10
736085405422,Farmacias Benavides,169.00,,https://www.benavides.com.mx/splash-tears-1-mg-sulfato-sodico2-mg-hipromelosa-de-condroitina-15-ml,2026-09-30,,agente sesión 10
7501098610025,Farmacias del Ahorro,1709.88,2849.80,https://www.fahorro.com/xigduo-xr-11000-mg-28-tabletas.html,2026-09-30,,agente sesión 10
7501098610025,Farmacias Benavides,2087.00,,https://www.benavides.com.mx/xigduo-xr-10-mg-dapagliflozina1000-mg-metformina-28-tabletas,2026-09-30,,agente sesión 10
7501098610025,Farmacias YZA,2116.00,,https://www.yza.mx/xigduo-xr-10mg1000mg-28-tabs/MXYZ_7501098610025.html,2026-09-30,Ficha sin sucursal elegida (aparece agotado); precio de ficha,agente sesión 10
780083140922,Farmacias YZA,290.00,,https://www.yza.mx/ampigrin-solucion-inyectable-adul-500mg/MXYZ_780083140922.html,2026-09-30,Ficha sin sucursal elegida (aparece agotado); precio de ficha,agente sesión 10
780083140922,Farmacias del Ahorro,312.00,,https://www.fahorro.com/ampigrin-adulto-500-mg.html,2026-09-30,,agente sesión 10
7501033956140,Farmacias YZA,70.00,,https://www.yza.mx/glucerna-fresa-237ml/MXYZ_7501033956140.html,2026-09-30,Ficha sin sucursal elegida (aparece agotado); precio de ficha,agente sesión 10
7501033956140,Farmacias Benavides,72.00,,https://www.benavides.com.mx/glucerna-alimentacion-especializada-sabor-fresa-237-ml,2026-09-30,,agente sesión 10
7501033956140,Farmacias del Ahorro,73.00,,https://www.fahorro.com/glucerna-suplemento-alimenticio-sabor-fresa-237-ml.html,2026-09-30,,agente sesión 10
5415062392317,Farmacias YZA,153.00,,https://www.yza.mx/terramicina-oftalmico-unguento-10g-1-pza/MXYZ_5415062392317.html,2026-09-30,Ficha sin sucursal elegida (aparece agotado); precio de ficha,agente sesión 10
5415062392317,Farmacias Benavides,162.00,,https://www.benavides.com.mx/terramicina-0005-g-oxitetraciclina10000-u-polimixina-b-unguento-10-g,2026-09-30,,agente sesión 10
7501871720620,Farmacias Benavides,711.00,,https://www.benavides.com.mx/geslutin-200-mg-progesterona-15-perlas,2026-09-30,,agente sesión 10
7501871720620,Farmacias YZA,755.50,,https://www.yza.mx/geslutin-200mg-15-perlas-/MXYZ_7501871720620.html,2026-09-30,Ficha sin sucursal elegida (aparece agotado); precio de ficha,agente sesión 10
7501092793052,Farmacias Benavides,160.00,,https://www.benavides.com.mx/riopan-80-mg-magaldrato10-mg-dimeticona1-ml-gel-10-sobres,2026-09-30,,agente sesión 10
7501092793052,Farmacias YZA,172.00,,https://www.yza.mx/riopan-gel-10-sbs/MXYZ_7501092793052.html,2026-09-30,Ficha sin sucursal elegida (aparece agotado); precio de ficha,agente sesión 10
7501314706228,Farmacias YZA,327.50,,https://www.yza.mx/viternum-jarabe-140ml/MXYZ_7501314706228.html,2026-09-30,Ficha sin sucursal elegida (aparece agotado); precio de ficha,agente sesión 10
7501314706228,Farmacias Benavides,351.00,,https://www.benavides.com.mx/viternum-dihexazina-140-ml-jarabe,2026-09-30,,agente sesión 10
7501318645080,Farmacias Benavides,165.00,,https://www.benavides.com.mx/canesten-v-2-clotrimazol-crema-20-g,2026-09-30,,agente sesión 10
7501318645080,Farmacias YZA,165.00,,https://www.yza.mx/canesten-v-crema-vaginal-20g/MXYZ_7501318645080.html,2026-09-30,Ficha sin sucursal elegida (aparece agotado); precio de ficha,agente sesión 10
736085132069,Farmacias YZA,77.50,,https://www.yza.mx/nazil-ofteno-gotas-15ml/MXYZ_736085132069.html,2026-09-30,Ficha sin sucursal elegida (aparece agotado); precio de ficha,agente sesión 10
736085132069,Farmacias Benavides,80.00,,https://www.benavides.com.mx/nazil-1-nafazolina-15-ml-frasco-gotero,2026-09-30,,agente sesión 10
650240017094,Farmacias YZA,79.50,,https://www.yza.mx/xl-3-xtra-12-caps/MXYZ_650240017094.html,2026-09-30,Ficha sin sucursal elegida (aparece agotado); precio de ficha,agente sesión 10
650240017094,Farmacias Benavides,87.00,,https://www.benavides.com.mx/xl-3-xtra-2-mg-clorfenamina5-mg-fenilefrina10-mg-dextrometorfano250-mg-paracetamol-12-capsulas,2026-09-30,,agente sesión 10
75004996,Farmacias del Ahorro,271.69,452.82,https://www.fahorro.com/espaven-pediatrico-100-mg-gotas-30-ml.html,2026-09-30,"Vía GraphQL, SKU = GTIN",agente sesión 10
75004996,Farmacias Benavides,299.00,,https://www.benavides.com.mx/espaven-pediatrico-dimeticona-suspension-en-gotas-30-ml,2026-09-30,En existencia; sin oferta,agente sesión 10
75004996,Farmacias YZA,316.50,,https://www.yza.mx/x/MXYZ_75004996.html,2026-09-30,Precio de ficha; figura agotado porque no hay sucursal elegida,agente sesión 10
7501109902637,Farmacias YZA,146.00,,https://www.yza.mx/x/MXYZ_7501109902637.html,2026-09-30,Precio de ficha; figura agotado porque no hay sucursal elegida,agente sesión 10
7501109902637,Farmacias Benavides,154.00,,https://www.benavides.com.mx/motrin-suspensin-peditrica-15-ml,2026-09-30,"Ficha Motrin 40 mg/ml ibuprofeno 15 ml (encontrada por búsqueda web, no por GTIN); sin oferta",agente sesión 10
7501086453221,Farmacias YZA,254.00,,https://www.yza.mx/x/MXYZ_7501086453221.html,2026-09-30,Precio de ficha; figura agotado porque no hay sucursal elegida,agente sesión 10
7501086453221,Farmacias Benavides,334.00,,https://www.benavides.com.mx/oral-b-enjuague-bucal-para-gingivitis-sabor-menta-350-ml,2026-09-30,En existencia; sin oferta,agente sesión 10
7501086453221,Farmacias del Ahorro,344.00,,https://www.fahorro.com/oral-b-enjuague-bucal-menta-para-gingivitis-350-ml.html,2026-09-30,"Vía GraphQL, SKU = GTIN",agente sesión 10
7501293201936,Farmacias YZA,360.50,,https://www.yza.mx/x/MXYZ_7501293201936.html,2026-09-30,Precio de ficha; figura agotado porque no hay sucursal elegida,agente sesión 10
7501293201936,Farmacias Benavides,368.00,,https://www.benavides.com.mx/histofil-4000-ui-colecalciferol-60-tabletas,2026-09-30,En existencia; sin oferta,agente sesión 10
7501293201936,Farmacias del Ahorro,376.00,,https://www.fahorro.com/histofil-4000-ui-oral-60-tabletas.html,2026-09-30,"Vía GraphQL, SKU = GTIN",agente sesión 10
7501098610032,Farmacias del Ahorro,930.83,1477.50,https://www.fahorro.com/xigduo-xr-1000-mg-28-tabletas.html,2026-09-30,"Vía GraphQL, SKU = GTIN",agente sesión 10
7501098610032,Farmacias YZA,1097.00,,https://www.yza.mx/x/MXYZ_7501098610032.html,2026-09-30,Precio de ficha; figura agotado porque no hay sucursal elegida,agente sesión 10
7501098610032,Farmacias Benavides,1123.00,,https://www.benavides.com.mx/xigduo-xr-5-mg-dapagliflozina1000-mg-metformina-28-tabletas,2026-09-30,En existencia; sin oferta,agente sesión 10
7501300420916,Farmacias del Ahorro,582.00,,https://www.fahorro.com/clendix-300-mg-16-caps.html,2026-09-30,"Vía GraphQL, SKU = GTIN",agente sesión 10
7501300420916,Farmacias Benavides,612.00,,https://www.benavides.com.mx/clendix-300-mg-clindamicina-16-ud-capsulas,2026-09-30,En existencia; sin oferta,agente sesión 10
7501300420916,Farmacias YZA,627.50,,https://www.yza.mx/x/MXYZ_7501300420916.html,2026-09-30,Precio de ficha; figura agotado porque no hay sucursal elegida,agente sesión 10
7501070903695,Farmacias YZA,698.00,,https://www.yza.mx/x/MXYZ_7501070903695.html,2026-09-30,Precio de ficha; figura agotado porque no hay sucursal elegida,agente sesión 10
7501070903695,Farmacias del Ahorro,783.47,1044.63,https://www.fahorro.com/libertrim-sii-200-mg-75-mg-24-comprimidos.html,2026-09-30,"Vía GraphQL, SKU = GTIN",agente sesión 10
7501070903695,Farmacias Benavides,835.00,,https://www.benavides.com.mx/libertrim-sii-200-mg-trimebutina75-mg-simeticona-24-comprimidos,2026-09-30,En existencia; sin oferta,agente sesión 10
799192067426,Tienda Accu-Chek México (sitio oficial),813.45,,https://tienda.accu-chek.com.mx/Producto/3847?medidores=1,2026-09-30,Promo Pack 1: glucómetro + 50 tiras + Softclix + 25 lancetas; envío gratis,agente sesión 10
7501124182878,Farmacias YZA,671.00,,https://www.yza.mx/x/MXYZ_7501124182878.html,2026-09-30,Precio de ficha; figura agotado porque no hay sucursal elegida,agente sesión 10
7501124182878,Farmacias del Ahorro,753.08,1004.10,https://www.fahorro.com/libertrim-alfa-200-mg-75-mg-45-mg-24-comprimidos.html,2026-09-30,"Vía GraphQL, SKU = GTIN",agente sesión 10
7501124182878,Farmacias Benavides,804.00,,https://www.benavides.com.mx/libertrim-alfa-200-mg-trimebutina75-mg-simeticona45-mg-galactosidasa-24-comprimidos,2026-09-30,En existencia; sin oferta,agente sesión 10
7501298234908,Farmacias Benavides,374.00,,https://www.benavides.com.mx/eutirox-50-mcg-levotiroxina-sodica-50-tabletas,2026-09-30,En existencia; sin oferta,agente sesión 10
7501298234908,Farmacias del Ahorro,382.00,,https://www.fahorro.com/eutirox-50-mcg-oral-50-tabletas.html,2026-09-30,"Vía GraphQL, SKU = GTIN",agente sesión 10
7501298234908,Farmacias YZA,382.50,,https://www.yza.mx/x/MXYZ_7501298234908.html,2026-09-30,Precio de ficha; figura agotado porque no hay sucursal elegida,agente sesión 10
7501092793038,Farmacias Benavides,345.00,,https://www.benavides.com.mx/riopan-8-g-magaldrato1-g-dimeticona100-ml-gel-250-ml,2026-09-30,En existencia; sin oferta,agente sesión 10
7501092793038,Farmacias del Ahorro,346.00,,https://www.fahorro.com/riopan-gel-oral-250-ml-suspension.html,2026-09-30,"Vía GraphQL, SKU = GTIN",agente sesión 10
7501092793038,Farmacias YZA,371.50,,https://www.yza.mx/x/MXYZ_7501092793038.html,2026-09-30,Precio de ficha; figura agotado porque no hay sucursal elegida,agente sesión 10
7501008433515,Chedraui,160.00,,https://www.chedraui.com.mx/cafiaspirina-analgesico-100-tabletas-500mg-3025516/p,2026-09-30,"API de Chedraui, EAN 750100843351; 100 tabletas 500 mg",agente sesión 10
7501008427347,Farmacias YZA,69.00,,https://www.yza.mx/x/MXYZ_7501008427347.html,2026-09-30,Precio de ficha; figura agotado porque no hay sucursal elegida,agente sesión 10
7501008427347,Farmacias Benavides,101.00,,https://www.benavides.com.mx/bepanthen-5-dexpanthenol-pomada-protectora-contra-rozaduras-30-g,2026-09-30,En existencia; sin oferta,agente sesión 10
7501007532387,Farmacias Benavides,230.00,,https://www.benavides.com.mx/microlax-90-mg-citrato-de-sodio9-mg-laurilsulfato1-ml-suspension-4-enemas-con-5ml-cu,2026-09-30,En existencia; sin oferta,agente sesión 10
7501007532387,Farmacias YZA,231.00,,https://www.yza.mx/x/MXYZ_7501007532387.html,2026-09-30,Precio de ficha; figura agotado porque no hay sucursal elegida,agente sesión 10
7501033956126,Farmacias YZA,70.00,,https://www.yza.mx/x/MXYZ_7501033956126.html,2026-09-30,Precio de ficha; figura agotado porque no hay sucursal elegida,agente sesión 10
7501033956126,Farmacias Benavides,72.00,,https://www.benavides.com.mx/glucerna-alimentacion-especializada-sabor-vainilla-237-ml,2026-09-30,En existencia; sin oferta,agente sesión 10
3594450170071,Farmacias YZA,1333.50,,https://www.yza.mx/x/MXYZ_3594450170071.html,2026-09-30,Precio de ficha; figura agotado porque no hay sucursal elegida,agente sesión 10
3594450170071,Farmacias Benavides,1376.00,,https://www.benavides.com.mx/daflon-900-mg-diosmina100-mg-hesperidina-30-sobres,2026-09-30,En existencia; sin oferta,agente sesión 10
7501033954085,Farmacias YZA,62.00,,https://www.yza.mx/x/MXYZ_7501033954085.html,2026-09-30,Precio de ficha; figura agotado porque no hay sucursal elegida,agente sesión 10
7501033954085,Farmacias Benavides,65.00,,https://www.benavides.com.mx/ensure-alimentacion-especializada-sabor-vainilla-237-ml,2026-09-30,En existencia; sin oferta,agente sesión 10
7501298234601,Farmacias Benavides,664.00,,https://www.benavides.com.mx/eutirox-100-mcg-levotiroxina-sodica-50-tabletas,2026-09-30,En existencia; sin oferta,agente sesión 10
7501298234601,Farmacias YZA,664.50,,https://www.yza.mx/x/MXYZ_7501298234601.html,2026-09-30,Precio de ficha; figura agotado porque no hay sucursal elegida,agente sesión 10
7501034664082,Farmacias Benavides,2337.00,,https://www.benavides.com.mx/jardianz-duo-125-mg-empagliflozina1000-mg-metformina-60-tabletas,2026-09-30,En existencia; sin oferta,agente sesión 10
7501034664082,Farmacias YZA,2465.00,,https://www.yza.mx/x/MXYZ_7501034664082.html,2026-09-30,Precio de ficha; figura agotado porque no hay sucursal elegida,agente sesión 10
7501008499689,Farmacias YZA,71.00,,https://www.yza.mx/x/MXYZ_7501008499689.html,2026-09-30,Precio de ficha; figura agotado porque no hay sucursal elegida,agente sesión 10
7501008499689,Farmacias Benavides,89.00,,https://www.benavides.com.mx/tabcin-active-325-mg-paracetamol-10-mg-dextrometorfano-5-mg-fenilefrina-2-mg-clorfenamina-12-capsulas,2026-09-30,En existencia; sin oferta,agente sesión 10
736085410808,Farmacias Benavides,599.00,,https://www.benavides.com.mx/humylub-pf-ofteno-18-mg-condroitina1-mg-hialuronatoml-solucion-10-ml-gotas,2026-09-30,En existencia; sin oferta,agente sesión 10
736085410808,Farmacias YZA,601.00,,https://www.yza.mx/x/MXYZ_736085410808.html,2026-09-30,Precio de ficha; figura agotado porque no hay sucursal elegida,agente sesión 10
7501070635596,Farmacias YZA,461.00,,https://www.yza.mx/x/MXYZ_7501070635596.html,2026-09-30,Precio de ficha; figura agotado porque no hay sucursal elegida,agente sesión 10
7501070635596,Farmacias Benavides,471.00,,https://www.benavides.com.mx/as-cor-1-g100-ml-norfenefrina-24-ml-gotas,2026-09-30,En existencia; sin oferta,agente sesión 10
020800753067,Chedraui,99.45,117.00,https://www.chedraui.com.mx/antiacidos-pepto-bismol-suspension-sabor-original-118ml-3103035/p,2026-09-30,"API de Chedraui, EAN 0020800753067; precio de oferta",agente sesión 10
020800753067,Farmacias Benavides,147.00,,https://www.benavides.com.mx/pepto-bismol-1750-g100-ml-subsalicilato-de-bismuto-118-ml-frasco,2026-09-30,En existencia; sin oferta,agente sesión 10
7501033954061,Farmacias YZA,62.00,,https://www.yza.mx/x/MXYZ_7501033954061.html,2026-09-30,Precio de ficha; figura agotado porque no hay sucursal elegida,agente sesión 10
7501033954061,Farmacias Benavides,65.00,,https://www.benavides.com.mx/ensure-alimentacion-especializada-sabor-chocolate-237-ml,2026-09-30,En existencia; sin oferta,agente sesión 10
7503007704597,Farmacias del Ahorro,377.00,,https://www.fahorro.com/hidrasec-100-mg-oral-9-caps.html,2026-09-30,,agente sesión 10
7503007704597,Farmacias YZA,378.50,,https://www.yza.mx/x/MXYZ_7503007704597.html,2026-09-30,Precio de ficha; aparece agotado por no haber sucursal elegida,agente sesión 10
7501070615277,Farmacias YZA,701.00,,https://www.yza.mx/x/MXYZ_7501070615277.html,2026-09-30,Precio de ficha; aparece agotado por no haber sucursal elegida,agente sesión 10
7501070615277,Farmacias del Ahorro,732.00,,https://www.fahorro.com/daflon-450-mg-50-mg-oral-20-tabs.html,2026-09-30,,agente sesión 10
7501314704057,Farmacias YZA,413.00,,https://www.yza.mx/x/MXYZ_7501314704057.html,2026-09-30,Precio de ficha; aparece agotado por no haber sucursal elegida,agente sesión 10
7501314704057,Farmacias del Ahorro,435.00,,https://www.fahorro.com/unival-1-gr-suspension-oral-230-ml.html,2026-09-30,,agente sesión 10
7501008433676,Farmacias del Ahorro,67.00,,https://www.fahorro.com/cafiaspirina-analgesico-40-tabletas.html,2026-09-30,,agente sesión 10
7501008433676,Farmacias YZA,72.00,,https://www.yza.mx/x/MXYZ_7501008433676.html,2026-09-30,Precio de ficha; aparece agotado por no haber sucursal elegida,agente sesión 10
7501943416178,Farmacias del Ahorro,219.00,265.00,https://www.fahorro.com/pa-al-huggies-supreme-recien-nacido-unisex-40-pz.html,2026-09-30,,agente sesión 10
7501943416178,Farmacias YZA,229.00,,https://www.yza.mx/x/MXYZ_7501943416178.html,2026-09-30,Precio de ficha; aparece agotado por no haber sucursal elegida,agente sesión 10
7501943416178,Chedraui,249.00,268.00,https://www.chedraui.com.mx/panal-para-bebe-huggies-supreme-unisex-etapa-recien-nacido-con-40-piezas-3426070/p,2026-09-30,,agente sesión 10
7502235760139,Farmacias del Ahorro,472.00,,https://www.fahorro.com/regenesis-max-suplemento-alimenticio-30-capsulas.html,2026-09-30,,agente sesión 10
7502235760139,Farmacias YZA,496.00,,https://www.yza.mx/x/MXYZ_7502235760139.html,2026-09-30,Precio de ficha; aparece agotado por no haber sucursal elegida,agente sesión 10
7501022101155,Farmacias YZA,202.00,,https://www.yza.mx/x/MXYZ_7501022101155.html,2026-09-30,Precio de ficha; aparece agotado por no haber sucursal elegida,agente sesión 10
7501022101155,Farmacias del Ahorro,263.00,,https://www.fahorro.com/reumophan-50-250-mg-oral-20-tabletas.html,2026-09-30,,agente sesión 10
7500435181402,Chedraui,176.00,,https://www.chedraui.com.mx/tabletas-sedalmerck-500505mg-40-tabletas-3824336/p,2026-09-30,"Ficha ""40 tabletas"" = 10 sobres x 4 tabletas; EAN coincide",agente sesión 10
7501008498798,Farmacias YZA,72.50,,https://www.yza.mx/x/MXYZ_7501008498798.html,2026-09-30,Precio de ficha; aparece agotado por no haber sucursal elegida,agente sesión 10
7501008498798,Farmacias del Ahorro,86.00,,https://www.fahorro.com/bepanthen-pomada-regeneradora-30-g.html,2026-09-30,,agente sesión 10
7501125106231,Farmacias del Ahorro,477.00,,https://www.fahorro.com/cefaxona-i-m-1-g-frasco-ampula-con-3-5-ml.html,2026-09-30,,agente sesión 10
650240017100,Farmacias del Ahorro,139.00,,https://www.fahorro.com/xl-3-vr-antigripal-24-tabletas.html,2026-09-30,,agente sesión 10
650240017100,Farmacias YZA,150.00,,https://www.yza.mx/x/MXYZ_650240017100.html,2026-09-30,Precio de ficha; aparece agotado por no haber sucursal elegida,agente sesión 10
7501390911028,Farmacias YZA,896.00,,https://www.yza.mx/x/MXYZ_7501390911028.html,2026-09-30,"Precio de ficha; aparece agotado por no haber sucursal elegida; ficha ""Crema 40 g, 10 gasas"" (Del Ahorro la lista como 12 g, 10 pz)",agente sesión 10
7501390911028,Farmacias del Ahorro,995.00,,https://www.fahorro.com/italdermol-gasas-cicatrizante-12-g-10-pz.html,2026-09-30,,agente sesión 10
7501314702640,Farmacias del Ahorro,378.00,,https://www.fahorro.com/flumil-oral-25-ml-gotas.html,2026-09-30,,agente sesión 10
7501314702640,Farmacias YZA,384.00,,https://www.yza.mx/x/MXYZ_7501314702640.html,2026-09-30,Precio de ficha; aparece agotado por no haber sucursal elegida,agente sesión 10
7501017372751,Farmacias YZA,148.40,,https://www.yza.mx/x/MXYZ_7501017372751.html,2026-09-30,Precio de ficha; aparece agotado por no haber sucursal elegida,agente sesión 10
7501017372751,Chedraui,169.00,,https://www.chedraui.com.mx/panales-kleenbebe-absorsec-etapa-4-grandes-40-panales-3003274/p,2026-09-30,EAN de la ficha sin dígito verificador (750101737275); Etapa 4 Grandes 40 pañales,agente sesión 10
7501017372751,Farmacias del Ahorro,202.00,,https://www.fahorro.com/pa-al-kleenbebe-absorsec-talla-grande-unisex-40-pz.html,2026-09-30,,agente sesión 10
7501314701322,Farmacias YZA,916.50,,https://www.yza.mx/x/MXYZ_7501314701322.html,2026-09-30,Precio de ficha; aparece agotado por no haber sucursal elegida,agente sesión 10
7501314701322,Farmacias del Ahorro,1057.00,,https://www.fahorro.com/biomics-400-mg-oral-con-6-capsulas.html,2026-09-30,,agente sesión 10
7501298215099,Farmacias YZA,155.50,,https://www.yza.mx/x/MXYZ_7501298215099.html,2026-09-30,Precio de ficha; aparece agotado por no haber sucursal elegida,agente sesión 10
7501298215099,Chedraui,165.00,,https://www.chedraui.com.mx/analgesico-con-paracetamol-sedalmerck-max-blister-con-24-tabletas-3038587/p,2026-09-30,EAN de la ficha sin dígito verificador (750129821509),agente sesión 10
7501298215099,Farmacias del Ahorro,173.00,,https://www.fahorro.com/sedalmerck-max-24-tabletas.html,2026-09-30,,agente sesión 10
7502208891228,Farmacias YZA,120.00,,https://www.yza.mx/x/MXYZ_7502208891228.html,2026-09-30,"Precio de ficha; aparece agotado por no haber sucursal elegida; precio muy por debajo del de Del Ahorro (120 vs 395), verificar",agente sesión 10
7502208891228,Farmacias del Ahorro,395.00,,https://www.fahorro.com/trixona-im-1-g-3-5-ml-solucion-inyeccion.html,2026-09-30,,agente sesión 10
7501033956133,Chedraui,63.91,,https://www.chedraui.com.mx/suplemento-alimenticio-glucerna-para-personas-con-diabetes-chocolate-237ml-3104026/p,2026-09-30,EAN de la ficha sin dígito verificador (750103395613),agente sesión 10
7501033956133,Farmacias YZA,70.00,,https://www.yza.mx/x/MXYZ_7501033956133.html,2026-09-30,Precio de ficha; aparece agotado por no haber sucursal elegida,agente sesión 10
7501033956133,Farmacias del Ahorro,73.00,,https://www.fahorro.com/glucerna-suplemento-alimenticio-sabor-chocolate-237-ml.html,2026-09-30,,agente sesión 10
7501095452505,Farmacias del Ahorro,162.00,,https://www.fahorro.com/tempra-forte-adultos-paracetamol-650-mg-caja-24-tabletas.html,2026-09-30,,agente sesión 10
7501095452505,Farmacias YZA,179.50,,https://www.yza.mx/x/MXYZ_7501095452505.html,2026-09-30,Precio de ficha; aparece agotado por no haber sucursal elegida,agente sesión 10
7501088509766,Farmacias YZA,139.00,,https://www.yza.mx/x/MXYZ_7501088509766.html,2026-09-30,Precio de ficha; aparece agotado por no haber sucursal elegida,agente sesión 10
7501088509766,Farmacias del Ahorro,141.00,,https://www.fahorro.com/antiflu-des-jr-antigripal-infantil-solucion-60-ml.html,2026-09-30,,agente sesión 10
7501008499702,Farmacias YZA,71.00,,https://www.yza.mx/x/MXYZ_7501008499702.html,2026-09-30,Precio de ficha; aparece agotado por no haber sucursal elegida,agente sesión 10
7501008499702,Farmacias del Ahorro,82.00,,https://www.fahorro.com/tabcin-noche-12-caps-para-los-mas-molestos-sintomas-de-la-gripe.html,2026-09-30,,agente sesión 10
300090275051,Farmacias YZA,572.50,,https://www.yza.mx/x/MXYZ_300090275051.html,2026-09-30,Precio de ficha; aparece agotado por no haber sucursal elegida,agente sesión 10
300090275051,Farmacias del Ahorro,624.00,,https://www.fahorro.com/depo-provera-150-mg-ml-suspension-jeringa-con-1-ml.html,2026-09-30,,agente sesión 10
7501385491085,Farmacias YZA,395.00,,https://www.yza.mx/x/MXYZ_7501385491085.html,2026-09-30,"Precio de ficha (sin sucursal elegida, figura agotado)",agente sesión 10
7501385491085,Farmacias Benavides,614.00,,https://www.benavides.com.mx/danzen-10-mg-serratiopeptidasa-20-tabletas,2026-09-30,,agente sesión 10
7501314702770,Farmacias YZA,955.50,,https://www.yza.mx/x/MXYZ_7501314702770.html,2026-09-30,"Precio de ficha (sin sucursal elegida, figura agotado)",agente sesión 10
7501314702770,Farmacias Benavides,1197.00,,https://www.benavides.com.mx/arfla-550-mg-rifaximina-15-ud-tabletas,2026-09-30,,agente sesión 10
7501943475014,Chedraui,143.00,,https://www.chedraui.com.mx/panales-para-incontinencia-diapro-anatomicos-talla-grande-10-panales-3004956/p,2026-09-30,,agente sesión 10
7501328980119,Farmacias YZA,328.30,,https://www.yza.mx/x/MXYZ_7501328980119.html,2026-09-30,"Precio de ficha (sin sucursal elegida, figura agotado)",agente sesión 10
7501328980119,Chedraui,399.20,499.00,https://www.chedraui.com.mx/enterogermina-suspension-bacillus-clausii-2billones-de-ufc-20-ampolletas-5ml-3029428/p,2026-09-30,EAN de Chedraui coincide con el GTIN sin dígito verificador,agente sesión 10
7501328980119,Farmacias Benavides,436.00,,https://www.benavides.com.mx/enterogermina-2-billones-ufc-esporas-de-bacillus-clausii-20-ampolletas,2026-09-30,,agente sesión 10
7896009490651,Chedraui,145.00,,https://www.chedraui.com.mx/ultra-corega-sin-sabor-crema-adhesiva-para-protesis-dentales-40g-3040232/p,2026-09-30,,agente sesión 10
7896009490651,Farmacias YZA,147.00,,https://www.yza.mx/x/MXYZ_7896009490651.html,2026-09-30,"Precio de ficha (sin sucursal elegida, figura agotado)",agente sesión 10
7896009490651,Farmacias Benavides,150.00,,https://www.benavides.com.mx/corega-ultra-crema-adhesiva-para-protesis-dentales-sin-sabor-40-g,2026-09-30,,agente sesión 10
7501300408136,Farmacias YZA,613.00,,https://www.yza.mx/x/MXYZ_7501300408136.html,2026-09-30,"Precio de ficha (sin sucursal elegida, figura agotado)",agente sesión 10
7501300408136,Farmacias Benavides,740.00,,https://www.benavides.com.mx/ampliron-duo-875-mg-acido-clavulanico-amoxicilina-14-ud-comprimidos,2026-09-30,,agente sesión 10
7501124103248,Farmacias YZA,317.50,,https://www.yza.mx/x/MXYZ_7501124103248.html,2026-09-30,"Precio de ficha (sin sucursal elegida, figura agotado)",agente sesión 10
7501124103248,Farmacias Benavides,380.00,,https://www.benavides.com.mx/pramigel-aluminiomagnesiometoclopramida-suspension-180-ml,2026-09-30,,agente sesión 10
7509546058986,Farmacias YZA,85.00,,https://www.yza.mx/x/MXYZ_7509546058986.html,2026-09-30,"Precio de ficha (sin sucursal elegida, figura agotado)",agente sesión 10
7509546058986,Farmacias del Ahorro,92.00,,https://www.fahorro.com/fijador-caprice-natural-kiwi-lavanda-316-ml-spray.html,2026-09-30,,agente sesión 10
7509546058986,Farmacias Benavides,100.00,,https://www.benavides.com.mx/caprice-natural-spray-brillo-y-aroma-esencia-de-kiwi-y-lavanda-316-ml,2026-09-30,,agente sesión 10
7501124820817,Farmacias del Ahorro,1316.00,,https://www.fahorro.com/travatan-oftalmico-gotas-2-5-ml.html,2026-09-30,,agente sesión 10
7501124820817,Farmacias Benavides,1362.00,,https://www.benavides.com.mx/travatan-0004-travoprost-solucion-25-ml-gotas,2026-09-30,,agente sesión 10
7501124820817,Farmacias YZA,1382.50,,https://www.yza.mx/x/MXYZ_7501124820817.html,2026-09-30,"Precio de ficha (sin sucursal elegida, figura agotado)",agente sesión 10
7501122963028,Farmacias YZA,331.00,,https://www.yza.mx/x/MXYZ_7501122963028.html,2026-09-30,"Precio de ficha (sin sucursal elegida, figura agotado)",agente sesión 10
7501122963028,Farmacias Benavides,339.00,,https://www.benavides.com.mx/espaven-enzimatico-aspergillus-nigerdimeticonapancreatina-50-tabletas,2026-09-30,,agente sesión 10
7501122963028,Chedraui,503.00,,https://www.chedraui.com.mx/tabletas-espaven-enzimatico-caja-con-50-tabletas-3029602/p,2026-09-30,EAN de Chedraui coincide con el GTIN sin dígito verificador; precio muy superior al de otras tiendas,agente sesión 10
7730979098007,Farmacias Benavides,723.00,,https://www.benavides.com.mx/demus-100000-ui-colecalciferol-2-capsulas,2026-09-30,,agente sesión 10
7730979098007,Farmacias YZA,765.00,,https://www.yza.mx/x/MXYZ_7730979098007.html,2026-09-30,"Precio de ficha (sin sucursal elegida, figura agotado)",agente sesión 10
7501314703227,Farmacias YZA,438.75,,https://www.yza.mx/x/MXYZ_7501314703227.html,2026-09-30,"Precio de ficha (sin sucursal elegida, figura agotado)",agente sesión 10
7501314703227,Farmacias Benavides,593.00,,https://www.benavides.com.mx/sies-200-mg-hidrosmina-20-ud-tabletas,2026-09-30,,agente sesión 10
8020030095076,Farmacias YZA,420.00,,https://www.yza.mx/x/MXYZ_8020030095076.html,2026-09-30,"Precio de ficha (sin sucursal elegida, figura agotado)",agente sesión 10
8020030095076,Farmacias Benavides,699.00,,https://www.benavides.com.mx/esoxx-one-barrera-bioadhesiva-gastro-esofagica-20-uds,2026-09-30,,agente sesión 10
7501125175626,Farmacias del Ahorro,510.00,,https://www.fahorro.com/amoxiclav-bid-875-mg-125-mg-14-tabletas.html,2026-09-30,,agente sesión 10
7501125175626,Farmacias YZA,522.50,,https://www.yza.mx/x/MXYZ_7501125175626.html,2026-09-30,"Precio de ficha (sin sucursal elegida, figura agotado)",agente sesión 10
7501125175626,Farmacias Benavides,588.00,,https://www.benavides.com.mx/amoxiclav-acido-clavulanico-amoxicilina-875-mg-125-mg-14-ud-tabletas,2026-09-30,,agente sesión 10
736085278507,Farmacias YZA,73.00,,https://www.yza.mx/x/MXYZ_736085278507.html,2026-09-30,"Precio de ficha (sin sucursal elegida, figura agotado)",agente sesión 10
736085278507,Chedraui,76.00,,https://www.chedraui.com.mx/gotas-oftalmicas-manzanilla-sophia-naturales-limpieza-y-descanso-15ml-3034282/p,2026-09-30,,agente sesión 10
736085278507,Farmacias Benavides,79.00,,https://www.benavides.com.mx/manzanilla-sophia-025-mgml-matricaria-recutita-15-ml-frasco-gotero,2026-09-30,,agente sesión 10
7501165000315,Chedraui,152.00,,https://www.chedraui.com.mx/neo-melubrina-jarabe-infantil-sabor-frambuesa-frasco-con-100ml-3035562/p,2026-09-30,EAN de Chedraui coincide con el GTIN sin dígito verificador,agente sesión 10
7501165000315,Farmacias YZA,154.00,,https://www.yza.mx/x/MXYZ_7501165000315.html,2026-09-30,"Precio de ficha (sin sucursal elegida, figura agotado)",agente sesión 10
7501165000315,Farmacias Benavides,171.00,,https://www.benavides.com.mx/neo-melubrina-250-mg5-ml-metamizol-sodico-100-ml-jarabe,2026-09-30,,agente sesión 10
7509546058955,Farmacias del Ahorro,92.00,,https://www.fahorro.com/fijador-caprice-esp-acti-ceramidas-316-ml-spray.html,2026-09-30,,agente sesión 10
7509546058955,Farmacias Benavides,100.00,,https://www.benavides.com.mx/caprice-especialidades-spray-fuerza-acti-ceramidas-316-ml,2026-09-30,,agente sesión 10
7502227426449,Farmacias del Ahorro,207.90,231.00,https://www.fahorro.com/nesajar-pinaverio-dimeticona-16-capsulas.html,2026-09-30,,agente sesión 10
7502227426449,Farmacias YZA,216.00,,https://www.yza.mx/x/MXYZ_7502227426449.html,2026-09-30,"Precio de ficha (sin sucursal elegida, figura agotado)",agente sesión 10
7502227426449,Farmacias Benavides,250.00,,https://www.benavides.com.mx/nesajar-100-mg-pinaverio300-mg-dimeticona-16-capsulas,2026-09-30,,agente sesión 10
7501314704958,Farmacias YZA,323.50,,https://www.yza.mx/x/MXYZ_7501314704958.html,2026-09-30,"Precio de ficha (sin sucursal elegida, figura agotado)",agente sesión 10
7501314704958,Farmacias Benavides,348.00,,https://www.benavides.com.mx/lactulax-10-g15-ml-lactulosa-jarabe-125-ml-frasco,2026-09-30,,agente sesión 10
7501314704958,Chedraui,350.00,,https://www.chedraui.com.mx/jarabe-lactulax-10g15ml-frasco-con-125ml-3033208/p,2026-09-30,,agente sesión 10
7502001166066,Farmacias Benavides,38.00,,https://www.benavides.com.mx/barmicil-50-mg-betametasona-10-g-clotrimazol-01-g-gentamicina-40-g-crema,2026-09-30,,agente sesión 10
7502001166066,Farmacias YZA,48.00,,https://www.yza.mx/x/MXYZ_7502001166066.html,2026-09-30,"Precio de ficha (sin sucursal elegida, figura agotado)",agente sesión 10
7501088508998,Farmacias YZA,500.50,,https://www.yza.mx/x/MXYZ_7501088508998.html,2026-09-30,"Precio de ficha (sin sucursal elegida, figura agotado)",agente sesión 10
7501088508998,Farmacias Benavides,560.00,,https://www.benavides.com.mx/neuralin-relief-100-mg-ketoprofeno100505-mg-vitaminas-complejo-b-20-tabletas,2026-09-30,,agente sesión 10
7501086301393,Farmacias YZA,1363.00,,https://www.yza.mx/x/MXYZ_7501086301393.html,2026-09-30,"Precio de ficha (sin sucursal elegida, figura agotado); el nombre en la ficha dice «Cetolan 973Mg 100 Gra»",agente sesión 10
7501086301393,Farmacias Benavides,1399.00,,https://www.benavides.com.mx/cetolan-630-mg-alfa-cetoanalogos-de-aminoacidos-100-tabletas,2026-09-30,,agente sesión 10
7503008821101,Farmacias YZA,82.60,,https://www.yza.mx/x/MXYZ_7503008821101.html,2026-09-30,"Precio de ficha (sin sucursal elegida, figura agotado)",agente sesión 10
7503008821101,Chedraui,105.00,,https://www.chedraui.com.mx/antiseptico-en-spray-estericide-amplio-espectro-60ml-3600895/p,2026-09-30,,agente sesión 10
7503008821101,Farmacias Benavides,124.00,,https://www.benavides.com.mx/estericide-solucion-de-superoxidacion-60-ml-solucion,2026-09-30,,agente sesión 10
7501300409669,Farmacias Benavides,600.00,,https://www.benavides.com.mx/ceftrex-im-ceftriaxona-1-g-frasco-ampula,2026-09-30,,agente sesión 10
7501300409669,Farmacias YZA,602.50,,https://www.yza.mx/x/MXYZ_7501300409669.html,2026-09-30,"Precio de ficha (sin sucursal elegida, figura agotado)",agente sesión 10
7501159580182,Farmacias Benavides,278.00,,https://www.benavides.com.mx/sinuberase-2-billones-ufc-esporas-de-bacillus-clausii-10-ampolletas,2026-09-30,,agente sesión 10
7501159580182,Farmacias YZA,297.50,,https://www.yza.mx/x/MXYZ_7501159580182.html,2026-09-30,"Precio de ficha (sin sucursal elegida, figura agotado)",agente sesión 10
7501300408228,Farmacias YZA,442.50,,https://www.yza.mx/x/MXYZ_7501300408228.html,2026-09-30,Precio de ficha sin sucursal elegida (aparece agotado),agente sesión 10
7501300408228,Farmacias del Ahorro,448.00,,https://www.fahorro.com/furacin-85-g.html,2026-09-30,GraphQL de la tienda,agente sesión 10
7501300408228,Farmacias Benavides,469.00,,https://www.benavides.com.mx/furacin-nitrofurazona-pomada-85-g-tubo,2026-09-30,,agente sesión 10
7501017372775,Farmacias YZA,151.20,,https://www.yza.mx/x/MXYZ_7501017372775.html,2026-09-30,Precio de ficha sin sucursal elegida (aparece agotado),agente sesión 10
7501017372775,Chedraui,169.00,,https://www.chedraui.com.mx/panales-kleenbebe-absorsec-etapa-5-jumbo-40-panales-3003352/p,2026-09-30,,agente sesión 10
7501017372775,Farmacias del Ahorro,206.00,,https://www.fahorro.com/pa-al-kleenbebe-absorsec-talla-jumbo-unisex-40-pz.html,2026-09-30,GraphQL de la tienda,agente sesión 10
7501007532363,Farmacias del Ahorro,195.50,230.00,https://www.fahorro.com/dramamine-antimareo-24-tabletas.html,2026-09-30,GraphQL de la tienda; precio de oferta,agente sesión 10
7501007532363,Farmacias Benavides,231.00,,https://www.benavides.com.mx/dramamine-50-mg-dimenhidrinato-24-tabletas,2026-09-30,,agente sesión 10
7501007532363,Farmacias YZA,245.00,,https://www.yza.mx/x/MXYZ_7501007532363.html,2026-09-30,Precio de ficha sin sucursal elegida (aparece agotado),agente sesión 10
7501088505126,Farmacias del Ahorro,140.05,233.42,https://www.fahorro.com/neuralin-solucion-inyectable-2-pz.html,2026-09-30,GraphQL de la tienda; precio de oferta,agente sesión 10
7501088505126,Farmacias YZA,156.00,,https://www.yza.mx/x/MXYZ_7501088505126.html,2026-09-30,Precio de ficha sin sucursal elegida (aparece agotado),agente sesión 10
7501088505126,Farmacias Benavides,175.00,,https://www.benavides.com.mx/neuralin-complejo-blidocainadexametasona-2-ampolletas,2026-09-30,La tienda lista el mismo GTIN como Neuralin Complejo B/Lidocaína/Dexametasona 2 ampolletas,agente sesión 10
7501298214207,Farmacias Benavides,1152.00,,https://www.benavides.com.mx/dabex-xr-750-mg-metformina-60-tabletas,2026-09-30,,agente sesión 10
7501298214207,Farmacias YZA,1157.50,,https://www.yza.mx/x/MXYZ_7501298214207.html,2026-09-30,Precio de ficha sin sucursal elegida (aparece agotado),agente sesión 10
7501298214207,Farmacias del Ahorro,1178.00,,https://www.fahorro.com/dabex-xr-750-mg-oral-60-tabletas.html,2026-09-30,GraphQL de la tienda,agente sesión 10
7509546058962,Chedraui,65.00,69.00,https://www.chedraui.com.mx/spray-para-cabello-caprice-naturals-con-extracto-de-sabila-316ml-3281604/p,2026-09-30,,agente sesión 10
7509546058962,Farmacias del Ahorro,92.00,,https://www.fahorro.com/fijador-caprice-natural-extracto-sabila-316-ml-spray.html,2026-09-30,GraphQL de la tienda,agente sesión 10
7509546058962,Farmacias Benavides,100.00,,https://www.benavides.com.mx/caprice-naturals-spray-brillo-y-aroma-con-extracto-de-sabila-316-ml,2026-09-30,,agente sesión 10
7501095409004,Farmacias YZA,169.00,,https://www.yza.mx/x/MXYZ_7501095409004.html,2026-09-30,Precio de ficha sin sucursal elegida (aparece agotado),agente sesión 10
7501095409004,Farmacias Benavides,195.00,,https://www.benavides.com.mx/graneodin-b-10-mg-benzocaina-sabor-frambuesa-24-ud-pastilla,2026-09-30,,agente sesión 10
7501095409004,Farmacias del Ahorro,196.00,,https://www.fahorro.com/graneodin-b-sabor-frambuesa-caja-24-pastillas.html,2026-09-30,GraphQL de la tienda,agente sesión 10
7501298234700,Chedraui,360.00,,https://www.chedraui.com.mx/tabletas-eutirox-75mcg-caja-con-50-tabletas-3029731/p,2026-09-30,Precio mucho menor que en farmacias,agente sesión 10
7501298234700,Farmacias YZA,515.50,,https://www.yza.mx/x/MXYZ_7501298234700.html,2026-09-30,Precio de ficha sin sucursal elegida (aparece agotado),agente sesión 10
7501298234700,Farmacias Benavides,530.00,,https://www.benavides.com.mx/eutirox-75-mcg-levotiroxina-sodica-50-tabletas,2026-09-30,,agente sesión 10
7501298234700,Farmacias del Ahorro,545.00,,https://www.fahorro.com/eutirox-75-mcg-oral-50-tabletas.html,2026-09-30,GraphQL de la tienda,agente sesión 10
7509546058979,Chedraui,65.00,69.00,https://www.chedraui.com.mx/spray-para-cabello-caprice-naturals-con-extracto-de-algas-316ml-3281601/p,2026-09-30,EAN de caja (GTIN-14) coincide con el GTIN,agente sesión 10
7509546058979,Farmacias Benavides,100.00,,https://www.benavides.com.mx/caprice-naturals-spray-brillo-y-aroma-con-extracto-de-algas-316-ml,2026-09-30,,agente sesión 10
7501037905588,Farmacias Benavides,1399.00,,https://www.benavides.com.mx/combivent-respimat-168-mg-bromuro-de-ipratropio877mg-salbutamol-120-dosis,2026-09-30,,agente sesión 10
7501037905588,Farmacias YZA,1426.00,,https://www.yza.mx/x/MXYZ_7501037905588.html,2026-09-30,Precio de ficha sin sucursal elegida (aparece agotado),agente sesión 10
7501037905588,Farmacias del Ahorro,1427.00,,https://www.fahorro.com/combivent-respimat-1-68-mg-8-77-mg-1-ml-cartucho-4-5-ml-120-dosis.html,2026-09-30,GraphQL de la tienda,agente sesión 10
7501298213569,Farmacias Benavides,779.00,,https://www.benavides.com.mx/dabex-xr-750-mg-metformina-30-tabletas,2026-09-30,,agente sesión 10
7501298213569,Farmacias YZA,792.00,,https://www.yza.mx/x/MXYZ_7501298213569.html,2026-09-30,Precio de ficha sin sucursal elegida (aparece agotado),agente sesión 10
7501298213569,Farmacias del Ahorro,796.00,,https://www.fahorro.com/dabex-xr-750-mg-oral-30-tabletas.html,2026-09-30,GraphQL de la tienda,agente sesión 10
7891024027363,Farmacias del Ahorro,20.00,47.00,https://www.fahorro.com/enjuage-bucal-plax-ice-infinity-60-ml-bote.html,2026-09-30,GraphQL de la tienda; precio de oferta,agente sesión 10
7891024027363,Farmacias Benavides,48.00,,https://www.benavides.com.mx/colgate-enjuague-plax-ice-infinity-60-ml,2026-09-30,,agente sesión 10
4104480412103,Farmacias del Ahorro,272.00,,https://www.fahorro.com/panoto-s-oral-jarabe-100-ml.html,2026-09-30,GraphQL de la tienda,agente sesión 10
4104480412103,Farmacias Benavides,285.00,,https://www.benavides.com.mx/panoto-s-07-g100-ml-hedera-helix-medicamento-herbolario-100-ml,2026-09-30,,agente sesión 10
4104480412103,Farmacias YZA,289.50,,https://www.yza.mx/x/MXYZ_4104480412103.html,2026-09-30,Precio de ficha sin sucursal elegida (aparece agotado),agente sesión 10
7501300450227,Farmacias YZA,229.00,,https://www.yza.mx/x/MXYZ_7501300450227.html,2026-09-30,Precio de ficha sin sucursal elegida (aparece agotado),agente sesión 10
7501300450227,Farmacias Benavides,240.00,,https://www.benavides.com.mx/bactrim-200-mg-40-mg-5-ml-sulfametoxazol-trimetoprima-100-ml-suspension,2026-09-30,,agente sesión 10
7501300450227,Farmacias del Ahorro,249.00,,https://www.fahorro.com/bactrim-100-ml.html,2026-09-30,GraphQL de la tienda,agente sesión 10
7501537163266,Farmacias Benavides,102.00,,https://www.benavides.com.mx/generico-de-marca-tribedoce-compuesto-complejo-bdiclofenaco-solucion-inyectable-3-ampolletas,2026-09-30,,agente sesión 10
7501537163266,Farmacias del Ahorro,108.00,,https://www.fahorro.com/tribedoce-complejo-b-3-ml-con-3-ampolletas.html,2026-09-30,GraphQL de la tienda,agente sesión 10
7501537163266,Farmacias YZA,156.00,,https://www.yza.mx/x/MXYZ_7501537163266.html,2026-09-30,Precio de ficha sin sucursal elegida (aparece agotado),agente sesión 10
7501058623201,Chedraui,135.00,,https://www.chedraui.com.mx/formula-crecimiento-nan-3-optimal-pro-de-1-a-2-anos-400g-3453500/p,2026-09-30,"EAN coincide; precio muy bajo para 400 g, verificar",agente sesión 10
7501037920147,Farmacias Benavides,2024.00,,https://www.benavides.com.mx/micardis-duo-80-mg-telmisartan5-mg-amlodipino-28-tabletas,2026-09-30,,agente sesión 10
7501037920147,Farmacias YZA,2057.00,,https://www.yza.mx/x/MXYZ_7501037920147.html,2026-09-30,Precio de ficha sin sucursal elegida (aparece agotado),agente sesión 10
7501037920147,Farmacias del Ahorro,2067.00,,https://www.fahorro.com/micardis-duo-80-mg-5mg-oral-28-tabs.html,2026-09-30,GraphQL de la tienda,agente sesión 10
7501547509016,Farmacias YZA,163.00,,https://www.yza.mx/x/MXYZ_7501547509016.html,2026-09-30,Precio de ficha sin sucursal elegida (aparece agotado),agente sesión 10
7501871720590,Farmacias Benavides,1389.00,,https://www.benavides.com.mx/vartalon-compositum-1500-mg-glucosamina1200-mg-condroitin-30-sobres,2026-09-30,,agente sesión 10
7501871720590,Farmacias del Ahorro,1454.22,2077.45,https://www.fahorro.com/vartalon-compositum-1.html,2026-09-30,GraphQL de la tienda; precio de oferta,agente sesión 10
7501871720590,Farmacias YZA,1514.00,,https://www.yza.mx/x/MXYZ_7501871720590.html,2026-09-30,Precio de ficha sin sucursal elegida (aparece agotado),agente sesión 10
7501065008459,Chedraui,89.00,,https://www.chedraui.com.mx/theraflu-td-te-antigripal-resfriado-comun-10-sobres-3039770/p,2026-09-30,EAN de caja coincide con el GTIN; la ficha no indica el sabor,agente sesión 10
3662042004100,Farmacias YZA,860.50,,https://www.yza.mx/x/MXYZ_3662042004100.html,2026-09-30,"Precio de ficha sin sucursal elegida (aparece agotado); el nombre de la ficha dice 0.35% (error de captura), mismo GTIN",agente sesión 10
3662042004100,Farmacias del Ahorro,863.00,,https://www.fahorro.com/zaditen-0-025-oftalmico-5-ml-gotas.html,2026-09-30,GraphQL de la tienda,agente sesión 10
3662042004100,Farmacias Benavides,928.00,,https://www.benavides.com.mx/zaditen-ofta-0025-ketotifeno-5-ml-gotas,2026-09-30,,agente sesión 10
7501001116187,Chedraui,135.32,166.00,https://www.chedraui.com.mx/jarabe-vick-44-con-guaifenesina-y-dextrometorfano-para-todo-tipo-de-tos-con-120ml-3040570/p,2026-09-30,EAN coincide; la ficha no indica el sabor,agente sesión 10
7501001116187,Farmacias YZA,157.50,,https://www.yza.mx/x/MXYZ_7501001116187.html,2026-09-30,Precio de ficha sin sucursal elegida (aparece agotado),agente sesión 10
7501001116187,Farmacias Benavides,189.00,,https://www.benavides.com.mx/vick-44-133-g-guaifenesina0133-g-dextrometorfano100-ml-jarabe-120-ml,2026-09-30,,agente sesión 10
7501298224169,Farmacias YZA,1174.50,,https://www.yza.mx/x/MXYZ_7501298224169.html,2026-09-30,Precio de ficha sin sucursal elegida (aparece agotado),agente sesión 10
7501298224169,Farmacias Benavides,1608.00,,https://www.benavides.com.mx/gavindo-n-300-mg-gabapentina100-mg-tiamina0200-mg-cianocobalamina-30-capsulas,2026-09-30,,agente sesión 10
7501058625281,Farmacias YZA,375.00,,https://www.yza.mx/x/MXYZ_7501058625281.html,2026-09-30,Precio de ficha (sin sucursal elegida); Materna 41G 30 Tabs,agente sesión 10
7501058625281,Farmacias Benavides,390.00,,https://www.benavides.com.mx/materna-multivitaminico-con-acido-folico-y-calcio-30-tabletas,2026-09-30,,agente sesión 10
7501058625281,Farmacias del Ahorro,391.00,,https://www.fahorro.com/catalogsearch/result/?q=7501058625281,2026-09-30,GraphQL: Nestlé Materna Vitaminas y Minerales 30 tabletas,agente sesión 10
7506339397802,Farmacias del Ahorro,135.00,149.00,https://www.fahorro.com/catalogsearch/result/?q=7506339397802,2026-09-30,GraphQL: Clearblue Plus Prueba De Embarazo 1 Unidad,agente sesión 10
7506339397802,Farmacias YZA,144.00,,https://www.yza.mx/x/MXYZ_7506339397802.html,2026-09-30,Precio de ficha (sin sucursal elegida); Clearblue Plus 1 Pza,agente sesión 10
7506339397802,Farmacias Benavides,149.00,,https://www.benavides.com.mx/clearblue-prueba-de-embarazo-1-ud,2026-09-30,,agente sesión 10
7501385420238,Farmacias YZA,477.00,,https://www.yza.mx/x/MXYZ_7501385420238.html,2026-09-30,Precio de ficha (sin sucursal elegida); Hemosin K 25Mg/5Mg 32 Tabs,agente sesión 10
7501385420238,Farmacias Benavides,481.00,,https://www.benavides.com.mx/hemosin-k-25-mg-5-mg-carbazocromo-fitomenadiona-32-ud-tabletas,2026-09-30,,agente sesión 10
7501385420238,Farmacias del Ahorro,484.00,,https://www.fahorro.com/catalogsearch/result/?q=7501385420238,2026-09-30,GraphQL: Hemosin K 25mg Oral 32 tabletas,agente sesión 10
7501008427330,Farmacias del Ahorro,202.00,,https://www.fahorro.com/bepanthen-pomada-protectora-contra-rozaduras-100-gr.html,2026-09-30,GraphQL: Bepanthen Pomada Protectora contra Rozaduras 100 G,agente sesión 10
7501008427330,Farmacias Benavides,211.00,,https://www.benavides.com.mx/bepanthen-5-dexpanthenol-pomada-cutanea-100-g,2026-09-30,,agente sesión 10
7501008427330,Farmacias YZA,211.00,,https://www.yza.mx/x/MXYZ_7501008427330.html,2026-09-30,Precio de ficha (sin sucursal elegida); Pomada Bepanthen 5% 100 g,agente sesión 10
7501298244907,Farmacias Benavides,1205.00,,https://www.benavides.com.mx/glucovance-500-mg-50-mg-glibenclamida-metformina-60-ud-tabletas,2026-09-30,,agente sesión 10
7501298244907,Farmacias del Ahorro,1218.00,,https://www.fahorro.com/catalogsearch/result/?q=7501298244907,2026-09-30,GraphQL: Glucovance 505mg Oral 60 tabletas,agente sesión 10
7501298204987,Farmacias del Ahorro,944.00,1096.00,https://www.fahorro.com/catalogsearch/result/?q=7501298204987,2026-09-30,GraphQL: Concor 2.5 mg Oral 30 Tabs,agente sesión 10
7501298204987,Farmacias YZA,1024.00,,https://www.yza.mx/x/MXYZ_7501298204987.html,2026-09-30,Precio de ficha (sin sucursal elegida); Concor 2.5Mg 30 Gra,agente sesión 10
7501298204987,Farmacias Benavides,1068.00,,https://www.benavides.com.mx/concor-250-mg-bisoprolol-30-tabletas,2026-09-30,,agente sesión 10
7502009740763,Farmacias del Ahorro,190.00,,https://www.fahorro.com/catalogsearch/result/?q=7502009740763,2026-09-30,GraphQL: Clamoxin 875 mg Oral 10 tabletas,agente sesión 10
7501101627224,Farmacias YZA,429.50,,https://www.yza.mx/x/MXYZ_7501101627224.html,2026-09-30,Precio de ficha (sin sucursal elegida); Tiaminal B12 Trivalente Ap 30 Caps,agente sesión 10
7501101627224,Farmacias del Ahorro,460.00,,https://www.fahorro.com/catalogsearch/result/?q=7501101627224,2026-09-30,GraphQL: Tiaminal B-12 Ap Trivalente Oral 30 cápsulas,agente sesión 10
7501101627224,Farmacias Benavides,491.00,,https://www.benavides.com.mx/tiaminal-complejo-vitamina-b-30-ud-capsulas,2026-09-30,,agente sesión 10
736085400489,Farmacias YZA,481.50,,https://www.yza.mx/x/MXYZ_736085400489.html,2026-09-30,Precio de ficha (sin sucursal elegida); Sophipren Ofteno Suspension 10Mg 5Ml,agente sesión 10
736085400489,Chedraui,492.00,,https://www.chedraui.com.mx/solucion-oftalmica-sophipren-10mgml-frasco-gotero-con-5ml-3039073/p,2026-09-30,API Chedraui; EAN de 12 dígitos 73608540048 (equivale al GTIN sin dígito verificador),agente sesión 10
736085400489,Farmacias Benavides,625.00,,https://www.benavides.com.mx/sophipren-10-mg-prednisolona-5-ml-gotas,2026-09-30,,agente sesión 10
7501065026439,Farmacias YZA,166.50,,https://www.yza.mx/x/MXYZ_7501065026439.html,2026-09-30,Precio de ficha (sin sucursal elegida); Tesalon Perlas 100Mg 20 Caps,agente sesión 10
7501065026439,Farmacias del Ahorro,192.00,,https://www.fahorro.com/catalogsearch/result/?q=7501065026439,2026-09-30,GraphQL: Tesalon Tesaperl Tos Seca 20 Caps,agente sesión 10
7501065026439,Farmacias Benavides,199.00,,https://www.benavides.com.mx/tesalon-tesaperl-100-mg-benzonatato-20-capsulas,2026-09-30,,agente sesión 10
7501001246730,Chedraui,116.00,,https://www.chedraui.com.mx/unguento-vick-vaporub-caja-con-12-latas-de-12g-3040377/p,2026-09-30,"API Chedraui, EAN coincide (caja con 12 latas de 12 g)",agente sesión 10
7501088505003,Farmacias Benavides,75.00,,https://www.benavides.com.mx/alin-8-mg-dexametasona-2-ml-ampolletas,2026-09-30,,agente sesión 10
7501088505003,Farmacias YZA,76.00,,https://www.yza.mx/x/MXYZ_7501088505003.html,2026-09-30,Precio de ficha (sin sucursal elegida); Alin Solución 8Mg/2Ml 1 Iny,agente sesión 10
7501088505003,Farmacias del Ahorro,78.00,,https://www.fahorro.com/catalogsearch/result/?q=7501088505003,2026-09-30,GraphQL: Alin 8 mg/ 2 mL Solución Inyectable 1 Ampolleta,agente sesión 10
7502216930414,Farmacias del Ahorro,272.04,388.63,https://www.fahorro.com/catalogsearch/result/?q=7502216930414,2026-09-30,GraphQL: Avapena 25 mg Oral 20 grageas,agente sesión 10
7502216930414,Farmacias YZA,282.50,,https://www.yza.mx/x/MXYZ_7502216930414.html,2026-09-30,Precio de ficha (sin sucursal elegida); Avapena 25Mg 20 Gra,agente sesión 10
7502216930414,Farmacias Benavides,285.00,,https://www.benavides.com.mx/avapena-25-mg-cloropiramina-20-ud-tabletas,2026-09-30,,agente sesión 10
7501299305386,Farmacias YZA,611.50,,https://www.yza.mx/x/MXYZ_7501299305386.html,2026-09-30,Precio de ficha (sin sucursal elegida); Lodestar 50Mg 30 Tabs,agente sesión 10
7501299305386,Farmacias Benavides,789.00,,https://www.benavides.com.mx/lodestar-50-mg-losartan-30-tabletas,2026-09-30,,agente sesión 10
7501299305386,Farmacias del Ahorro,810.00,,https://www.fahorro.com/catalogsearch/result/?q=7501299305386,2026-09-30,GraphQL: Lodestar 50 mg Oral 30 Tabs,agente sesión 10
7503007704634,Farmacias YZA,932.00,,https://www.yza.mx/x/MXYZ_7503007704634.html,2026-09-30,Precio de ficha (sin sucursal elegida); Somazina 500Mg 20 Comp,agente sesión 10
7503007704634,Farmacias del Ahorro,1059.30,1177.00,https://www.fahorro.com/catalogsearch/result/?q=7503007704634,2026-09-30,GraphQL: Somazina 500 mg Oral 20 Comprimidos,agente sesión 10
7503007704634,Farmacias Benavides,1150.00,,https://www.benavides.com.mx/somazina-500-mg-citicolina-20-comprimidos,2026-09-30,,agente sesión 10
7501095452116,Farmacias YZA,73.50,,https://www.yza.mx/x/MXYZ_7501095452116.html,2026-09-30,Precio de ficha (sin sucursal elegida); 500mg 10 Tabs ,agente sesión 10
7501095452116,Farmacias del Ahorro,75.00,,https://www.fahorro.com/tempra-500-mg-adultos-paracetamol-caja-10-tabletas.html,2026-09-30,GraphQL: Tempra 500 mg Adultos Paracetamol caja 10 tabletas,agente sesión 10
7501095452116,Farmacias Benavides,79.00,,https://www.benavides.com.mx/tempra-500-mg-paracetamol-10-ud-tabletas,2026-09-30,,agente sesión 10
7501123011704,Farmacias YZA,577.50,,https://www.yza.mx/x/MXYZ_7501123011704.html,2026-09-30,Precio de ficha (sin sucursal elegida); Fitoestimulina Crema 30G,agente sesión 10
7501123011704,Farmacias Benavides,586.00,,https://www.benavides.com.mx/fitoestimulina-fenoxietanol-triticum-vulgare-30-g-crema,2026-09-30,,agente sesión 10
7501123011704,Farmacias del Ahorro,590.00,,https://www.fahorro.com/catalogsearch/result/?q=7501123011704,2026-09-30,GraphQL: Fitoestimulina Crema 30 g,agente sesión 10
3573994008590,Farmacias Benavides,746.00,,https://www.benavides.com.mx/fabroven-150-mg-ruscus-aculeatus150-mg-hesperidina-metilchalcona100-mg-acido-ascorbico-30-capsulas,2026-09-30,,agente sesión 10
3573994008590,Farmacias YZA,764.00,,https://www.yza.mx/x/MXYZ_3573994008590.html,2026-09-30,Precio de ficha (sin sucursal elegida); Fabroven 150Mg/150Mg/100Mg 30 Cap,agente sesión 10
650240010538,Farmacias del Ahorro,39.00,46.00,https://www.fahorro.com/next-antigripal-10-tabletas.html,2026-09-30,GraphQL: Next Antigripal 10 tabletas,agente sesión 10
650240010538,Farmacias YZA,45.50,,https://www.yza.mx/x/MXYZ_650240010538.html,2026-09-30,Precio de ficha (sin sucursal elegida); Next 500Mg/25Mg/5Mg/4Mg 10 Tabs,agente sesión 10
650240010538,Farmacias Benavides,50.00,,https://www.benavides.com.mx/next-500-mg25-mg5-mg-paracetamol-cafeina-fenilefrina-10-ud-tabletas,2026-09-30,,agente sesión 10
7501057002663,Farmacias del Ahorro,156.00,,https://www.fahorro.com/catalogsearch/result/?q=7501057002663,2026-09-30,GraphQL: Lomotil 2 mg con 8 tabletas,agente sesión 10
7501057002663,Farmacias Benavides,165.00,,https://www.benavides.com.mx/lomotil-2-mg-loperamida-8-tabletas,2026-09-30,,agente sesión 10
7501057002663,Farmacias YZA,169.50,,https://www.yza.mx/x/MXYZ_7501057002663.html,2026-09-30,Precio de ficha (sin sucursal elegida); Lomotil 2Mg 8 Tabs,agente sesión 10
7501089804310,Farmacias YZA,499.00,,https://www.yza.mx/x/MXYZ_7501089804310.html,2026-09-30,Precio de ficha (sin sucursal elegida); Recoveron N 5G/4G 40G,agente sesión 10
7501089804310,Farmacias Benavides,542.00,,https://www.benavides.com.mx/recoveron-n-5-g-acido-acexamico04-g-neomicina100-g-unguento-40-g,2026-09-30,,agente sesión 10
7501089804310,Farmacias del Ahorro,551.00,,https://www.fahorro.com/catalogsearch/result/?q=7501089804310,2026-09-30,GraphQL: Recoveron-N con Neomicina Tubo con 40 g,agente sesión 10
7501385410000,Farmacias YZA,890.00,,https://www.yza.mx/x/MXYZ_7501385410000.html,2026-09-30,Precio de ficha (sin sucursal elegida); Cuerpo Amaril Solucion 50Mg/2Ml 6 Amp X,agente sesión 10
7501385410000,Farmacias Benavides,1029.00,,https://www.benavides.com.mx/cuerpo-amarillo-progesterona-6-ud-ampolletas,2026-09-30,,agente sesión 10
7502276040405,Farmacias YZA,73.00,,https://www.yza.mx/desenfriol-ito-plus-24-tabs-/MXYZ_7502276040405.html,2026-09-30,"precio de ficha (sin sucursal elegida, aparece agotado)",agente sesión 10
7502276040405,Farmacias del Ahorro,76.00,,https://www.fahorro.com/desenfriol-ito-plus-antigripal-paracetamol-80-mg-24-tabletas-masticables.html,2026-09-30,"GraphQL, coincide por GTIN",agente sesión 10
7502276040405,Farmacias Benavides,79.00,,https://www.benavides.com.mx/desenfriol-ito-plus-1-mg25-mg80-mg-clorfenamina-fenilefrina-paracetamol-24-ud-tabletas,2026-09-30,ficha por búsqueda de GTIN,agente sesión 10
3664798025705,Farmacias YZA,388.40,,https://www.yza.mx/sinuberase-colitis-20-amp/MXYZ_3664798025705.html,2026-09-30,"precio de ficha (sin sucursal elegida, aparece agotado)",agente sesión 10
3664798025705,Farmacias del Ahorro,415.20,519.00,https://www.fahorro.com/sinuberase-probioticos-colitis-20-ampolletas.html,2026-09-30,"GraphQL, coincide por GTIN",agente sesión 10
3664798025705,Farmacias Benavides,518.00,,https://www.benavides.com.mx/sinuberase-4-billones-ufc-esporas-de-bacillus-clausii-20-ampolletas,2026-09-30,ficha por búsqueda de GTIN,agente sesión 10
7501165011632,Farmacias Benavides,440.00,,https://www.benavides.com.mx/buscapina-compositum-10-mg-butilhioscina250-mg-metamizol-sodico-20-tabletas,2026-09-30,ficha por búsqueda de GTIN,agente sesión 10
7501165011632,Farmacias del Ahorro,442.00,,https://www.fahorro.com/buscapina-compositum-20-tabs.html,2026-09-30,"GraphQL, coincide por GTIN",agente sesión 10
7501165011632,Farmacias YZA,469.50,,https://www.yza.mx/buscapina-compositum-10mg250mg-20-tabs/MXYZ_7501165011632.html,2026-09-30,"precio de ficha (sin sucursal elegida, aparece agotado)",agente sesión 10
7501168810713,Farmacias YZA,600.00,,https://www.yza.mx/salofalk-500mg-40-gra/MXYZ_7501168810713.html,2026-09-30,"precio de ficha (sin sucursal elegida, aparece agotado)",agente sesión 10
7501168810713,Farmacias del Ahorro,688.00,,https://www.fahorro.com/salofalk-500-mg-oral-40-tabs.html,2026-09-30,"GraphQL, coincide por GTIN",agente sesión 10
7501168810713,Farmacias Benavides,753.00,,https://www.benavides.com.mx/salofalk-500-mg-mesalazina-40-tabletas,2026-09-30,ficha por búsqueda de GTIN,agente sesión 10
7506425625307,Farmacias Benavides,392.00,,https://www.benavides.com.mx/huggies-all-around-panales-unisex-autoajustable-etapa-7-40-uds,2026-09-30,ficha por búsqueda de GTIN,agente sesión 10
7506425625307,Farmacias del Ahorro,393.00,,https://www.fahorro.com/pa-al-huggies-all-around-etapa-7-unisex.html,2026-09-30,"GraphQL, coincide por GTIN",agente sesión 10
7501017372737,Chedraui,162.00,169.00,https://www.chedraui.com.mx/panales-kleenbebe-absorsec-etapa-3-talla-mediana-40-panales-3003197/p,2026-09-30,Etapa 3 Talla Mediana 40 pañales; EAN de la tienda en formato GTIN-14 (1+750101737273),agente sesión 10
7501017372737,Farmacias del Ahorro,188.00,,https://www.fahorro.com/pa-al-kleenbebe-absorsec-talla-mediano-unisex-40-pz.html,2026-09-30,"GraphQL, coincide por GTIN",agente sesión 10
7501033956317,Farmacias YZA,61.00,,https://www.yza.mx/pediasure-plus-chocolate-237ml/MXYZ_7501033956317.html,2026-09-30,"precio de ficha (sin sucursal elegida, aparece agotado)",agente sesión 10
7501033956317,Farmacias del Ahorro,66.00,,https://www.fahorro.com/pediasure-plus-suplemento-alimenticio-sabor-chocolate-237-ml.html,2026-09-30,"GraphQL, coincide por GTIN; la tienda lo titula PediaSure Plus",agente sesión 10
7501033956317,Farmacias Benavides,69.00,,https://www.benavides.com.mx/pediasure-formula-de-alimentacion-especializada-sabor-chocolate-237-ml,2026-09-30,ficha por búsqueda de GTIN,agente sesión 10
7501008491966,Farmacias YZA,45.00,,https://www.yza.mx/aspirina-40-tabs/MXYZ_7501008491966.html,2026-09-30,"precio de ficha (sin sucursal elegida, aparece agotado)",agente sesión 10
7501008491966,Farmacias Benavides,55.00,,https://www.benavides.com.mx/aspirina-500-mg-acido-acetilsalicilico-40-ud-tabletas,2026-09-30,ficha por búsqueda de GTIN,agente sesión 10
7501008491966,Farmacias del Ahorro,55.00,,https://www.fahorro.com/aspirina-analgesico-40-tabletas.html,2026-09-30,"GraphQL, coincide por GTIN",agente sesión 10
7501943466548,Chedraui,126.00,,https://www.chedraui.com.mx/ropa-interior-desechables-diapro-mediano-calzones-para-incontinencia-10-piezas-3228678/p,2026-09-30,EAN de la tienda sin dígito verificador,agente sesión 10
736085402346,Farmacias del Ahorro,635.20,794.00,https://www.fahorro.com/gaap-oftalmico-3-ml-gotas.html,2026-09-30,"GraphQL, coincide por GTIN",agente sesión 10
736085402346,Farmacias YZA,685.50,,https://www.yza.mx/gaap-ofteno-gotas-3ml/MXYZ_736085402346.html,2026-09-30,"precio de ficha (sin sucursal elegida, aparece agotado)",agente sesión 10
736085402346,Farmacias Benavides,775.00,,https://www.benavides.com.mx/gaap-latanoprost-3-ml-gotas,2026-09-30,ficha por búsqueda de GTIN,agente sesión 10
7501328979502,Farmacias YZA,157.00,,https://www.yza.mx/histiacil-nf-jarabe-adulto-150ml/MXYZ_7501328979502.html,2026-09-30,"precio de ficha (sin sucursal elegida, aparece agotado)",agente sesión 10
7501328979502,Farmacias del Ahorro,162.00,,https://www.fahorro.com/histiacil-nf-jarabe-tos-adulto-150-ml.html,2026-09-30,"GraphQL, coincide por GTIN",agente sesión 10
7501328979502,Farmacias Benavides,169.00,,https://www.benavides.com.mx/histiacil-nf-225-mg-dextrometorfano225-mg-ambroxol-150-ml-jarabe,2026-09-30,ficha por búsqueda de GTIN,agente sesión 10
7501123018031,Farmacias del Ahorro,267.75,315.00,https://www.fahorro.com/vantal-bucofaringeo-solucion-oral-360-ml.html,2026-09-30,"GraphQL, coincide por GTIN",agente sesión 10
7501123018031,Farmacias YZA,296.00,,https://www.yza.mx/vantal-bucofar-sol-360ml-/MXYZ_7501123018031.html,2026-09-30,"precio de ficha (sin sucursal elegida, aparece agotado)",agente sesión 10
7501123018031,Farmacias Benavides,325.00,,https://www.benavides.com.mx/vantal-015-g100-ml-bencidamina-solucion-bucofaringea-360-ml-frasco,2026-09-30,ficha por búsqueda de GTIN,agente sesión 10
7891317045081,Farmacias del Ahorro,726.00,968.00,https://www.fahorro.com/dactil-ob-100-mg-30-comprimido.html,2026-09-30,"GraphQL, coincide por GTIN",agente sesión 10
7891317045081,Farmacias YZA,951.00,,https://www.yza.mx/dactil-ob-100mg-30-cpr/MXYZ_7891317045081.html,2026-09-30,"precio de ficha (sin sucursal elegida, aparece agotado)",agente sesión 10
7891317045081,Farmacias Benavides,963.00,,https://www.benavides.com.mx/dactil-ob-100-mg-piperidolato-30-ud-comprimidos,2026-09-30,ficha por búsqueda de GTIN,agente sesión 10
7501537164713,Chedraui,58.00,,https://www.chedraui.com.mx/tribedoce-compuesto-f-30-grageas-3567055/p,2026-09-30,"EAN coincide; precio mucho menor que YZA ($125), verificar",agente sesión 10
7501537164713,Farmacias YZA,125.00,,https://www.yza.mx/complejo-b-diclofenaco-1mg50mg50mg-30-grageas/MXYZ_7501537164713.html,2026-09-30,"precio de ficha (sin sucursal elegida, aparece agotado)",agente sesión 10
7501943471900,Farmacias del Ahorro,28.50,,https://www.fahorro.com/kleenbebe-absorsec-toallas-humedas-120-pz.html,2026-09-30,"GraphQL, coincide por GTIN",agente sesión 10
7501943471900,Farmacias Benavides,29.00,,https://www.benavides.com.mx/kleenbebe-absorsec-toallitas-humedas-para-bebe-120-ud,2026-09-30,ficha por búsqueda de GTIN,agente sesión 10
7501300408204,Farmacias del Ahorro,449.10,499.00,https://www.fahorro.com/plidan-compuesto-10-mg-125-mg-oral-20-comprimidos.html,2026-09-30,"GraphQL, coincide por GTIN",agente sesión 10
7501300408204,Farmacias YZA,457.00,,https://www.yza.mx/plidan-10mg125mg-20-gra-/MXYZ_7501300408204.html,2026-09-30,"precio de ficha (sin sucursal elegida, aparece agotado)",agente sesión 10
7501300408204,Farmacias Benavides,486.00,,https://www.benavides.com.mx/plidan-compuesto-10-mg-pargeverina125-mg-clonixinato-de-lisina-20-comprimidos,2026-09-30,ficha por búsqueda de GTIN,agente sesión 10
7501057005848,Farmacias YZA,218.50,,https://www.yza.mx/caladryl-clear-locion-180ml/MXYZ_7501057005848.html,2026-09-30,"precio de ficha (sin sucursal elegida, aparece agotado)",agente sesión 10
7501057005848,Farmacias del Ahorro,240.30,267.00,https://www.fahorro.com/caladryl-clear-180-ml.html,2026-09-30,"GraphQL, coincide por GTIN",agente sesión 10
7501057005848,Farmacias Benavides,287.00,,https://www.benavides.com.mx/caladryl-clear-locion-para-el-alivio-del-dolor-y-comezon-180-ml,2026-09-30,ficha por búsqueda de GTIN,agente sesión 10
75001865,Farmacias YZA,77.00,,https://www.yza.mx/palmolive-brillantina-liquida-115ml/MXYZ_75001865.html,2026-09-30,"precio de ficha (sin sucursal elegida, aparece agotado)",agente sesión 10
75001865,Farmacias del Ahorro,96.00,,https://www.fahorro.com/brill-palmolive-115-ml-liquido-1.html,2026-09-30,"GraphQL, coincide por GTIN",agente sesión 10
7501298234809,Farmacias Benavides,246.00,,https://www.benavides.com.mx/eutirox-25-mcg-levotiroxina-sodica-50-tabletas,2026-09-30,ficha por búsqueda de GTIN,agente sesión 10
7501298234809,Farmacias del Ahorro,255.00,,https://www.fahorro.com/eutirox-25-mcg-oral-50-tabletas.html,2026-09-30,"GraphQL, coincide por GTIN",agente sesión 10
7501298234809,Farmacias YZA,256.00,,https://www.yza.mx/eutirox-25mcg-50-tabs/MXYZ_7501298234809.html,2026-09-30,"precio de ficha (sin sucursal elegida, aparece agotado)",agente sesión 10
7501298206455,Farmacias YZA,491.00,,https://www.yza.mx/dabex-xr-500mg-/MXYZ_7501298206455.html,2026-09-30,"precio de ficha (sin sucursal elegida, aparece agotado)",agente sesión 10
7501298206455,Farmacias Benavides,512.00,,https://www.benavides.com.mx/dabex-xr-500-mg-metformina-30-tabletas,2026-09-30,ficha por búsqueda de GTIN,agente sesión 10
7501298206455,Farmacias del Ahorro,517.00,,https://www.fahorro.com/dabex-xr-500-mg-oral-30-tabletas.html,2026-09-30,"GraphQL, coincide por GTIN",agente sesión 10
7502224227339,Farmacias YZA,90.00,,https://www.yza.mx/loxcell-1-tab/MXYZ_7502224227339.html,2026-09-30,"precio de ficha (sin sucursal elegida, aparece agotado)",agente sesión 10
7502224227339,Farmacias del Ahorro,96.05,113.00,https://www.fahorro.com/loxcell-nf-adultos-400-300-mg-1-tableta.html,2026-09-30,"GraphQL, coincide por GTIN",agente sesión 10
7502224227339,Farmacias Benavides,119.00,,https://www.benavides.com.mx/loxcell-nf-400-mg-albendazol300-mg-quinfamida-1-tableta,2026-09-30,ficha por búsqueda de GTIN,agente sesión 10
7502003389524,Farmacias Benavides,760.00,,https://www.benavides.com.mx/gestageno-200-mg-progesterona-15-capsulas,2026-09-30,ficha por búsqueda de GTIN,agente sesión 10
7502003389524,Farmacias del Ahorro,780.00,,https://www.fahorro.com/gestageno-200-mg-con-15-caps.html,2026-09-30,"GraphQL, coincide por GTIN",agente sesión 10
7502003389524,Farmacias YZA,783.50,,https://www.yza.mx/gestageno-200-mg-15-cap./MXYZ_7502003389524.html,2026-09-30,"precio de ficha (sin sucursal elegida, aparece agotado)",agente sesión 10
7501035908253,Farmacias YZA,98.25,,https://www.yza.mx/aceite-mennen-baby-magic-200-ml/MXYZ_7501035908253.html,2026-09-30,"precio de ficha (sin sucursal elegida, aparece agotado)",agente sesión 10
7501035908253,Farmacias del Ahorro,132.00,,https://www.fahorro.com/mennen-aceite-hipoalergenico-200-ml.html,2026-09-30,"GraphQL, coincide por GTIN",agente sesión 10
7509546059006,Chedraui,44.00,,https://www.chedraui.com.mx/spray-para-cabello-caprice-especialidades-color-brillante-316ml-3281606/p,2026-09-30,EAN coincide; la tienda lo titula Color Brillante 316 ml (nuestro título dice Granada),agente sesión 10
7501289514460,Farmacias Benavides,370.00,,https://www.benavides.com.mx/indaflex-25-indometacina-crema-40-g,2026-09-30,,agente sesión 10
7501289514460,Farmacias del Ahorro,377.00,,https://www.fahorro.com/indaflex-0-025-cutaneo-40-g-crema.html,2026-09-30,,agente sesión 10
7501289514460,Farmacias YZA,432.50,,https://www.yza.mx/indaflex-2.5-crema-40g/MXYZ_7501289514460.html,2026-09-30,Precio de ficha; aparece agotado porque no hay sucursal elegida,agente sesión 10
8020030054080,Farmacias del Ahorro,939.00,1164.00,https://www.fahorro.com/flonorm-550-mg-oral-14-tabs.html,2026-09-30,,agente sesión 10
8020030054080,Farmacias YZA,1033.00,,https://www.yza.mx/x/MXYZ_8020030054080.html,2026-09-30,Precio de ficha; aparece agotado porque no hay sucursal elegida,agente sesión 10
8020030054080,Farmacias Benavides,1240.00,,https://www.benavides.com.mx/flonorm-550-mg-rifaximina-14-tabletas,2026-09-30,,agente sesión 10
7509546068343,Chedraui,65.00,66.00,https://www.chedraui.com.mx/spray-para-cabello-caprice-especialidades-biotina-316ml-3383683/p,2026-09-30,Coincide por EAN,agente sesión 10
7501299305751,Farmacias Benavides,480.00,,https://www.benavides.com.mx/inhibitron-twit-20-mg-omeprazol1100-mg-bicarbonato-de-sodio-30-capsulas,2026-09-30,,agente sesión 10
7501299305751,Farmacias del Ahorro,492.00,,https://www.fahorro.com/inhibitron-twit-20-mg-oral-30-caps.html,2026-09-30,,agente sesión 10
7501299305751,Farmacias YZA,496.00,,https://www.yza.mx/inhibitron-twit-20mg1100mg-30-caps/MXYZ_7501299305751.html,2026-09-30,Precio de ficha; aparece agotado porque no hay sucursal elegida,agente sesión 10
7501943466562,Chedraui,126.00,159.00,https://www.chedraui.com.mx/ropa-interior-desechable-diapro-grande-calzones-para-incontinencia-10-piezas-3228684/p,2026-09-30,Coincide por EAN,agente sesión 10
7501943466562,Farmacias YZA,130.90,,https://www.yza.mx/x/MXYZ_7501943466562.html,2026-09-30,Precio de ficha; aparece agotado porque no hay sucursal elegida,agente sesión 10
650240024931,Farmacias YZA,386.00,,https://www.yza.mx/nikzon-40-tabs/MXYZ_650240024931.html,2026-09-30,Precio de ficha; aparece agotado porque no hay sucursal elegida,agente sesión 10
650240024931,Farmacias Benavides,399.00,,https://www.benavides.com.mx/nikzon-2-mg-ruscus-aculeatus83-mg-lactobacillus-sporogenes40-mg-acido-ascorbico-40-tabletas,2026-09-30,,agente sesión 10
650240024931,Farmacias del Ahorro,399.00,,https://www.fahorro.com/nikzon-40-tabletas.html,2026-09-30,,agente sesión 10
7501022110348,Farmacias YZA,1362.00,,https://www.yza.mx/piascledine-300-100mg200mg/MXYZ_7501022110348.html,2026-09-30,Precio de ficha; aparece agotado porque no hay sucursal elegida,agente sesión 10
7501022110348,Farmacias del Ahorro,1434.00,,https://www.fahorro.com/piascledine-300-10200-mg-oral-30-capsulas.html,2026-09-30,,agente sesión 10
7501022110348,Farmacias Benavides,1528.00,,https://www.benavides.com.mx/piascledine-300-100-mg-persea-gratissima200-mg-glycine-max-30-capsulas,2026-09-30,,agente sesión 10
7503007704580,Farmacias del Ahorro,353.00,,https://www.fahorro.com/hidrasec-30-mg-oral-18-sobres.html,2026-09-30,,agente sesión 10
7503007704580,Farmacias YZA,353.50,,https://www.yza.mx/hidrasec-30mg-18-sbs/MXYZ_7503007704580.html,2026-09-30,Precio de ficha; aparece agotado porque no hay sucursal elegida,agente sesión 10
7503007704580,Farmacias Benavides,403.00,,https://www.benavides.com.mx/hidrasec-30-mg-racecadotrilo-18-sobres,2026-09-30,,agente sesión 10
7501314704156,Farmacias del Ahorro,63.00,76.00,https://www.fahorro.com/senosiain-supositorios-adulto-10-supositorios.html,2026-09-30,,agente sesión 10
7501314704156,Farmacias YZA,81.00,,https://www.yza.mx/x/MXYZ_7501314704156.html,2026-09-30,Precio de ficha; aparece agotado porque no hay sucursal elegida,agente sesión 10
7501314704156,Farmacias Benavides,82.00,,https://www.benavides.com.mx/senosiain-glicerol-laxante-para-adulto-10-ud-supositorio,2026-09-30,,agente sesión 10
7501314704231,Farmacias YZA,365.00,,https://www.yza.mx/x/MXYZ_7501314704231.html,2026-09-30,Precio de ficha; aparece agotado porque no hay sucursal elegida,agente sesión 10
7501314704231,Farmacias Benavides,395.00,,https://www.benavides.com.mx/festomar-10-mg-doxilamina10-mg-piridoxina-30-capsulas,2026-09-30,,agente sesión 10
7501314704231,Farmacias del Ahorro,397.00,,https://www.fahorro.com/festomar-110-mg-oral-30-capsulas.html,2026-09-30,,agente sesión 10
7501008497623,Farmacias del Ahorro,426.00,,https://www.fahorro.com/elevit-multivitaminico-para-antes-durante-y-despues-del-embarazo-con-acido-folico-y-hierro-30-tabletas.html,2026-09-30,,agente sesión 10
7501008497623,Farmacias Benavides,449.00,,https://www.benavides.com.mx/elevit-1-multivitaminico-para-antes-durante-y-despues-del-embarazo-30-comprimidos,2026-09-30,,agente sesión 10
7501008497623,Farmacias YZA,487.50,,https://www.yza.mx/x/MXYZ_7501008497623.html,2026-09-30,Precio de ficha; aparece agotado porque no hay sucursal elegida,agente sesión 10
7891024179925,Farmacias YZA,267.00,,https://www.yza.mx/x/MXYZ_7891024179925.html,2026-09-30,Precio de ficha; aparece agotado porque no hay sucursal elegida,agente sesión 10
7891024179925,Farmacias del Ahorro,318.40,398.00,https://www.fahorro.com/enjuague-bucal-colgate-periogard-sin-alcohol-250-ml.html,2026-09-30,,agente sesión 10
7891024179925,Farmacias Benavides,408.00,,https://www.benavides.com.mx/colgate-periogard-enjuague-bucal-encias-saludables-gluconato-de-clorhexidina-al-012-250-ml,2026-09-30,,agente sesión 10
7501008498866,Farmacias del Ahorro,109.00,133.00,https://www.fahorro.com/flanax-550-mg-analgesico-antiinflamatorio-6-tabletas.html,2026-09-30,,agente sesión 10
7501008498866,Farmacias Benavides,139.00,,https://www.benavides.com.mx/flanax-550-mg-naproxeno-6-ud-tabletas,2026-09-30,,agente sesión 10
7501065062529,Farmacias del Ahorro,175.00,277.00,https://www.fahorro.com/robax-gold-relajante-muscular-analgesico-24-tabletas.html,2026-09-30,,agente sesión 10
7501065062529,Farmacias Benavides,289.00,,https://www.benavides.com.mx/robax-gold-500-mg-metocarbamol200-mg-ibuprofeno-24-tabletas,2026-09-30,,agente sesión 10
7501065062529,Farmacias YZA,293.00,,https://www.yza.mx/x/MXYZ_7501065062529.html,2026-09-30,Precio de ficha; aparece agotado porque no hay sucursal elegida,agente sesión 10
650240007651,Farmacias del Ahorro,109.00,137.00,https://www.fahorro.com/bio-electro-24-tabletas.html,2026-09-30,,agente sesión 10
650240007651,Farmacias YZA,120.60,,https://www.yza.mx/x/MXYZ_650240007651.html,2026-09-30,Precio de ficha; aparece agotado porque no hay sucursal elegida,agente sesión 10
650240007651,Farmacias Benavides,135.00,,https://www.benavides.com.mx/bio-electro-250-mg-acido-acetilsalicilico250-mg-paracetamol65-mg-cafeina-24-tabletas,2026-09-30,,agente sesión 10
7501070615048,Farmacias YZA,534.50,,https://www.yza.mx/x/MXYZ_7501070615048.html,2026-09-30,Precio de ficha; aparece agotado porque no hay sucursal elegida,agente sesión 10
7501070615048,Farmacias del Ahorro,607.00,,https://www.fahorro.com/pranosine-oral-60-ml-jarabe.html,2026-09-30,,agente sesión 10
7501070615048,Farmacias Benavides,645.00,,https://www.benavides.com.mx/pranosine-metisoprinol-60-ml-jarabe,2026-09-30,,agente sesión 10
7502253073501,Farmacias Benavides,544.00,,https://www.benavides.com.mx/pentrexyl-500-mg-ampicilina-28-ud-capsulas,2026-09-30,,agente sesión 10
7502253073501,Farmacias del Ahorro,549.00,,https://www.fahorro.com/pentrexyl-500-mg-con-28-capsulas.html,2026-09-30,,agente sesión 10
7501019064449,Chedraui,204.00,210.00,https://www.chedraui.com.mx/ropa-interior-desechable-tena-pants-maxi-protect-talla-g-13-piezas-3864322/p,2026-09-30,"Coincide por nombre y presentación (Maxi Protect talla G, 13 piezas); su EAN en Chedraui viene truncado a 12 dígitos (750101906444)",agente sesión 10
7501008433553,Farmacias del Ahorro,87.00,,https://www.fahorro.com/cafiaspirina-forte-analgesico-24-tabletas.html,2026-09-30,,agente sesión 10
7501008433553,Farmacias Benavides,89.00,,https://www.benavides.com.mx/cafiaspirina-forte-650-mg65-mg-acido-acetilsalicilico-cafeina-24-ud-tabletas,2026-09-30,,agente sesión 10
7501008433553,Farmacias YZA,90.50,,https://www.yza.mx/cafiaspirina-forte-24-tabs/MXYZ_7501008433553.html,2026-09-30,Precio de ficha; aparece agotado porque no hay sucursal elegida,agente sesión 10
7501035908246,Chedraui,45.85,65.50,https://www.chedraui.com.mx/aceite-para-bebe-baby-magic-mennen-hipoalergenico-100ml-3079090/p,2026-09-30,Coincide por EAN,agente sesión 10
7501035908246,Farmacias YZA,52.50,,https://www.yza.mx/mennen-aceite-100ml/MXYZ_7501035908246.html,2026-09-30,Precio de ficha; aparece agotado porque no hay sucursal elegida,agente sesión 10
7501035908246,Farmacias Benavides,56.00,,https://www.benavides.com.mx/mennen-aceite-hipoalergenico-humectante-para-bebe-100-ml,2026-09-30,,agente sesión 10
7501125126031,Farmacias YZA,618.50,,https://www.yza.mx/naxifelar-500mg-20-caps/MXYZ_7501125126031.html,2026-09-30,Precio de ficha; aparece agotado porque no hay sucursal elegida,agente sesión 10
7501125126031,Farmacias del Ahorro,687.00,,https://www.fahorro.com/naxifelar-500-mg-oral-20-capsulas.html,2026-09-30,,agente sesión 10
7501125126031,Farmacias Benavides,750.00,,https://www.benavides.com.mx/naxifelar-500-mg-cefalexina-20-ud-capsulas,2026-09-30,,agente sesión 10
7501943454811,Farmacias del Ahorro,58.00,,https://www.fahorro.com/huggies-toallitas-humedas-cuidado-puro-80-pz.html,2026-09-30,,agente sesión 10
7501943454811,Farmacias Benavides,59.00,,https://www.benavides.com.mx/huggies-toallitas-humedas-para-bebe-cuidado-puro-80-uds,2026-09-30,,agente sesión 10
7506205809248,Farmacias Benavides,346.00,,https://www.benavides.com.mx/enfagrow-3-alimento-lacteo-para-ninos-a-partir-de-1-ano-800-g,2026-09-30,,agente sesión 10
7506205809248,Farmacias YZA,360.00,,https://www.yza.mx/enfagrow-premium-3-800g/MXYZ_7506205809248.html,2026-09-30,Precio de ficha; aparece agotado porque no hay sucursal elegida,agente sesión 10
7501049714604,Farmacias YZA,3406.00,,https://www.yza.mx/x/MXYZ_7501049714604.html,2026-09-30,Precio de ficha; aparece agotado porque no hay sucursal elegida,agente sesión 10
7501049714604,Farmacias Benavides,4349.00,,https://www.benavides.com.mx/cytotec-200-mg-misoprostol-28-ud-tabletas,2026-09-30,,agente sesión 10
7501057005312,Chedraui,167.00,,https://www.chedraui.com.mx/suspension-caladryl-calamina-frasco-con-180ml-3025527/p,2026-09-30,,agente sesión 11
7501057005312,Farmacias Benavides,225.00,245.00,https://www.benavides.com.mx/caladryl-calamina-locion-alivia-las-molestias-leves-en-la-piel-180-ml,2026-09-30,Precio con «descuento aplicado» mostrado en ficha.,agente sesión 11
7501057005312,Farmacias del Ahorro,228.00,,https://www.fahorro.com/caladryl-calamina-180-ml.html,2026-09-30,"GraphQL, precio final = regular.",agente sesión 11
7501057005312,Farmacias YZA,231.50,,https://www.yza.mx/caladryl-s-locion-180ml/MXYZ_7501057005312.html,2026-09-30,Precio de ficha; aparece agotado por no haber sucursal elegida.,agente sesión 11
5016003770609,Farmacias Benavides,379.00,,https://www.benavides.com.mx/contour-plus-tiras-reactivas-para-determinacion-de-glucosa-en-sangre-50-uds,2026-09-30,,agente sesión 11
7501095409059,Farmacias YZA,169.00,,,2026-09-30,Precio de ficha; aparece agotado por no haber sucursal elegida.,agente sesión 11
7501095409059,Farmacias Benavides,195.00,,https://www.benavides.com.mx/graneodin-b-10-mg-benzocaina-sabor-miel-limon-24-ud-pastillas,2026-09-30,,agente sesión 11
7501095409059,Farmacias del Ahorro,196.00,,https://www.fahorro.com/graneodin-b-sabor-miel-limon-caja-24-pastillas.html,2026-09-30,"GraphQL, precio final = regular. Única consulta antes del bloqueo 307.",agente sesión 11
7509546698137,Farmacias YZA,50.00,,,2026-09-30,Precio de ficha; aparece agotado por no haber sucursal elegida.,agente sesión 11
7509546698137,Farmacias Benavides,67.00,,https://www.benavides.com.mx/colgate-luminous-white-brilliant-pasta-dental-anticaries-con-fluor-66-ml,2026-09-30,,agente sesión 11
75005689,Farmacias Benavides,225.00,,https://www.benavides.com.mx/respicil-bencilpenicilina-metamizol-sodico-1-ud-ampolleta,2026-09-30,,agente sesión 11
7501871720644,Farmacias Benavides,534.00,,https://www.benavides.com.mx/trexen-duo-clindamicina-ketoconazol-7-ud-ovulo,2026-09-30,,agente sesión 11
7501871720644,Farmacias YZA,554.00,,https://www.yza.mx/trexen-duo-100mg400mg-7-ovulos/MXYZ_7501871720644.html,2026-09-30,Precio de ficha; aparece agotado por no haber sucursal elegida.,agente sesión 11
7501033960468,Farmacias YZA,68.50,,,2026-09-30,Precio de ficha; aparece agotado por no haber sucursal elegida.,agente sesión 11
7501033960468,Farmacias Benavides,76.00,,https://www.benavides.com.mx/ensure-advance-alimentacion-especializada-sabor-chocolate-237-ml,2026-09-30,,agente sesión 11
7501943471962,Chedraui,42.00,,https://www.chedraui.com.mx/toallitas-humedas-para-bebe-kleenbebe-suavelastic-max-100-toallitas-3079061/p,2026-09-30,"Chedraui lista el EAN como 17501943471969 (variante GTIN-14 del mismo producto, 100 toallitas).",agente sesión 11
7501943471962,Farmacias YZA,48.00,,,2026-09-30,Precio de ficha; aparece agotado por no haber sucursal elegida.,agente sesión 11
7501943471962,Farmacias Benavides,55.00,,https://www.benavides.com.mx/kleenbebe-suavelastic-toallitas-humedas-para-bebe-hipoalergenicas-100-ud,2026-09-30,,agente sesión 11
7501943442405,Farmacias Benavides,289.00,,https://www.benavides.com.mx/huggies-natural-care-panales-para-bebe-prematuro-30-uds,2026-09-30,,agente sesión 11
7501089809445,Farmacias YZA,272.50,,https://www.yza.mx/eskapar-compuesto-200mg600mg-20-caps/MXYZ_7501089809445.html,2026-09-30,Precio de ficha; aparece agotado por no haber sucursal elegida.,agente sesión 11
7501089809445,Farmacias Benavides,359.00,,https://www.benavides.com.mx/eskapar-compuesto-200-mg-600-mg-metronidazol-nifuroxazida-20-ud-capsulas,2026-09-30,,agente sesión 11
7501089808943,Farmacias YZA,1222.50,,https://www.yza.mx/adimod-solucion-800mg7ml-10-frcs/MXYZ_7501089808943.html,2026-09-30,Precio de ficha; aparece agotado por no haber sucursal elegida.,agente sesión 11
7501089808943,Farmacias Benavides,1609.00,,https://www.benavides.com.mx/adimod-800-mg7-ml-pidotimod-10-frascos,2026-09-30,,agente sesión 11
7501314702657,Farmacias YZA,399.00,,,2026-09-30,Precio de ficha; aparece agotado por no haber sucursal elegida.,agente sesión 11
7501314702657,Farmacias Benavides,449.00,,https://www.benavides.com.mx/flumil-40-mg-15-mg-15-mg-aminofenazona-bufenina-difenilpiralina-20-ud-capsulas,2026-09-30,,agente sesión 11
7503007704504,Farmacias Benavides,320.00,,https://www.benavides.com.mx/fisiofer-40-mg-hierro15-ml-solucion-10-frascos,2026-09-30,,agente sesión 11
7503007704504,Farmacias YZA,333.00,,,2026-09-30,Precio de ficha; aparece agotado por no haber sucursal elegida.,agente sesión 11
7501943474994,Chedraui,119.00,,https://www.chedraui.com.mx/panales-para-incontinencia-diapro-anatomicos-talla-mediano-10-panales-3004953/p,2026-09-30,"Ficha «Diapro Anatómicos Talla Mediano 10 pañales», mismo EAN 7501943474994.",agente sesión 11
7501125124075,Farmacias YZA,537.50,,,2026-09-30,Precio de ficha; aparece agotado por no haber sucursal elegida.,agente sesión 11
7501125124075,Farmacias Benavides,613.00,,https://www.benavides.com.mx/ciprobac-500-mg-ciprofloxacino-14-ud-tabletas,2026-09-30,,agente sesión 11
041388284316,Farmacias Benavides,233.75,275.00,https://www.benavides.com.mx/kanka-20-benzocaina-solucion-97-ml,2026-09-30,Precio con «descuento aplicado» mostrado en ficha; la ficha se llama «Kanka 20% Benzocaína Solución 9.7 ml».,agente sesión 11
041388284316,HEB,269.00,,https://www.heb.com.mx/kank-a-anestesico-bucal-benzocaina-solucion-20--8-9-ml-28590/p,2026-09-30,Mismo GTIN 0041388284316; la ficha de HEB dice 8.9 ml en el nombre (nuestra presentación: 9.7 ml).,agente sesión 11
7501390911011,Farmacias YZA,345.00,,,2026-09-30,Precio de ficha; aparece agotado por no haber sucursal elegida.,agente sesión 11
7501390911011,Farmacias Benavides,386.00,,https://www.benavides.com.mx/italdermol-fenoxietanol-triticum-vulgare-10-g-crema,2026-09-30,,agente sesión 11
7501070635664,Farmacias YZA,341.50,,,2026-09-30,Precio de ficha; aparece agotado por no haber sucursal elegida.,agente sesión 11
7501070635664,Farmacias Benavides,436.00,,https://www.benavides.com.mx/vontrol-difenidol-25-ud-tabletas,2026-09-30,,agente sesión 11
7501299330319,Farmacias YZA,877.00,,,2026-09-30,Precio de ficha; aparece agotado por no haber sucursal elegida.,agente sesión 11
7501299330319,Farmacias Benavides,975.00,,https://www.benavides.com.mx/fosfonat-150-mg-acido-ibandronico-1-tableta,2026-09-30,,agente sesión 11
7501037935189,Farmacias Benavides,2379.00,,https://www.benavides.com.mx/trayenta-duo-25-mg-linagliptina850-mg-metformina-60-tabletas,2026-09-30,,agente sesión 11
7501037935189,Farmacias YZA,2392.00,,,2026-09-30,Precio de ficha; aparece agotado por no haber sucursal elegida.,agente sesión 11
7501314704743,Farmacias YZA,305.50,,,2026-09-30,Precio de ficha; aparece agotado por no haber sucursal elegida.,agente sesión 11
7501314704743,Farmacias Benavides,337.00,,https://www.benavides.com.mx/unamol-1-mg-cisaprida-suspension-60-ml,2026-09-30,,agente sesión 11
7501300407061,Farmacias YZA,193.50,,,2026-09-30,Precio de ficha; aparece agotado por no haber sucursal elegida.,agente sesión 11
7501300407061,Farmacias Benavides,201.00,,https://www.benavides.com.mx/febrax-125-mg-100-mg-naproxeno-paracetamol-100-ml-suspension,2026-09-30,,agente sesión 11
7501092743033,Farmacias Benavides,547.00,,https://www.benavides.com.mx/ferranina-fol-100-mg-hierro800-mcg-acido-folico-30-tabletas,2026-09-30,,agente sesión 11
7501092743033,Farmacias YZA,582.00,,,2026-09-30,Precio de ficha; aparece agotado por no haber sucursal elegida.,agente sesión 11
7501019051043,Farmacias YZA,186.50,,,2026-09-30,Precio de ficha; aparece agotado por no haber sucursal elegida.,agente sesión 11
7501019051043,Farmacias Benavides,213.00,,https://www.benavides.com.mx/tena-slip-maxi-protect-panales-para-adulto-talla-grande-10-uds,2026-09-30,,agente sesión 11
7501019051043,Chedraui,221.00,,https://www.chedraui.com.mx/panales-para-incontinencia-tena-slip-maxi-protect-anatomico-talla-grande-10-piezas-3004928/p,2026-09-30,"Chedraui lista el EAN como 17501019051040 (variante GTIN-14 del mismo producto, 10 piezas).",agente sesión 11
7501537103422,HEB,156.00,,https://www.heb.com.mx/fanasa-genericos-tribedoce-dx-100-100-5mg-complejo-b-gen-3-pz-792588/p,2026-09-30,"Mismo GTIN 7501537103422; HEB lo vende con marca «Fanasa Genéricos», 3 ampolletas de 1 ml y 3 de 2 ml.",agente sesión 11
7501537103422,Farmacias YZA,167.50,,,2026-09-30,Precio de ficha; aparece agotado por no haber sucursal elegida.,agente sesión 11
7501314704460,Farmacias YZA,344.50,,https://www.yza.mx/orecil-nf-con-gotero-10ml-/MXYZ_7501314704460.html,2026-09-30,Precio de ficha; figura agotado porque no hay sucursal elegida,agente sesión 11
7501314704460,Chedraui,404.00,,https://www.chedraui.com.mx/solucion-otica-orecil-nf-frasco-con-10ml-3036668/p,2026-09-30,,agente sesión 11
7501314704460,Farmacias del Ahorro,404.00,,https://www.fahorro.com/orecil-nf-otico-10-ml-gotas.html,2026-09-30,,agente sesión 11
7501314704460,Farmacias Benavides,462.00,,https://www.benavides.com.mx/orecil-nf-hidrocortisona-lidocaina-ofloxacino-10-ml-solucion,2026-09-30,,agente sesión 11
7501537182960,Farmacias Benavides,129.00,,https://www.benavides.com.mx/generico-de-marca-10-mg-hidroxocobalamina-100-mg-tiamina-50-mg-piridoxina-solucion-inyectable-5-ampolletas,2026-09-30,,agente sesión 11
7501537182960,Farmacias del Ahorro,130.00,,https://www.fahorro.com/tribedoce-50-000-2-ml-con-5-ampolletas.html,2026-09-30,,agente sesión 11
7501537182960,Farmacias YZA,185.50,,https://www.yza.mx/tribedoce-100mg100mg50mg-5-amp-x-2ml/MXYZ_7501537182960.html,2026-09-30,Precio de ficha; figura agotado porque no hay sucursal elegida,agente sesión 11
7501124815851,Chedraui,1638.00,,https://www.chedraui.com.mx/comprimidos-exforgehct-5mg160mg125mg-caja-con-28-unidades-3164831/p,2026-09-30,,agente sesión 11
7501124815851,Farmacias Benavides,1823.00,,https://www.benavides.com.mx/exforge-hct-5-mg-amlodipino160-mg-valsartan125-mg-hidroclorotiazida-28-comprimidos,2026-09-30,,agente sesión 11
7501124815851,Farmacias YZA,1836.50,,https://www.yza.mx/exforge-hct-5mg160mg12.5mg-28-tabs/MXYZ_7501124815851.html,2026-09-30,Precio de ficha; figura agotado porque no hay sucursal elegida,agente sesión 11
7501124815851,Farmacias del Ahorro,1863.00,,https://www.fahorro.com/exforge-hct-5-mg-160-mg-12-5-mg-oral-28-comprimidos.html,2026-09-30,,agente sesión 11
650240052545,Farmacias del Ahorro,49.50,,https://www.fahorro.com/xl-3-antigripal-10-tabletas.html,2026-09-30,,agente sesión 11
650240052545,Chedraui,51.00,,https://www.chedraui.com.mx/tabletas-xl-3-antigripal-caja-con-10-tabletas-3652291/p,2026-09-30,Existencia 99999 en la ficha; precio coherente con las otras tiendas,agente sesión 11
650240052545,Farmacias Benavides,55.00,,https://www.benavides.com.mx/xl-3-paracetamol-fenilefrina-clorfenamina-antigripal-10-ud-tabletas,2026-09-30,,agente sesión 11
7501050613453,Chedraui,101.00,,https://www.chedraui.com.mx/afrin-adulto-spray-20ml-3022310/p,2026-09-30,"EAN truncado en Chedraui (12 dígitos, coincide con el GTIN)",agente sesión 11
7501050613453,Farmacias YZA,101.50,,https://www.yza.mx/afrin-spray-50mg-20ml/MXYZ_7501050613453.html,2026-09-30,Precio de ficha; figura agotado porque no hay sucursal elegida,agente sesión 11
7501050613453,Farmacias del Ahorro,114.00,,https://www.fahorro.com/afrin-original-adulto-alivio-de-la-congestion-nasal-causada-por-el-resfriado-comun-y-rinitis-alergica-actua-por-12-horas-20-ml.html,2026-09-30,,agente sesión 11
7501050613453,Farmacias Benavides,115.00,,https://www.benavides.com.mx/afrin-0050-oximetazolina-20-ml-spray-nasal,2026-09-30,,agente sesión 11
7501124103279,Chedraui,248.00,,https://www.chedraui.com.mx/comprimidos-pramigel-caja-con-20-comprimidos-3037660/p,2026-09-30,"EAN truncado en Chedraui (12 dígitos, coincide con el GTIN); caja con 20 comprimidos",agente sesión 11
7501124103279,Farmacias YZA,303.50,,https://www.yza.mx/pramigel-10mg200mg50mg-20-comp/MXYZ_7501124103279.html,2026-09-30,Precio de ficha; figura agotado porque no hay sucursal elegida,agente sesión 11
7501124103279,Farmacias Benavides,356.00,,https://www.benavides.com.mx/pramigel-aluminio-magnesio-metoclopramida-20-ud-comprimidos,2026-09-30,,agente sesión 11
7501124103279,Farmacias del Ahorro,404.95,,https://www.fahorro.com/pramigel-10-mg-200-mg-200-mg-oral-20-comprimidos.html,2026-09-30,,agente sesión 11
008400004574,Chedraui,434.00,,https://www.chedraui.com.mx/solucion-oftalmica-grimal-frasco-con-10ml-3031679/p,2026-09-30,,agente sesión 11
008400004574,Farmacias Benavides,485.00,,https://www.benavides.com.mx/grimal-acido-hiauluronico-oximetazolina-10-ml-gotas,2026-09-30,,agente sesión 11
008400004574,Farmacias del Ahorro,486.00,,https://www.fahorro.com/grimal-oftalmico-10-ml-solucion.html,2026-09-30,,agente sesión 11
7501390912551,Farmacias YZA,462.00,,https://www.yza.mx/cholal-suplemento-alimenticio-5ml-10-amp/MXYZ_7501390912551.html,2026-09-30,Precio de ficha; figura agotado porque no hay sucursal elegida,agente sesión 11
7501390912551,Farmacias Benavides,488.00,,https://www.benavides.com.mx/cholal-cianocobalamina-minerales-10-ud-ampolletas,2026-09-30,,agente sesión 11
7506339394733,Farmacias YZA,139.50,,https://www.yza.mx/fixodent-plus-dual-35ml/MXYZ_7506339394733.html,2026-09-30,Precio de ficha; figura agotado porque no hay sucursal elegida,agente sesión 11
7506339394733,Farmacias Benavides,147.00,,https://www.benavides.com.mx/fixodent-plus-pasta-adhesiva-para-dentaduras-35-ml,2026-09-30,,agente sesión 11
7506339394733,Chedraui,200.00,,https://www.chedraui.com.mx/pasta-adhesiva-para-denturas-fixodent-doble-poder-35ml-3601292/p,2026-09-30,,agente sesión 11
736085410600,Chedraui,597.00,,https://www.chedraui.com.mx/solucion-zebesten-09mg1ml-frasco-gotero-con-5ml-3598911/p,2026-09-30,,agente sesión 11
736085410600,Farmacias YZA,661.50,,https://www.yza.mx/zebesten-0.9mgml/MXYZ_736085410600.html,2026-09-30,Precio de ficha; figura agotado porque no hay sucursal elegida,agente sesión 11
736085410600,Farmacias Benavides,757.00,,https://www.benavides.com.mx/zebesten-09-mg-bromfenacoml-solucion-5-ml-gotas,2026-09-30,,agente sesión 11
7501033960499,Chedraui,62.88,,https://www.chedraui.com.mx/suplemento-alimenticio-ensure-advance-alimentacion-especializada-fresa-237ml-3429098/p,2026-09-30,"Existencia 99999 en la ficha; precio coherente con las otras tiendas; EAN truncado en Chedraui (12 dígitos, coincide con el GTIN)",agente sesión 11
7501033960499,Farmacias YZA,68.50,,https://www.yza.mx/ensure-advance-fresa-237ml/MXYZ_7501033960499.html,2026-09-30,Precio de ficha; figura agotado porque no hay sucursal elegida,agente sesión 11
7501033960499,Farmacias Benavides,76.00,,https://www.benavides.com.mx/ensure-advance-alimentacion-especializada-sabor-fresa-237-ml,2026-09-30,,agente sesión 11
7501299310489,Farmacias YZA,683.00,,https://www.yza.mx/inhibitron-twit-40mg1100mg-30-caps/MXYZ_7501299310489.html,2026-09-30,Precio de ficha; figura agotado porque no hay sucursal elegida,agente sesión 11
7501299310489,Farmacias Benavides,728.00,,https://www.benavides.com.mx/inhibitron-twit-40-mg-omeprazol1100-mg-bicarbonato-de-sodio-30-capsulas,2026-09-30,,agente sesión 11
8020030053502,Farmacias YZA,592.45,,https://www.yza.mx/flonorm-400mg-14-tabs/MXYZ_8020030053502.html,2026-09-30,Precio de ficha; figura agotado porque no hay sucursal elegida,agente sesión 11
8020030053502,Farmacias Benavides,707.00,,https://www.benavides.com.mx/flonorm-400-mg-rifaximina-14-tabletas,2026-09-30,,agente sesión 11
7501033956331,Chedraui,56.00,,https://www.chedraui.com.mx/suplemento-alimenticio-pediasure-para-ninos-de-1-a-10-anos-fresa-237ml-3104982/p,2026-09-30,Existencia 99999 en la ficha; precio coherente con las otras tiendas,agente sesión 11
7501033956331,Farmacias YZA,61.00,,https://www.yza.mx/pediasure-plus-fresa-237ml/MXYZ_7501033956331.html,2026-09-30,Precio de ficha; figura agotado porque no hay sucursal elegida,agente sesión 11
7501033956331,Farmacias Benavides,69.00,,https://www.benavides.com.mx/pediasure-formula-de-alimentacion-especializada-sabor-fresa-237-ml,2026-09-30,,agente sesión 11
7501314704828,Farmacias Benavides,478.00,,https://www.benavides.com.mx/ulsen-pcs-40-mg-omeprazol-14-capsulas,2026-09-30,,agente sesión 11
7501314704828,Farmacias YZA,504.50,,https://www.yza.mx/ulsen-pcs-40mg-14-caps/MXYZ_7501314704828.html,2026-09-30,Precio de ficha; figura agotado porque no hay sucursal elegida,agente sesión 11
7501314705313,Farmacias YZA,429.00,,https://www.yza.mx/afungil-ofta-11-150mg-1-cap-/MXYZ_7501314705313.html,2026-09-30,Precio de ficha; figura agotado porque no hay sucursal elegida; la ficha de YZA lista 1 cápsula (empaque 1+1) con este mismo GTIN,agente sesión 11
7501314705313,Farmacias Benavides,513.00,,https://www.benavides.com.mx/afungil-150-mg-fluconazol-1-ud-capsulas,2026-09-30,La ficha de Benavides lista 1 ud (empaque 1+1) con este mismo GTIN,agente sesión 11
7501314705313,Chedraui,514.00,,https://www.chedraui.com.mx/capsulas-afungil-150mg-2-cajas-con-1-capsula-3022355/p,2026-09-30,Chedraui: 2 cajas con 1 cápsula (1+1) = 2 cápsulas,agente sesión 11
7501070600730,Chedraui,130.00,144.00,https://www.chedraui.com.mx/comprimidos-syncol-max-oral-caja-con-12-comprimidos-3039358/p,2026-09-30,"Existencia 99999 en la ficha; precio coherente con las otras tiendas; EAN truncado en Chedraui (12 dígitos, coincide con el GTIN)",agente sesión 11
7501070600730,Farmacias YZA,138.00,,https://www.yza.mx/syncol-max-650mg60mg15mg-12-comp/MXYZ_7501070600730.html,2026-09-30,Precio de ficha; figura agotado porque no hay sucursal elegida,agente sesión 11
7501070600730,Farmacias Benavides,159.00,,https://www.benavides.com.mx/syncol-max-650-mg-60-mg-15-mg-paracetamol-cafeina-pirilamina-12-ud-comprimidos,2026-09-30,,agente sesión 11
7501001258030,Chedraui,109.65,129.00,https://www.chedraui.com.mx/antiacidos-pepto-bismol-sabor-original-24-tabletas-masticables-3037386/p,2026-09-30,,agente sesión 11
7501001258030,Farmacias YZA,115.00,,https://www.yza.mx/pepto-bismol-24-tabs/MXYZ_7501001258030.html,2026-09-30,Precio de ficha; figura agotado porque no hay sucursal elegida,agente sesión 11
7501001258030,Farmacias Benavides,143.00,,https://www.benavides.com.mx/pepto-bismol-262-mg-subsalicilato-de-bismuto-24-ud-tabletas-1,2026-09-30,,agente sesión 11
7501123011711,Farmacias Benavides,1028.00,,https://www.benavides.com.mx/fitoestimulina-4-g-15-g-fenoxietanol-triticum-vulgare-10-ud-sobres,2026-09-30,Precio de ficha muy superior al de otras presentaciones; verificar,agente sesión 11
7506425659265,Chedraui,200.00,206.00,https://www.chedraui.com.mx/panales-kleenbebe-absorsec-unisex-xxj-e7-40-piezas-3874763/p,2026-09-30,"EAN de Chedraui en formato GTIN-14 (17506425659262); 40 piezas; existencia 99999, único precio de referencia",agente sesión 11
7501033958717,Chedraui,62.88,69.00,https://www.chedraui.com.mx/suplemento-alimenticio-ensure-advance-alimentacion-especializada-vanilla-237ml-3273151/p,2026-09-30,Existencia 99999 en la ficha; precio coherente con las otras tiendas,agente sesión 11
7501033958717,Farmacias YZA,68.50,,https://www.yza.mx/ensure-advance-vainilla-237ml-/MXYZ_7501033958717.html,2026-09-30,Precio de ficha; figura agotado porque no hay sucursal elegida,agente sesión 11
7501033958717,Farmacias Benavides,76.00,,https://www.benavides.com.mx/ensure-advance-alimentacion-especializada-sabor-vainilla-237-ml,2026-09-30,,agente sesión 11
7501201400567,Chedraui,560.00,,https://www.chedraui.com.mx/refresh-tears-gts-10ml-3038234/p,2026-09-30,"EAN truncado en Chedraui (12 dígitos, coincide con el GTIN); Refresh Tears Gts 10 ml",agente sesión 11
7501201400567,Farmacias Benavides,738.00,,https://www.benavides.com.mx/refresh-tears-05-carboximetilcelulosa-sodica-solucion-oftalmica-10-ml-gotas,2026-09-30,,agente sesión 11
7501287627957,Farmacias YZA,639.00,,https://www.yza.mx/dalacin-c-300mg-16-caps/MXYZ_7501287627957.html,2026-09-30,Precio de ficha; figura agotado porque no hay sucursal elegida,agente sesión 11
7501287627957,Farmacias Benavides,750.00,,https://www.benavides.com.mx/dalacin-c-300-mg-clindamicina-16-ud-capsulas,2026-09-30,,agente sesión 11
7501008499979,Farmacias Benavides,199.00,,https://www.benavides.com.mx/flanax-550-mg-naproxeno-12-tabletas,2026-09-30,"Coincide por nombre y presentación (Flanax 550 mg, 12 tabletas); GTIN no verificado (la tienda probablemente vende 7501008497340)",agente sesión 11
650240001314,Farmacias YZA,548.50,,https://www.yza.mx/x/MXYZ_650240001314.html,2026-09-30,Ficha marcada agotada por no haber sucursal elegida; precio de ficha,agente sesión 11
650240001314,Farmacias Benavides,599.00,,https://www.benavides.com.mx/nikzon-2-mg-ruscus-aculeatus83-mg-lactobacillus-sporogenes40-mg-acido-ascorbico-90-tabletas,2026-09-30,,agente sesión 11
7501318612082,Farmacias YZA,1255.00,1355.00,https://www.yza.mx/x/MXYZ_7501318612082.html,2026-09-30,Ficha marcada agotada por no haber sucursal elegida; precio de ficha,agente sesión 11
7501318612082,Farmacias Benavides,1493.00,,https://www.benavides.com.mx/thioctacid-600-mg-acido-tioctico-30-tabletas,2026-09-30,,agente sesión 11
7501314701513,Farmacias Benavides,395.00,,https://www.benavides.com.mx/aceler-acido-fusidico-betametasona-15-g-crema,2026-09-30,,agente sesión 11
7501314701513,Farmacias YZA,419.50,,https://www.yza.mx/x/MXYZ_7501314701513.html,2026-09-30,Ficha marcada agotada por no haber sucursal elegida; precio de ficha,agente sesión 11
7501125155758,Farmacias Benavides,252.00,,https://www.benavides.com.mx/vitafusin-5-ml-multivitaminico-solucion-inyectable-adulto-1-frasco-ampula,2026-09-30,Ficha: 1 frasco ámpula,agente sesión 11
7501125155758,Farmacias del Ahorro,314.00,,https://www.fahorro.com/vitafusin-5-ml-solucion-inyectable-adulto.html,2026-09-30,GraphQL de la tienda (precio final = regular),agente sesión 11
300090556365,Farmacias Benavides,963.00,,https://www.benavides.com.mx/lincocin-600-mg-2-ml-lincomicina-6-ud-jeringas-prellenadas,2026-09-30,Ficha Benavides: 6 jeringas prellenadas (mismo GTIN); el lote dice ampolletas,agente sesión 11
7501089804327,Farmacias YZA,499.00,545.00,https://www.yza.mx/x/MXYZ_7501089804327.html,2026-09-30,Ficha marcada agotada por no haber sucursal elegida; precio de ficha,agente sesión 11
7501089804327,Farmacias Benavides,547.00,,https://www.benavides.com.mx/recoveron-nc-acido-acexamico-neomicina-40-g-crema,2026-09-30,,agente sesión 11
7501089804327,Farmacias del Ahorro,551.00,,https://www.fahorro.com/recoveron-nc-tubo-con-40-g.html,2026-09-30,GraphQL de la tienda (precio final = regular),agente sesión 11
7501943454873,Farmacias YZA,40.60,58.00,https://www.yza.mx/x/MXYZ_7501943454873.html,2026-09-30,Ficha marcada agotada por no haber sucursal elegida; precio de ficha,agente sesión 11
7501943454873,Farmacias del Ahorro,60.00,,https://www.fahorro.com/huggies-toallitas-humedas-cuidado-relajante-80-pz.html,2026-09-30,GraphQL de la tienda (precio final = regular),agente sesión 11
7501008409527,Farmacias YZA,109.00,121.00,https://www.yza.mx/x/MXYZ_7501008409527.html,2026-09-30,Ficha marcada agotada por no haber sucursal elegida; precio de ficha,agente sesión 11
7501008409527,Farmacias Benavides,139.00,,https://www.benavides.com.mx/redoxon-1-g-acido-ascorbico-sabor-naranja-10-tabletas,2026-09-30,,agente sesión 11
75055813,Farmacias Benavides,219.00,,https://www.benavides.com.mx/generico-de-marca-0-05-mg-latanoprost-ml-solucion-oftalmica-3-ml-gotas,2026-09-30,"Marca propia «Genérico de Marca» de Benavides; encontrado por GTIN, 3 ml",agente sesión 11
7501314704552,Farmacias YZA,265.00,315.50,https://www.yza.mx/x/MXYZ_7501314704552.html,2026-09-30,Ficha marcada agotada por no haber sucursal elegida; precio de ficha,agente sesión 11
7501314704552,Farmacias Benavides,322.00,,https://www.benavides.com.mx/miccil-1-mg-bumetanida-20-comprimidos,2026-09-30,,agente sesión 11
020800790253,Chedraui,289.00,340.00,https://www.chedraui.com.mx/fibra-natural-metamucil-sabor-naranja-174g-30-dosis-3034621/p,2026-09-30,,agente sesión 11
020800790253,Farmacias Benavides,550.00,,https://www.benavides.com.mx/metamucil-5618-g-plantago-psyllium-fibra-sabor-naranja-sin-azucar-174-g-bote,2026-09-30,Ficha 174 g bote; precio muy superior al de Chedraui ($289),agente sesión 11
7501125118289,Farmacias Benavides,735.00,,https://www.benavides.com.mx/fluoning-750-mg-levofloxacino-7-ud-tabletas,2026-09-30,,agente sesión 11
7501089804082,Farmacias YZA,1479.50,1523.00,https://www.yza.mx/x/MXYZ_7501089804082.html,2026-09-30,Ficha marcada agotada por no haber sucursal elegida; precio de ficha,agente sesión 11
7501089804082,Farmacias Benavides,1819.00,,https://www.benavides.com.mx/recoveron-474-g-acido-acexamico-granulado-10-sobres,2026-09-30,Ficha Benavides: Recoverón 4.74 g granulado 10 sobres (mismo GTIN),agente sesión 11
7501318646223,Farmacias Benavides,179.00,,https://www.benavides.com.mx/canesten-v-200-mg-clotrimazol-3-ovulos,2026-09-30,,agente sesión 11
7501318646223,Farmacias YZA,194.00,,https://www.yza.mx/x/MXYZ_7501318646223.html,2026-09-30,Ficha marcada agotada por no haber sucursal elegida; precio de ficha,agente sesión 11
7501318646223,Chedraui,210.00,,https://www.chedraui.com.mx/canesten-v-infecciones-vaginales-clotrimazol-3-ovulos-3025692/p,2026-09-30,EAN de la ficha truncado (750131864622) pero coincide con el GTIN,agente sesión 11
7501165010673,Farmacias YZA,170.00,,https://www.yza.mx/x/MXYZ_7501165010673.html,2026-09-30,Ficha marcada agotada por no haber sucursal elegida; precio de ficha,agente sesión 11
7501165010673,Farmacias Benavides,195.00,,https://www.benavides.com.mx/histiacil-fam-adulto-2-g-guaifenesina1-g-oxolamina-140-ml-jarabe,2026-09-30,,agente sesión 11
7501300408402,Farmacias YZA,375.50,,https://www.yza.mx/x/MXYZ_7501300408402.html,2026-09-30,Ficha marcada agotada por no haber sucursal elegida; precio de ficha,agente sesión 11
7501300408402,Farmacias Benavides,424.00,,https://www.benavides.com.mx/ampliron-750-mg-amoxicilina-12-ud-comprimidos,2026-09-30,,agente sesión 11
7501095467264,Chedraui,229.00,,https://www.chedraui.com.mx/polvo-efervescente-picot-sal-de-uvas-antiacido-caja-con-50-sobres-3038507/p,2026-09-30,EAN de la ficha truncado (750109546726) pero coincide con el GTIN; caja con 50 sobres,agente sesión 11
891671002277,Farmacias YZA,700.50,,https://www.yza.mx/x/MXYZ_891671002277.html,2026-09-30,Ficha marcada agotada por no haber sucursal elegida; precio de ficha,agente sesión 11
891671002277,Farmacias Benavides,717.00,,https://www.benavides.com.mx/norflex-plus-450-mg-paracetamol35-mg-orfenadrina-50-tabletas,2026-09-30,,agente sesión 11
7501088507922,Farmacias Benavides,531.00,,https://www.benavides.com.mx/koptin-500-mg-azitromicina-3-ud-tabletas,2026-09-30,,agente sesión 11
7501019064432,Chedraui,204.00,210.00,https://www.chedraui.com.mx/ropa-interior-desechable-tena-pants-maxi-protect-talla-m-13-piezas-3864321/p,2026-09-30,"Ficha Talla M 13 piezas (EAN 17501019064439, GTIN-14 del mismo producto); el nuestro es Ch/M",agente sesión 11
7501314705573,Farmacias YZA,876.00,,https://www.yza.mx/x/MXYZ_7501314705573.html,2026-09-30,Ficha marcada agotada por no haber sucursal elegida; precio de ficha,agente sesión 11
7501314705573,Farmacias Benavides,951.00,,https://www.benavides.com.mx/lurmivi-500-mg-3125-mg-375-mg-clindamicina-fluconazol-tinidazol-4-ud-tabletas,2026-09-30,,agente sesión 11
7503007704573,Farmacias YZA,297.00,,https://www.yza.mx/x/MXYZ_7503007704573.html,2026-09-30,Ficha marcada agotada por no haber sucursal elegida; precio de ficha,agente sesión 11
7503007704573,Farmacias Benavides,299.00,,https://www.benavides.com.mx/hidrasec-10-mg-racecadotrilo-18-sobres,2026-09-30,,agente sesión 11
7501070615123,Farmacias del Ahorro,739.00,,https://www.fahorro.com/pranosine-500-mg-oral-20-tabletas.html,2026-09-30,,agente sesión 11
7501070615123,Farmacias Benavides,809.00,,https://www.benavides.com.mx/pranosine-500-mg-metisoprinol-20-ud-tabletas,2026-09-30,,agente sesión 11
7501165003040,Chedraui,132.00,,https://www.chedraui.com.mx/aderogyl-multivitaminico-con-vitaminas-a-c-y-d-5-ampolletas-de-3ml-3022232/p,2026-09-30,,agente sesión 11
7501165003040,Farmacias YZA,155.50,,https://www.yza.mx/x/MXYZ_7501165003040.html,2026-09-30,Precio de ficha; figura agotado por no tener sucursal elegida,agente sesión 11
7501165003040,Farmacias Benavides,169.00,,https://www.benavides.com.mx/aderogyl-330-mg-retinol49965-mg-acido-ascorbico003-mg-ergocalciferol-5-ampolletas,2026-09-30,,agente sesión 11
736085400830,Farmacias YZA,551.50,,https://www.yza.mx/x/MXYZ_736085400830.html,2026-09-30,Precio de ficha; figura agotado por no tener sucursal elegida,agente sesión 11
736085400830,Farmacias Benavides,563.00,,https://www.benavides.com.mx/trazidex-ofteno-3-mg-tobramicina1-mg-dexametasona-suspension-5-ml-gotas,2026-09-30,,agente sesión 11
736085400830,Farmacias del Ahorro,571.00,,https://www.fahorro.com/trazidex-oftalmico-5-ml-gotas.html,2026-09-30,,agente sesión 11
7501089810038,Farmacias YZA,134.00,,https://www.yza.mx/x/MXYZ_7501089810038.html,2026-09-30,Precio de ficha; figura agotado por no tener sucursal elegida,agente sesión 11
7501089810038,Farmacias del Ahorro,173.00,,https://www.fahorro.com/herklin-shampoo-capilar-120-ml.html,2026-09-30,,agente sesión 11
7501089810038,Chedraui,174.00,,https://www.chedraui.com.mx/shampoo-para-piojos-herklin-nf-en-seco-120ml-3031845/p,2026-09-30,,agente sesión 11
7501089810038,Farmacias Benavides,187.00,,https://www.benavides.com.mx/herklin-shampoo-clasico-matar-y-eliminar-piojos-y-liendres-120-ml,2026-09-30,,agente sesión 11
070942125352,Chedraui,178.00,,https://www.chedraui.com.mx/kit-de-higiene-bucal-gum-ortodoncia-6-piezas-3020721/p,2026-09-30,,agente sesión 11
070942125352,Farmacias Benavides,179.00,,https://www.benavides.com.mx/gum-kit-de-ortodoncia-5-ud-kit,2026-09-30,,agente sesión 11
070942125352,Farmacias del Ahorro,191.00,,https://www.fahorro.com/kit-de-ortodoncia-marca-gum.html,2026-09-30,,agente sesión 11
7506425638543,Farmacias YZA,49.50,,https://www.yza.mx/x/MXYZ_7506425638543.html,2026-09-30,Precio de ficha; figura agotado por no tener sucursal elegida,agente sesión 11
7506425638543,Farmacias del Ahorro,49.50,,https://www.fahorro.com/diapro-toalla-humeda-xg-49-piezas.html,2026-09-30,,agente sesión 11
7506425638543,Farmacias Benavides,50.00,,https://www.benavides.com.mx/diapro-toallas-humedas-extra-grandes-49-uds,2026-09-30,,agente sesión 11
5997001328316,Chedraui,448.00,,https://www.chedraui.com.mx/parches-evra-60mg060mg-liberacion-controlada-caja-con-3-parches-3029792/p,2026-09-30,,agente sesión 11
5997001328316,Farmacias Benavides,487.00,,https://www.benavides.com.mx/evra-0-60-mg-etinilestradiol-6-00-mg-norelgestromina-3-parches,2026-09-30,,agente sesión 11
5997001328316,Farmacias del Ahorro,498.00,,https://www.fahorro.com/evra-0-60-mg-6-mg-con-3-parches.html,2026-09-30,,agente sesión 11
5997001328316,Farmacias YZA,560.50,,https://www.yza.mx/x/MXYZ_5997001328316.html,2026-09-30,Precio de ficha; figura agotado por no tener sucursal elegida,agente sesión 11
7501095452147,Farmacias YZA,122.50,,https://www.yza.mx/x/MXYZ_7501095452147.html,2026-09-30,Precio de ficha; figura agotado por no tener sucursal elegida,agente sesión 11
7501095452147,Farmacias Benavides,135.00,,https://www.benavides.com.mx/tempra-500-mg-paracetamol-20-ud-tabletas,2026-09-30,,agente sesión 11
300090050139,Farmacias Benavides,354.00,,https://www.benavides.com.mx/provera-10-mg-medroxiprogesterona-10-tabletas,2026-09-30,,agente sesión 11
300090050139,Chedraui,363.00,,https://www.chedraui.com.mx/tabletas-provera-10mg-caja-con-10-tabletas-3037987/p,2026-09-30,,agente sesión 11
300090050139,Farmacias YZA,371.00,,https://www.yza.mx/x/MXYZ_300090050139.html,2026-09-30,Precio de ficha; figura agotado por no tener sucursal elegida,agente sesión 11
7501314704040,Farmacias Benavides,414.00,,https://www.benavides.com.mx/unival-sucralfato-40-ud-tabletas,2026-09-30,,agente sesión 11
7501314704040,Farmacias YZA,435.00,,https://www.yza.mx/x/MXYZ_7501314704040.html,2026-09-30,Precio de ficha; figura agotado por no tener sucursal elegida,agente sesión 11
7501298269009,Chedraui,880.00,,https://www.chedraui.com.mx/tabletas-novotiral-100mcg20mcg-caja-con-50-tabletas-3036159/p,2026-09-30,,agente sesión 11
7501298269009,Farmacias Benavides,886.00,,https://www.benavides.com.mx/novotiral-100-mcg-levotiroxina-sodica20-mcg-liotironina-50-tabletas,2026-09-30,,agente sesión 11
7501298269009,Farmacias YZA,919.00,,https://www.yza.mx/x/MXYZ_7501298269009.html,2026-09-30,Precio de ficha; figura agotado por no tener sucursal elegida,agente sesión 11
7501033956294,Farmacias YZA,61.00,,https://www.yza.mx/x/MXYZ_7501033956294.html,2026-09-30,Precio de ficha; figura agotado por no tener sucursal elegida,agente sesión 11
7501033956294,Chedraui,65.00,,https://www.chedraui.com.mx/suplemento-alimenticio-pediasure-para-ninos-de-1-a-10-anos-vainilla-237ml-3104983/p,2026-09-30,,agente sesión 11
7501033956294,Farmacias Benavides,69.00,,https://www.benavides.com.mx/pediasure-formula-de-alimentacion-especializada-sabor-vainilla-237-ml,2026-09-30,,agente sesión 11
7501123014101,Farmacias YZA,418.00,,https://www.yza.mx/x/MXYZ_7501123014101.html,2026-09-30,Precio de ficha; figura agotado por no tener sucursal elegida,agente sesión 11
7501123014101,Chedraui,430.00,,https://www.chedraui.com.mx/tabletas-firac-plus-caja-con-20-tabletas-3030243/p,2026-09-30,,agente sesión 11
7501123014101,Farmacias Benavides,482.00,,https://www.benavides.com.mx/firac-plus-clonixinato-de-lisina-pargeverina-20-ud-tabletas,2026-09-30,,agente sesión 11
7501159580014,Farmacias YZA,192.40,,https://www.yza.mx/x/MXYZ_7501159580014.html,2026-09-30,Precio de ficha; figura agotado por no tener sucursal elegida,agente sesión 11
7501159580014,Chedraui,213.35,251.00,https://www.chedraui.com.mx/sinuberase-probioticos-bacillus-coagulans-1-millonn-ufc-48-comprimidos-3038951/p,2026-09-30,,agente sesión 11
7501159580014,Farmacias Benavides,239.00,,https://www.benavides.com.mx/sinuberase-1-millon-ufc-bacillus-coagulans-48-comprimidos,2026-09-30,,agente sesión 11
7501298217611,Chedraui,648.00,,https://www.chedraui.com.mx/solucion-inyectable-neurobion-dc-5-jeringas-100mg100mg10mg-3360591/p,2026-09-30,,agente sesión 11
7501298217611,Farmacias YZA,652.50,,https://www.yza.mx/x/MXYZ_7501298217611.html,2026-09-30,Precio de ficha; figura agotado por no tener sucursal elegida,agente sesión 11
7501298217611,Farmacias Benavides,937.00,,https://www.benavides.com.mx/neurobion-dc-100-mg-100-mg-10-mg-complejo-vitamina-b-5-ud-jeringas-prellenadas,2026-09-30,,agente sesión 11
7501299300275,Chedraui,172.00,,https://www.chedraui.com.mx/capsulas-flagenase-400-caja-con-30-capsulas-3030276/p,2026-09-30,,agente sesión 11
7501299300275,Farmacias YZA,190.00,,https://www.yza.mx/x/MXYZ_7501299300275.html,2026-09-30,Precio de ficha; figura agotado por no tener sucursal elegida,agente sesión 11
7501299300275,Farmacias Benavides,199.00,,https://www.benavides.com.mx/flagenase-400-mg-200-mg-diiodohidroxiquinoleina-metronidazol-30-ud-capsulas,2026-09-30,,agente sesión 11
7501050603997,Farmacias YZA,539.50,,https://www.yza.mx/x/MXYZ_7501050603997.html,2026-09-30,Precio de ficha; figura agotado por no tener sucursal elegida,agente sesión 11
7501050603997,Farmacias Benavides,730.00,,https://www.benavides.com.mx/quadriderm-nf-005-g-betametasona1-g-clotrimazol010-g-gentamicina-crema-30-g,2026-09-30,,agente sesión 11
7501258215053,Farmacias Benavides,449.00,,https://www.benavides.com.mx/binotal-500-mg-ampicilina-30-ud-tabletas,2026-09-30,,agente sesión 11
3594450170064,Chedraui,1198.00,,https://www.chedraui.com.mx/suspension-elatec-mpff-1000mg-caja-con-30-sobres-3601804/p,2026-09-30,,agente sesión 11
3594450170064,Farmacias Benavides,1220.00,,https://www.benavides.com.mx/elatec-mpff-1000-mg-diosmina10-ml-hesperidina-30-sobres,2026-09-30,,agente sesión 11
3594450170064,Farmacias YZA,1263.00,,https://www.yza.mx/x/MXYZ_3594450170064.html,2026-09-30,Precio de ficha; figura agotado por no tener sucursal elegida,agente sesión 11
7503002615133,Farmacias YZA,1162.50,,https://www.yza.mx/x/MXYZ_7503002615133.html,2026-09-30,Precio de ficha; figura agotado por no tener sucursal elegida,agente sesión 11
7503002615133,Farmacias Benavides,1327.00,,https://www.benavides.com.mx/generico-de-marca-someral-alfa-cetoanalogos-de-aminoacidos-100-tabletas,2026-09-30,,agente sesión 11
3664798074680,Farmacias Similares,229.00,,https://www.farmaciasdesimilares.com/esporas_bac_claus_2bill_10amp_enteroger/p,2026-09-30,Coincidencia por nombre exacto; la ficha no trae GTIN,agente sesión 11
7501065010438,Farmacias Benavides,279.00,,https://www.benavides.com.mx/theraflu-daytime-650-mg20-mg10-mg-paracetamol-dextrometorfano-fenilefrina-frutos-del-bosque-10-ud-sobres,2026-09-30,,agente sesión 11
7501065010438,Farmacias del Ahorro,279.00,,https://www.fahorro.com/theraflu-daytime-te-antigripal-resfriado-y-tos-10-sobres.html,2026-09-30,Precio vía GraphQL de la tienda,agente sesión 11
7891317047733,Farmacias YZA,302.00,,https://www.yza.mx/calcigenol-doble-suspension-1.8g-340ml/MXYZ_7891317047733.html,2026-09-30,Precio de ficha; aparece agotado por no haber sucursal elegida,agente sesión 11
7891317047733,Farmacias del Ahorro,328.00,,https://www.fahorro.com/calcigenol-doble-suspension-calcio-y-fosforo-340.html,2026-09-30,Precio vía GraphQL de la tienda,agente sesión 11
7501022140659,Farmacias YZA,99.40,,https://www.yza.mx/ricitos-de-oro-mini-kit-manzanil-4-pzas/MXYZ_7501022140659.html,2026-09-30,Precio de ficha; aparece agotado por no haber sucursal elegida,agente sesión 11
7501022140659,Chedraui,114.40,143.00,https://www.chedraui.com.mx/kit-grisi-ricitos-de-oro-manzanilla-paquete-con-4-piezas-3398093/p,2026-09-30,EAN de la tienda 750102214065 (sin dígito verificador),agente sesión 11
7501022140659,Farmacias del Ahorro,115.00,,https://www.fahorro.com/grisi-ricitos-de-oro-mini-kit-manzanilla-4-pz.html,2026-09-30,Precio vía GraphQL de la tienda,agente sesión 11
7501871720675,Farmacias YZA,382.50,,https://www.yza.mx/tafirol-1g-20-tabs-alivio-rapido-del-dolor-/MXYZ_7501871720675.html,2026-09-30,Precio de ficha; aparece agotado por no haber sucursal elegida,agente sesión 11
7501871720675,Chedraui,388.00,,https://www.chedraui.com.mx/tabletas-tafirol-1g-caja-con-20-tabletas-3039408/p,2026-09-30,,agente sesión 11
7501871720675,Farmacias Benavides,398.00,,https://www.benavides.com.mx/tafirol-1-g-paracetamol-20-tabletas,2026-09-30,,agente sesión 11
7501871720675,Farmacias del Ahorro,564.21,,https://www.fahorro.com/tafirol-1-g-con-20-tabletas.html,2026-09-30,Precio vía GraphQL de la tienda,agente sesión 11
7501390910991,Farmacias YZA,599.00,,https://www.yza.mx/italdermol-crema-tubo-15g1g-30g/MXYZ_7501390910991.html,2026-09-30,Precio de ficha; aparece agotado por no haber sucursal elegida,agente sesión 11
7501390910991,Farmacias Benavides,614.00,,https://www.benavides.com.mx/italdermol-fenoxietanol-triticum-vulgare-30-g-crema,2026-09-30,,agente sesión 11
7501390910991,Farmacias del Ahorro,619.00,,https://www.fahorro.com/italdermol-crema-cicatrizante-30-g.html,2026-09-30,Precio vía GraphQL de la tienda,agente sesión 11
7502216930599,Farmacias Benavides,462.00,,https://www.benavides.com.mx/avapena-20-mg-2-ml-cloropiramina-5-ud-ampolletas,2026-09-30,,agente sesión 11
7501088509810,Farmacias YZA,155.50,,https://www.yza.mx/antiflu-des-solucion-pediatrica-30ml/MXYZ_7501088509810.html,2026-09-30,Precio de ficha; aparece agotado por no haber sucursal elegida,agente sesión 11
7501088509810,Farmacias Benavides,169.00,,https://www.benavides.com.mx/antiflu-des-pediatrico-amantadina-clorfenamina-paracetamol-30-ml-gotas,2026-09-30,,agente sesión 11
7501318645295,Farmacias Benavides,215.00,,https://www.benavides.com.mx/canesten-v-200-mg-clotrimazol-ovulo1-clotrimazol-crema-3-ovulos-1-crema,2026-09-30,,agente sesión 11
7501318645295,Farmacias YZA,227.00,,https://www.yza.mx/canesten-v-dual-1-crem-200mg-3-ovulos/MXYZ_7501318645295.html,2026-09-30,Precio de ficha; aparece agotado por no haber sucursal elegida,agente sesión 11
7501299300367,Chedraui,152.00,,https://www.chedraui.com.mx/tabletas-sensibit-alergias-10mg-caja-con-10-tabletas-3038642/p,2026-09-30,,agente sesión 11
7501299300367,Farmacias Benavides,250.00,,https://www.benavides.com.mx/sensibit-10-mg-loratadina-10-tabletas-1,2026-09-30,,agente sesión 11
736085401226,Farmacias YZA,477.00,,https://www.yza.mx/flumetol-nf-ofteno-gotas-1mg-5ml/MXYZ_736085401226.html,2026-09-30,Precio de ficha; aparece agotado por no haber sucursal elegida,agente sesión 11
736085401226,Farmacias Benavides,481.00,,https://www.benavides.com.mx/flumetol-nf-1-mgml-fluorometolona-suspension-5-ml-gotas,2026-09-30,,agente sesión 11
7501300408754,Farmacias YZA,523.00,,https://www.yza.mx/daxon-500-mg---caja-con-6-tabletas-nitazoxanida/MXYZ_7501300408754.html,2026-09-30,Precio de ficha; aparece agotado por no haber sucursal elegida,agente sesión 11
7501300408754,Chedraui,556.00,,https://www.chedraui.com.mx/daxon-500-mg-caja-con-6-tabletas-nitazoxanida-3027787/p,2026-09-30,,agente sesión 11
7501300408754,Farmacias Benavides,638.00,,https://www.benavides.com.mx/daxon-500-mg-nitazoxanida-6-ud-tabletas,2026-09-30,,agente sesión 11
7501070903350,Farmacias YZA,384.00,,https://www.yza.mx/libertrim-sdp-suspension-pedpipet-30ml/MXYZ_7501070903350.html,2026-09-30,Precio de ficha; aparece agotado por no haber sucursal elegida,agente sesión 11
7501070903350,Farmacias Benavides,395.00,,https://www.benavides.com.mx/libertrim-sdp-06-g-trimebutina06-g-simeticona-suspension-pediatrico-30-ml,2026-09-30,,agente sesión 11
7501299300794,Farmacias YZA,1106.50,,https://www.yza.mx/cicloferon-400mg-35-tabs/MXYZ_7501299300794.html,2026-09-30,Precio de ficha; aparece agotado por no haber sucursal elegida,agente sesión 11
7501299300794,Farmacias del Ahorro,1214.00,,https://www.fahorro.com/cicloferon-400-mg-oral-35-tabletas.html,2026-09-30,Precio vía GraphQL de la tienda,agente sesión 11
7501299300794,Farmacias Benavides,1296.00,,https://www.benavides.com.mx/cicloferon-400-mg-aciclovir-35-ud-tabletas,2026-09-30,,agente sesión 11
7501008409503,Farmacias YZA,148.50,,https://www.yza.mx/redoxon-forte-10-tabs/MXYZ_7501008409503.html,2026-09-30,Precio de ficha; aparece agotado por no haber sucursal elegida,agente sesión 11
7501008409503,Chedraui,187.00,,https://www.chedraui.com.mx/redoxon-forte-vitamina-c-tubo-con-10-tabletas-efervescentes-3038204/p,2026-09-30,,agente sesión 11
7501008409503,Farmacias Benavides,192.00,,https://www.benavides.com.mx/redoxon-forte-2-g-acido-ascorbico-10-comprimidos,2026-09-30,,agente sesión 11
7501314704644,Farmacias Benavides,393.00,,https://www.benavides.com.mx/durater-40-mg-famotidina-10-comprimidos,2026-09-30,,agente sesión 11
7501314704644,Chedraui,408.00,,https://www.chedraui.com.mx/comprimidos-durater-40mg-caja-con-10-comprimidos-3029045/p,2026-09-30,EAN de la tienda 750131470464 (sin dígito verificador),agente sesión 11
7501314704644,Farmacias YZA,419.50,,https://www.yza.mx/durater-40mg-/MXYZ_7501314704644.html,2026-09-30,Precio de ficha; aparece agotado por no haber sucursal elegida,agente sesión 11
7501249605634,Chedraui,78.00,85.00,https://www.chedraui.com.mx/comprimidos-postday-levonorgestrel-075mg-caja-con-2-comprimidos-3037648/p,2026-09-30,EAN de la tienda 750124960563 (sin dígito verificador),agente sesión 11
7501249605634,Farmacias Benavides,120.00,,https://www.benavides.com.mx/postday-0-75-mg-levonorgestrel-2-comprimidos,2026-09-30,,agente sesión 11
7501298281209,Farmacias YZA,101.00,,https://www.yza.mx/sedalmerck-20-tabs/MXYZ_7501298281209.html,2026-09-30,Precio de ficha; aparece agotado por no haber sucursal elegida,agente sesión 11
7501298281209,Chedraui,124.00,,https://www.chedraui.com.mx/analgesico-con-paracetamol-sedalmerck-blister-con-20-tabletas-3038583/p,2026-09-30,EAN de la tienda 750129828120 (sin dígito verificador),agente sesión 11
7501298281209,Farmacias Benavides,125.00,,https://www.benavides.com.mx/sedalmerck-500-mg50-mg5-mg-paracetamol-cafeina-y-fenilefrina-20-ud-tabletas,2026-09-30,,agente sesión 11
7501159551014,Chedraui,615.00,820.00,https://www.chedraui.com.mx/pulmonarom-lisados-bacterianos-10-ampolletas-de-3ml-3038033/p,2026-09-30,,agente sesión 11
7501159551014,Farmacias YZA,781.00,,https://www.yza.mx/pulmonar-om-10-amp-x-3ml/MXYZ_7501159551014.html,2026-09-30,Precio de ficha; aparece agotado por no haber sucursal elegida,agente sesión 11
7501159551014,Farmacias Benavides,817.00,,https://www.benavides.com.mx/pulmonarom-3-ml-lisados-bacterianos-10-ampolletas,2026-09-30,,agente sesión 11
3594455600153,Chedraui,874.00,,https://www.chedraui.com.mx/tabletas-elatec-1000mg-caja-con-30-tabletas-3601805/p,2026-09-30,,agente sesión 11
3594455600153,Farmacias YZA,952.50,,https://www.yza.mx/elatec-1000mg-30-tabs/MXYZ_3594455600153.html,2026-09-30,Precio de ficha; aparece agotado por no haber sucursal elegida,agente sesión 11
3594455600153,Farmacias Benavides,1184.00,,https://www.benavides.com.mx/elatec-1000mg-900-mg-diosmina100mg-hesperidina-30-tabletas,2026-09-30,,agente sesión 11
7501022141571,HEB,146.00,,https://www.heb.com.mx/ricitos-de-oro-mini-kit-ro-avena-y-vainilla-4-pzas-mini-kit-ro--508-pz-880819/p,2026-09-30,Ficha con GTIN coincidente; aparece agotado,agente sesión 11
7501033957871,Chedraui,960.00,,https://www.chedraui.com.mx/tabletas-serc-24mg-caja-con-30-tabletas-3232598/p,2026-09-30,EAN de la tienda 750103395787 (sin dígito verificador),agente sesión 11
7501033957871,Farmacias Benavides,962.00,,https://www.benavides.com.mx/serc-24-mg-betahistina-30-tabletas,2026-09-30,,agente sesión 11
7501033957871,Farmacias YZA,1002.00,,https://www.yza.mx/serc-24mg-30-tabs/MXYZ_7501033957871.html,2026-09-30,Precio de ficha; aparece agotado por no haber sucursal elegida,agente sesión 11
7501035906341,Chedraui,75.00,76.50,https://www.chedraui.com.mx/crema-corporal-liquida-palmolive-neutro-balance-para-piel-normal-400ml-3119941/p,2026-09-30,,agente sesión 11
7501035906341,HEB,105.00,,https://www.heb.com.mx/neutro-balance-cremas-cr-hidratante-400-ml-33432/p,2026-09-30,Ficha con GTIN coincidente; aparece agotado,agente sesión 11
7501008499818,Chedraui,129.00,,https://www.chedraui.com.mx/pastillas-aspirina-con-80-tabletas-500mg-3889510/p,2026-09-30,,agente sesión 11
7501094916985,Farmacias Benavides,729.00,,https://www.benavides.com.mx/galvus-met-50-mg-vildagliptina1000-mg-metformina-30-comprimidos,2026-09-30,,agente sesión 11
7501094916985,Farmacias del Ahorro,747.00,,https://www.fahorro.com/galvus-met-501000-mg-oral-adulto.html,2026-09-30,,agente sesión 11
7501094916985,Farmacias YZA,812.00,,https://www.yza.mx/x/MXYZ_7501094916985.html,2026-09-30,Precio de ficha; figura agotado porque no hay sucursal elegida,agente sesión 11
7501943488687,Farmacias Benavides,397.00,,https://www.benavides.com.mx/huggies-all-around-panales-unisex-autoajustable-etapa-6-40-uds,2026-09-30,,agente sesión 11
7501943488687,Farmacias del Ahorro,398.00,,https://www.fahorro.com/pa-al-huggies-all-around-etapa-6-unisex-40-pz.html,2026-09-30,,agente sesión 11
7509546072074,Farmacias YZA,90.30,,https://www.yza.mx/x/MXYZ_7509546072074.html,2026-09-30,Precio de ficha; figura agotado porque no hay sucursal elegida,agente sesión 11
354312225027,Chedraui,52.50,,https://www.chedraui.com.mx/crema-derman-pie-de-atleta-tubo-con-50g-3027973/p,2026-09-30,,agente sesión 11
354312225027,Farmacias del Ahorro,57.00,,https://www.fahorro.com/derman-crema-antimicotica-antiseptica-y-desodorante-50-g.html,2026-09-30,,agente sesión 11
7500435169035,Farmacias YZA,93.00,,https://www.yza.mx/x/MXYZ_7500435169035.html,2026-09-30,Precio de ficha; figura agotado porque no hay sucursal elegida,agente sesión 11
7500435169035,Farmacias del Ahorro,103.00,,https://www.fahorro.com/herbal-essences-espuma-modeladora-cabello-rizo-200-gr.html,2026-09-30,,agente sesión 11
7500435169035,Farmacias Benavides,115.00,,https://www.benavides.com.mx/herbal-essences-cabello-rizo-espuma-modeladora-200-g,2026-09-30,,agente sesión 11
8400005861,Farmacias YZA,915.00,,https://www.yza.mx/x/MXYZ_8400005861.html,2026-09-30,Precio de ficha; figura agotado porque no hay sucursal elegida,agente sesión 11
7501298215907,Farmacias Benavides,2053.00,,https://www.benavides.com.mx/biconcor-5-mg-bisoprolol-hidroclorotiazida-30-ud-tabletas,2026-09-30,,agente sesión 11
070942302289,Farmacias Benavides,215.00,,https://www.benavides.com.mx/gum-paroex-gingivitis-enjuague-bucal-digluconato-de-clorhexidina-0-012-sin-alcohol-300-ml,2026-09-30,,agente sesión 11
070942302289,Chedraui,216.00,,https://www.chedraui.com.mx/enjuague-bucal-gum-paroex-para-gingivitis-300ml-3216969/p,2026-09-30,"Ficha con EAN de caja GTIN-14 (10070942302286), mismo producto de 300 ml",agente sesión 11
7501299309339,Farmacias YZA,692.50,,https://www.yza.mx/x/MXYZ_7501299309339.html,2026-09-30,Precio de ficha; figura agotado porque no hay sucursal elegida,agente sesión 11
7501299309339,Farmacias Benavides,1044.00,,https://www.benavides.com.mx/lodestar-duo-100-mg-5-mg-amlodipino-losartan-30-ud-capsulas,2026-09-30,,agente sesión 11
7501050610674,Farmacias YZA,454.50,,https://www.yza.mx/x/MXYZ_7501050610674.html,2026-09-30,Precio de ficha; figura agotado porque no hay sucursal elegida,agente sesión 11
7501050610674,Farmacias Benavides,470.00,,https://www.benavides.com.mx/celestone-soluspan-271-mg-acetato-de-betametasona3-mg-fosfato-sodico-de-betametasona-1-jeringa-prellenada,2026-09-30,,agente sesión 11
7501092722373,Farmacias YZA,415.00,,https://www.yza.mx/x/MXYZ_7501092722373.html,2026-09-30,Precio de ficha; figura agotado porque no hay sucursal elegida,agente sesión 11
7501092722373,Farmacias Benavides,618.00,,https://www.benavides.com.mx/dagla-50-mg-itoprida-30-tabletas,2026-09-30,,agente sesión 11
7501070634810,Farmacias YZA,439.00,,https://www.yza.mx/x/MXYZ_7501070634810.html,2026-09-30,Precio de ficha; figura agotado porque no hay sucursal elegida,agente sesión 11
7501070634810,Farmacias Benavides,485.00,,https://www.benavides.com.mx/posipen-500-mg-dicloxacilina-12-ud-capsulas,2026-09-30,,agente sesión 11
7509546074511,HEB,89.00,,https://www.heb.com.mx/mennen-shampoo-zero-700-ml-642745/p,2026-09-30,,agente sesión 11
7503006698323,Farmacias YZA,387.50,,https://www.yza.mx/x/MXYZ_7503006698323.html,2026-09-30,Precio de ficha; figura agotado porque no hay sucursal elegida,agente sesión 11
7503006698323,Chedraui,405.00,,https://www.chedraui.com.mx/solucion-microdacyn-antiseptico-240ml-3133610/p,2026-09-30,,agente sesión 11
7503006698323,Farmacias Benavides,459.00,,https://www.benavides.com.mx/microdacyn-solucion-antiseptica-para-todo-tipo-de-heridas-240-ml,2026-09-30,,agente sesión 11
7501089804013,Farmacias YZA,467.50,,https://www.yza.mx/x/MXYZ_7501089804013.html,2026-09-30,Precio de ficha; figura agotado porque no hay sucursal elegida,agente sesión 11
7501089804013,Farmacias Benavides,477.00,,https://www.benavides.com.mx/recoveron-5-g-acido-acexamico-40-g-unguento,2026-09-30,,agente sesión 11
7501298224176,Farmacias YZA,1943.50,,https://www.yza.mx/x/MXYZ_7501298224176.html,2026-09-30,Precio de ficha; figura agotado porque no hay sucursal elegida,agente sesión 11
7501298224176,Farmacias Benavides,2893.00,,https://www.benavides.com.mx/gavindo-n-300-mg-100-mg-0200-mg-cianocobalamina-gabapentina-tiamina-60-ud-capsulas,2026-09-30,,agente sesión 11
7501001100001,Chedraui,694.45,817.00,https://www.chedraui.com.mx/fibra-natural-metamucil-sabor-naranja-tarro-de-425g-72-dosis-3201430/p,2026-09-30,,agente sesión 11
7501001100001,Farmacias YZA,784.00,,https://www.yza.mx/x/MXYZ_7501001100001.html,2026-09-30,Precio de ficha; figura agotado porque no hay sucursal elegida,agente sesión 11
7501001100001,Farmacias Benavides,938.00,,https://www.benavides.com.mx/metamucil-5618-g-plantago-psyllium-fibra-sabor-naranja-sin-azucar-425-g-bote,2026-09-30,,agente sesión 11
7501007459332,Chedraui,90.10,106.00,https://www.chedraui.com.mx/inhalador-vick-vaporub-alivia-rapido-la-congestion-nasal-1-inhalador-3132097/p,2026-09-30,,agente sesión 11
7501007459332,Farmacias YZA,101.50,,https://www.yza.mx/x/MXYZ_7501007459332.html,2026-09-30,Precio de ficha; figura agotado porque no hay sucursal elegida,agente sesión 11
7501007459332,Farmacias Benavides,119.00,,https://www.benavides.com.mx/vick-vaporub-inhalador-197-mg-mentol197-mg-alcanfor-solucion-1-ud,2026-09-30,,agente sesión 11
7501125104268,Chedraui,25.00,,https://www.chedraui.com.mx/suero-rehidratante-oral-electrolit-sabor-fresa-625ml-3091056/p,2026-09-30,,agente sesión 11
7501125104268,Farmacias Benavides,26.00,,https://www.benavides.com.mx/electrolit-suero-rehidratante-fresa-625-ml-1-ud,2026-09-30,,agente sesión 11
7501125104268,Farmacias YZA,27.00,,https://www.yza.mx/x/MXYZ_7501125104268.html,2026-09-30,Precio de ficha; figura agotado porque no hay sucursal elegida,agente sesión 11
7501369200016,Chedraui,134.00,172.00,https://www.chedraui.com.mx/polvo-estomaquil-caja-con-20-sobres-de-3g-3029652/p,2026-09-30,,agente sesión 11
7501089809452,Farmacias del Ahorro,213.00,,https://www.fahorro.com/kaomycin-antidiarreico-suspension-oral-180-ml.html,2026-09-30,"GraphQL, precio final y regular iguales.",agente sesión 11
7501089809452,Farmacias YZA,228.00,,https://www.yza.mx/x/MXYZ_7501089809452.html,2026-09-30,Precio de ficha; la ficha aparece agotada por no haber sucursal elegida.,agente sesión 11
7501089809452,Farmacias Benavides,229.00,,https://www.benavides.com.mx/kaomycin-071-g2000-g100-g-caolin-neomicina-pectina-180-ml-frasco,2026-09-30,,agente sesión 11
020800753050,Farmacias Benavides,253.00,,https://www.benavides.com.mx/pepto-bismol-1750-g100-ml-subsalicilato-de-bismuto-236-ml-frasco,2026-09-30,,agente sesión 11
7501300409584,Chedraui,391.00,,https://www.chedraui.com.mx/aminoefedrison-nf-150-ml-jarabe-teofilina-y-ambroxol-3023080/p,2026-09-30,,agente sesión 11
7501300409584,Farmacias YZA,398.00,,https://www.yza.mx/x/MXYZ_7501300409584.html,2026-09-30,Precio de ficha; la ficha aparece agotada por no haber sucursal elegida.,agente sesión 11
7501300409584,Farmacias Benavides,487.00,,https://www.benavides.com.mx/aminoefedrison-nf-07-g-teofilina015-g-ambroxol-150-ml-jarabe,2026-09-30,,agente sesión 11
7501008443026,Costco,359.00,,https://www.costco.com.mx/Grocery/Grocery/Farmacia/Alka-Seltzer-100-Tabletas-Efervescentes/p/500806,2026-09-30,"Alka-Seltzer 100 tabletas efervescentes; ficha en stock, precio visible sin membresía.",agente sesión 11
7501125100130,Farmacias YZA,76.50,,https://www.yza.mx/x/MXYZ_7501125100130.html,2026-09-30,Precio de ficha; la ficha aparece agotada por no haber sucursal elegida.,agente sesión 11
7501125100130,Farmacias Benavides,96.00,,https://www.benavides.com.mx/flexoval-cloruro-de-sodio-solucion-1000-ml,2026-09-30,,agente sesión 11
7501300450203,Farmacias Benavides,454.00,,https://www.benavides.com.mx/bactrim-400-mg-80-mg-sulfametoxazol-trimetoprima-30-ud-tabletas,2026-09-30,,agente sesión 11
736085413601,Farmacias Benavides,954.00,,https://www.benavides.com.mx/krytantek-ofteno-2-dorzolamida05-timolol02-tartrato-de-brimonidina-5-ml-gotas,2026-09-30,,agente sesión 11
736085413601,Farmacias YZA,1073.00,,https://www.yza.mx/x/MXYZ_736085413601.html,2026-09-30,Precio de ficha; la ficha aparece agotada por no haber sucursal elegida.,agente sesión 11
736085904727,Farmacias YZA,729.50,,https://www.yza.mx/x/MXYZ_736085904727.html,2026-09-30,Precio de ficha; la ficha aparece agotada por no haber sucursal elegida.,agente sesión 11
736085904727,Farmacias Benavides,826.00,,https://www.benavides.com.mx/sophixin-dx-ofteno-3-mg-ciprofloxacino1-mg-dexametasonaml-solucion-5-ml-gotas,2026-09-30,,agente sesión 11
7501125104411,Farmacias Benavides,26.00,,https://www.benavides.com.mx/electrolit-suero-rehidratante-coco-625-ml-1-ud,2026-09-30,,agente sesión 11
7501125104411,Farmacias YZA,27.00,,https://www.yza.mx/x/MXYZ_7501125104411.html,2026-09-30,Precio de ficha; la ficha aparece agotada por no haber sucursal elegida.,agente sesión 11
7501124819200,Chedraui,1527.00,,https://www.chedraui.com.mx/comprimidos-entresto-50mg-caja-con-30-comprimidos-3600076/p,2026-09-30,,agente sesión 11
7501124819200,Farmacias YZA,1625.50,,https://www.yza.mx/x/MXYZ_7501124819200.html,2026-09-30,Precio de ficha; la ficha aparece agotada por no haber sucursal elegida.,agente sesión 11
7501124819200,Farmacias Benavides,1836.00,,https://www.benavides.com.mx/entresto-50-mg-sacubitrilo-valsartan-30-comprimidos,2026-09-30,,agente sesión 11
7501019064760,Farmacias YZA,184.02,,https://www.yza.mx/x/MXYZ_7501019064760.html,2026-09-30,Precio de ficha; la ficha aparece agotada por no haber sucursal elegida.,agente sesión 11
7501019064760,Farmacias Benavides,219.00,,https://www.benavides.com.mx/tena-pants-maxi-protect-ropa-interior-desechable-para-mujer-talla-grande-14-uds,2026-09-30,,agente sesión 11
7501314702701,Farmacias YZA,688.50,,https://www.yza.mx/x/MXYZ_7501314702701.html,2026-09-30,Precio de ficha; la ficha aparece agotada por no haber sucursal elegida.,agente sesión 11
7501314702701,Farmacias Benavides,765.00,,https://www.benavides.com.mx/rezplen-500-mg-45-mg-ambroxol-claritromicina-10-ud-tabletas,2026-09-30,,agente sesión 11
7509546674018,Farmacias Benavides,94.00,,https://www.benavides.com.mx/colgate-luminous-white-carbon-activado-pasta-dental-anticaries-con-fluor-66-ml,2026-09-30,,agente sesión 11
7501298223728,Farmacias YZA,134.50,,https://www.yza.mx/x/MXYZ_7501298223728.html,2026-09-30,Precio de ficha; la ficha aparece agotada por no haber sucursal elegida.,agente sesión 11
7501298223728,Chedraui,144.00,,https://www.chedraui.com.mx/dolo-neurobion-analgesico-con-diclofenaco-5-tabletas-3663752/p,2026-09-30,,agente sesión 11
7501298223728,Farmacias Benavides,150.00,,https://www.benavides.com.mx/dolo-neurobion-50-g-diclofenaco-sodico-5-ud-tabletas,2026-09-30,,agente sesión 11
7501125100123,Farmacias Benavides,53.00,,https://www.benavides.com.mx/flexoval-cloruro-de-sodio-solucion-500-ml,2026-09-30,,agente sesión 11
7501125100123,Farmacias YZA,53.00,,https://www.yza.mx/x/MXYZ_7501125100123.html,2026-09-30,Precio de ficha; la ficha aparece agotada por no haber sucursal elegida.,agente sesión 11
7501125100123,Chedraui,57.00,,https://www.chedraui.com.mx/solucion-inyectable-cs-pisa-09-frasco-con-500ml-3032521/p,2026-09-30,,agente sesión 11
7501088505829,Farmacias YZA,233.50,,https://www.yza.mx/x/MXYZ_7501088505829.html,2026-09-30,Precio de ficha; la ficha aparece agotada por no haber sucursal elegida.,agente sesión 11
7501088505829,Farmacias Benavides,264.00,,https://www.benavides.com.mx/troferit-flow-3-mg-dropropizina3-mg-ambroxolml-120-ml-jarabe,2026-09-30,,agente sesión 11
7703331157506,Chedraui,578.00,,https://www.chedraui.com.mx/comprimidos-yasmin-3mg003mg-caja-con-21-comprimidos-3040892/p,2026-09-30,,agente sesión 11
7703331157506,Farmacias Benavides,584.00,,https://www.benavides.com.mx/yasmin-3-mg-drospirenona-0-03-mg-etinilestradiol-21-comprimidos,2026-09-30,,agente sesión 11
7703331157506,Farmacias YZA,595.00,,https://www.yza.mx/x/MXYZ_7703331157506.html,2026-09-30,Precio de ficha; la ficha aparece agotada por no haber sucursal elegida.,agente sesión 11
7501298223773,Farmacias YZA,173.50,,https://www.yza.mx/x/MXYZ_7501298223773.html,2026-09-30,Precio de ficha; la ficha aparece agotada por no haber sucursal elegida.,agente sesión 11
7501298223773,Chedraui,204.00,,https://www.chedraui.com.mx/descongestionante-nasal-iliadin-adulto-spray-20ml-3581589/p,2026-09-30,,agente sesión 11
7501298223773,Farmacias Benavides,209.00,,https://www.benavides.com.mx/iliadin-005-oximetazolina-adulto-20-ml-spray-nasal,2026-09-30,,agente sesión 11
7501095451096,Farmacias YZA,50.50,,https://www.yza.mx/x/MXYZ_7501095451096.html,2026-09-30,Precio de ficha; la ficha aparece agotada por no haber sucursal elegida.,agente sesión 11
7501095451096,Farmacias Benavides,52.00,,https://www.benavides.com.mx/picot-sal-de-uvas-antiacido-polvo-efervescente-10-ud-sobres,2026-09-30,,agente sesión 11
7501086311057,Farmacias YZA,599.00,,https://www.yza.mx/x/MXYZ_7501086311057.html,2026-09-30,Precio de ficha; la ficha aparece agotada por no haber sucursal elegida.,agente sesión 11
7501086311057,Farmacias Benavides,683.00,,https://www.benavides.com.mx/ferricol-500-mcg-30-mg-acido-folico-hierro-30-ud-tabletas,2026-09-30,,agente sesión 11
7501058715494,Farmacias del Ahorro,170.00,,https://www.fahorro.com/graneodin-f-sabor-miel-limon-caja-16-pastillas.html,2026-09-30,,agente sesión 11
7501058715494,Farmacias YZA,189.00,,https://www.yza.mx/miel-limon-8.75mg-/MXYZ_7501058715494.html,2026-09-30,Precio de ficha; aparece agotado por no haber sucursal elegida,agente sesión 11
7501058715494,Farmacias Benavides,199.00,,https://www.benavides.com.mx/graneodin-f-87-mg-flurbiprofeno-sabor-miel-limon-16-ud-pastilla,2026-09-30,,agente sesión 11
7501070613440,Farmacias del Ahorro,293.00,,https://www.fahorro.com/amoxil-500-mg-oral-12-capsulas.html,2026-09-30,,agente sesión 11
7501070613440,Farmacias YZA,293.50,,https://www.yza.mx/amoxil-500mg-12-caps/MXYZ_7501070613440.html,2026-09-30,Precio de ficha; aparece agotado por no haber sucursal elegida,agente sesión 11
7501070613440,Farmacias Benavides,348.00,,https://www.benavides.com.mx/amoxil-500-mg-amoxicilina-12-ud-capsulas,2026-09-30,,agente sesión 11
7501008485408,Chedraui,54.00,,https://www.chedraui.com.mx/tabcin-efervescente-paragipes-fuertes-12-tabletas-500mg-3039373/p,2026-09-30,,agente sesión 11
7501008485408,Farmacias del Ahorro,54.00,,https://www.fahorro.com/tabcin-500-acido-acetilsalicilico-500-mg-alivio-de-los-molestos-sintomas-de-la-gripe-y-la-congestion-12-tabletas.html,2026-09-30,,agente sesión 11
7501008485408,Farmacias YZA,58.00,,https://www.yza.mx/tabcin-efervescente-500mg-12-tabs/MXYZ_7501008485408.html,2026-09-30,Precio de ficha; aparece agotado por no haber sucursal elegida,agente sesión 11
7501008485408,Farmacias Benavides,59.00,,https://www.benavides.com.mx/tabcin-500-mg8-mg2-mg-acido-acetilsalicilico-fenilefrina-clorfenamina-efervescente-12-ud-tabletas,2026-09-30,,agente sesión 11
7501050623766,Farmacias del Ahorro,146.00,,https://www.fahorro.com/afrin-no-drip-cse-alivio-rapido-de-la-congestion-nasal-severa-con-mentol-actua-durante-12-horas-15-ml.html,2026-09-30,,agente sesión 11
7501050623766,Farmacias YZA,146.50,,https://www.yza.mx/afrin-no-drip-15ml-/MXYZ_7501050623766.html,2026-09-30,Precio de ficha; aparece agotado por no haber sucursal elegida,agente sesión 11
7501050623766,Farmacias Benavides,149.00,,https://www.benavides.com.mx/afrin-no-drip-cse-050-mgml-oximetazolina-spray-nasal-15-ml,2026-09-30,,agente sesión 11
7501314701926,Farmacias del Ahorro,775.00,,https://www.fahorro.com/adel-500-mg-oral-con-10-tabletas.html,2026-09-30,,agente sesión 11
7501314701926,Farmacias Benavides,849.00,,https://www.benavides.com.mx/adel-500-mg-claritromicina-10-ud-tabletas,2026-09-30,,agente sesión 11
7501314703685,Farmacias YZA,406.00,,https://www.yza.mx/jarsix-solucion-100mg5mg-60ml/MXYZ_7501314703685.html,2026-09-30,Precio de ficha; aparece agotado por no haber sucursal elegida,agente sesión 11
7501314703685,Farmacias Benavides,472.00,,https://www.benavides.com.mx/jarsix-100-mg-loratadina5-mg-betametasona100-ml-solucion-60-ml,2026-09-30,,agente sesión 11
7501590211232,Chedraui,140.00,,https://www.chedraui.com.mx/tabletas-postinor-15mg-unidosis-caja-con-1-tableta-3037651/p,2026-09-30,,agente sesión 11
7501590211232,Farmacias YZA,148.00,,https://www.yza.mx/postinor-2-1.5mg-1-tab/MXYZ_7501590211232.html,2026-09-30,Precio de ficha; aparece agotado por no haber sucursal elegida,agente sesión 11
7501089810021,Farmacias YZA,102.60,,https://www.yza.mx/herklin-anti-piojos-y-liendres-shampoo-60ml/MXYZ_7501089810021.html,2026-09-30,Precio de ficha; aparece agotado por no haber sucursal elegida,agente sesión 11
7501089810021,Farmacias Benavides,112.50,125.00,https://www.benavides.com.mx/herklin-shampoo-clasico-matar-y-eliminar-piojos-y-liendres-60-ml,2026-09-30,Precio con descuento de la tienda en línea,agente sesión 11
7501070635756,Farmacias Benavides,495.00,551.00,https://www.benavides.com.mx/stadium-dexketoprofeno-10-ud-tabletas,2026-09-30,Precio con descuento de la tienda en línea,agente sesión 11
7501070635756,Farmacias YZA,551.00,,https://www.yza.mx/stadium-25mg-10-tabs/MXYZ_7501070635756.html,2026-09-30,Precio de ficha; aparece agotado por no haber sucursal elegida,agente sesión 11
7501008497593,Farmacias YZA,49.00,,https://www.yza.mx/alka-seltzer-boost-10-tabs/MXYZ_7501008497593.html,2026-09-30,Precio de ficha; aparece agotado por no haber sucursal elegida,agente sesión 11
7501008497593,Chedraui,52.06,68.50,https://www.chedraui.com.mx/alka-seltzer-boost-caja-con-10-tabletas-efervescentes-3212817/p,2026-09-30,Existencia 99999 en el catálogo; precio acorde con el resto,agente sesión 11
7501008497593,Farmacias Benavides,59.00,,https://www.benavides.com.mx/alka-seltzer-boost-acido-acetilsalicilico-cafeina-10-ud-tabletas,2026-09-30,,agente sesión 11
7501089808936,Chedraui,658.00,,https://www.chedraui.com.mx/solucion-adimod-de-400mg--7ml-con-10-frascos-3022240/p,2026-09-30,,agente sesión 11
7501089808936,Farmacias YZA,662.50,,https://www.yza.mx/adimod-solucion-400mg7ml-10-frcs/MXYZ_7501089808936.html,2026-09-30,Precio de ficha; aparece agotado por no haber sucursal elegida,agente sesión 11
7501089808936,Farmacias Benavides,738.00,,https://www.benavides.com.mx/adimod-400-mg7ml-pidotimod-10-frascos,2026-09-30,,agente sesión 11
7501070600556,Farmacias YZA,155.50,,https://www.yza.mx/syncol-500mg25mg15mg-24-comp/MXYZ_7501070600556.html,2026-09-30,Precio de ficha; aparece agotado por no haber sucursal elegida,agente sesión 11
7501070600556,Chedraui,177.00,,https://www.chedraui.com.mx/comprimidos-syncol-caja-con-24-comprimidos-3039357/p,2026-09-30,,agente sesión 11
7501070600556,Farmacias Benavides,195.00,,https://www.benavides.com.mx/syncol-pamabron-paracetamol-pirilamina-colicos-menstruales-24-ud-comprimidos,2026-09-30,,agente sesión 11
7501298205038,Farmacias Benavides,999.00,1277.00,https://www.benavides.com.mx/concor-5-mg-bisoprolol-30-tabletas,2026-09-30,Precio con descuento de la tienda en línea,agente sesión 11
7501298205038,Chedraui,1050.00,,https://www.chedraui.com.mx/tabletas-concor-50mg-caja-con-30-tabletas-3027208/p,2026-09-30,,agente sesión 11
7501298205038,Farmacias YZA,1184.50,,https://www.yza.mx/concor-5mg-30-tabletas/MXYZ_7501298205038.html,2026-09-30,Precio de ficha; aparece agotado por no haber sucursal elegida,agente sesión 11
7501314701889,Farmacias YZA,650.00,,https://www.yza.mx/ciproflox-dm-1g-7-tabs/MXYZ_7501314701889.html,2026-09-30,Precio de ficha; aparece agotado por no haber sucursal elegida,agente sesión 11
7501314701889,Farmacias Benavides,785.00,,https://www.benavides.com.mx/ciproflox-dm-1-g-ciprofloxacino-7-ud-tabletas,2026-09-30,,agente sesión 11
7509546000985,Farmacias YZA,34.50,,https://www.yza.mx/colgate-triple-accion-crema-dental-75ml/MXYZ_7509546000985.html,2026-09-30,Precio de ficha; aparece agotado por no haber sucursal elegida,agente sesión 11
7501314705542,Farmacias YZA,654.00,,https://www.yza.mx/afumix-37.5mg500mg-4-tabs/MXYZ_7501314705542.html,2026-09-30,Precio de ficha; aparece agotado por no haber sucursal elegida,agente sesión 11
7501314705542,Chedraui,696.00,,https://www.chedraui.com.mx/tabletas-afumix-caja-con-4-tabletas-3022347/p,2026-09-30,,agente sesión 11
7501314705542,Farmacias Benavides,768.00,,https://www.benavides.com.mx/afumix-375-mg-fluconazol500-mg-tinidazol-4-tabletas,2026-09-30,,agente sesión 11
7501314704187,Farmacias YZA,80.50,,https://www.yza.mx/senosiain-supositorios-bebe-10-sups/MXYZ_7501314704187.html,2026-09-30,Precio de ficha; aparece agotado por no haber sucursal elegida,agente sesión 11
7501314704187,Chedraui,81.00,,https://www.chedraui.com.mx/supositorios-senosiain-bebe-caja-con-10-supositorios-3039312/p,2026-09-30,,agente sesión 11
7501314704187,Farmacias Benavides,82.00,,https://www.benavides.com.mx/senosiain-glicerol-laxante-para-bebe-10-ud-supositorio,2026-09-30,,agente sesión 11
4015630082988,Farmacias Benavides,679.00,,https://www.benavides.com.mx/accu-chek-active-sistema-de-monitorizacion-de-glucemia-1-ud,2026-09-30,,agente sesión 11
7501385420061,Farmacias Benavides,302.00,390.00,https://www.benavides.com.mx/danzen-serratio-peptidasa-30-ud-tabletas,2026-09-30,Precio con descuento de la tienda en línea,agente sesión 11
7501385420061,Farmacias YZA,381.50,,https://www.yza.mx/danzen-5mg---alivio-del-dolor-y-la-inflamacion/MXYZ_7501385420061.html,2026-09-30,Precio de ficha; aparece agotado por no haber sucursal elegida,agente sesión 11
7501385420061,Chedraui,390.00,,https://www.chedraui.com.mx/tabletas-con-capa-enterica-danzen-5mg-caja-con-30-tabletas-3027743/p,2026-09-30,,agente sesión 11
7501086310418,Chedraui,297.00,,https://www.chedraui.com.mx/dalvear-adulto-300-mg--160-mg-jarabe-sabor-miel-y-lima-limon-200-ml-dropropizina-y-bromhexina-3027731/p,2026-09-30,,agente sesión 11
7501086310418,Farmacias YZA,302.00,,https://www.yza.mx/dalvear-adulto-300-mg-160-mg---jarabe-sabor-miel-y-lima-limon-200-ml-dropropizina-y-bromhexina/MXYZ_7501086310418.html,2026-09-30,Precio de ficha; aparece agotado por no haber sucursal elegida,agente sesión 11
7501086310418,Farmacias Benavides,373.00,,https://www.benavides.com.mx/dalvear-300-mg-dropropizina160-mg-bromhexina100-ml-jarabe-sabor-miel-lima-limon-200-ml,2026-09-30,,agente sesión 11
7501080111455,Chedraui,276.00,,https://www.chedraui.com.mx/tinte-para-caballero-just-for-men-barba-y-bigote-negro-28g-3088590/p,2026-09-30,,agente sesión 11
7501080111455,Farmacias YZA,283.00,,https://www.yza.mx/just-for-men-tinte-barbabigote-negro-gel-1-pza/MXYZ_7501080111455.html,2026-09-30,Precio de ficha; aparece agotado por no haber sucursal elegida,agente sesión 11
7501080111455,Farmacias Benavides,309.00,,https://www.benavides.com.mx/just-for-men-tinte-negro-gel-28-4-gr-1-ud,2026-09-30,,agente sesión 11
7501385410055,Chedraui,498.00,,https://www.chedraui.com.mx/solucion-inyectable-hemosin-k-10mg10mg-3-ampulas-de-2ml-y-3-ampolletas-de-2ml-3031818/p,2026-09-30,,agente sesión 11
7501385410055,Farmacias YZA,503.00,,https://www.yza.mx/hemosin-k-im-frasco-ampula-5ml/MXYZ_7501385410055.html,2026-09-30,"Precio de ficha; aparece agotado por no haber sucursal elegida; ficha titulada «Frasco Ampula 5 ml», mismo GTIN",agente sesión 11
7501385410055,Farmacias Benavides,569.00,,https://www.benavides.com.mx/hemosin-k-10-mg-2-ml-carbazocromo-fitomenadiona-3-ud-frasco-ampula,2026-09-30,,agente sesión 11
7501035908116,Chedraui,41.65,59.50,https://www.chedraui.com.mx/talco-para-bebe-baby-magic-mennen-azul-100g-3079104/p,2026-09-30,"EAN registrado como GTIN-14 (1+750103590811…), misma base del GTIN",agente sesión 11
7501035908116,Farmacias Benavides,56.00,,https://www.benavides.com.mx/mennen-talco-hipoalergenico-para-bebe-100-g,2026-09-30,,agente sesión 11
7501035908116,Farmacias YZA,56.62,,https://www.yza.mx/talco-mennen-baby-magic-nino-100-g/MXYZ_7501035908116.html,2026-09-30,Precio de ficha; aparece agotado por no haber sucursal elegida,agente sesión 11
7506442706096,Farmacias YZA,760.00,,https://www.yza.mx/x/MXYZ_7506442706096.html,2026-09-30,Precio de ficha; figura agotado por no haber sucursal elegida,agente sesión 12
7506306215764,Chedraui,162.00,,https://www.chedraui.com.mx/crema-facial-ponds-clarant-b3-con-proteccion-solar-200g-3603787/p,2026-09-30,,agente sesión 12
7501125104343,Farmacias del Ahorro,25.00,,https://www.fahorro.com/electrolit-dx-5-sabor-manzana-625-ml.html,2026-09-30,,agente sesión 12
7501125104343,Farmacias Benavides,26.00,,https://www.benavides.com.mx/electrolit-suero-rehidratante-manzana-625-ml-1-ud,2026-09-30,,agente sesión 12
7501125104343,Chedraui,26.50,,https://www.chedraui.com.mx/suero-rehidratante-oral-electrolit-sabor-manzana-625ml-3091057/p,2026-09-30,,agente sesión 12
7501125104343,Farmacias YZA,27.00,,https://www.yza.mx/x/MXYZ_7501125104343.html,2026-09-30,Precio de ficha; figura agotado por no haber sucursal elegida,agente sesión 12
7501058368126,Farmacias YZA,103.50,,https://www.yza.mx/x/MXYZ_7501058368126.html,2026-09-30,Precio de ficha; figura agotado por no haber sucursal elegida,agente sesión 12
7501058368126,Farmacias Benavides,109.00,,https://www.benavides.com.mx/sico-condones-sensitive-delgado-3-ud,2026-09-30,,agente sesión 12
7501058368126,Farmacias del Ahorro,109.00,,https://www.fahorro.com/sico-sensitive-condones-delgados-de-hule-latex-natural-cartera-con-3-piezas.html,2026-09-30,,agente sesión 12
7501098611329,Chedraui,928.00,,https://www.chedraui.com.mx/tabletas-nexium-40mg-caja-con-14-tabletas-3035763/p,2026-09-30,,agente sesión 12
7501098611329,Farmacias YZA,1001.50,,https://www.yza.mx/x/MXYZ_7501098611329.html,2026-09-30,Precio de ficha; figura agotado por no haber sucursal elegida,agente sesión 12
7501098611329,Farmacias Benavides,1028.00,,https://www.benavides.com.mx/nexium-mups-40-mg-esomeprazol-14-tabletas,2026-09-30,,agente sesión 12
7501098611329,Farmacias del Ahorro,1054.00,,https://www.fahorro.com/nexium-mups-40-mg-oral-14-tabs.html,2026-09-30,,agente sesión 12
7501043162074,Farmacias del Ahorro,401.25,535.00,https://www.fahorro.com/enjuague-bucal-perioxidin-colutorio-200-ml-solucion.html,2026-09-30,,agente sesión 12
7501043162074,Farmacias YZA,453.50,,https://www.yza.mx/x/MXYZ_7501043162074.html,2026-09-30,Precio de ficha; figura agotado por no haber sucursal elegida,agente sesión 12
7501043162074,Farmacias Benavides,457.00,,https://www.benavides.com.mx/perioxidin-lacer-enjuague-bucal-libre-de-alcohol-con-clorhexidina-0-12-200-ml,2026-09-30,,agente sesión 12
7501008499023,Farmacias YZA,139.00,,https://www.yza.mx/x/MXYZ_7501008499023.html,2026-09-30,Precio de ficha; figura agotado por no haber sucursal elegida,agente sesión 12
7501008499023,Chedraui,142.11,204.00,https://www.chedraui.com.mx/redoxon-aox-vitamina-c-10-tabletas-efervecentes-sin-azucar-3665607/p,2026-09-30,,agente sesión 12
7501008499023,Farmacias del Ahorro,164.00,,https://www.fahorro.com/redoxon-aox-10-tabletas-efervescentes.html,2026-09-30,,agente sesión 12
7501008499023,Farmacias Benavides,169.00,,https://www.benavides.com.mx/redoxon-aox-1000-mg-acido-ascorbico10-mcg-colecalciferol10-mg-zinc-sin-azucar-10-tabletas,2026-09-30,,agente sesión 12
7502221012303,Chedraui,25.00,,https://www.chedraui.com.mx/toallitas-desmaquillantes-claris-40-piezas-3770408/p,2026-09-30,,agente sesión 12
7501125174797,Chedraui,25.00,,https://www.chedraui.com.mx/suero-rehidratante-oral-electrolit-sabor-mora-azul-625ml-3491681/p,2026-09-30,,agente sesión 12
7501125174797,Farmacias del Ahorro,25.00,,https://www.fahorro.com/electrolit-sabor-mora-azul-625-ml.html,2026-09-30,,agente sesión 12
7501125174797,Farmacias Benavides,26.00,,https://www.benavides.com.mx/electrolit-suero-rehidratante-mora-azul-625-ml-1-ud,2026-09-30,,agente sesión 12
7501125174797,Farmacias YZA,27.00,,https://www.yza.mx/x/MXYZ_7501125174797.html,2026-09-30,Precio de ficha; figura agotado por no haber sucursal elegida,agente sesión 12
013117019971,Farmacias del Ahorro,196.20,327.00,https://www.fahorro.com/pa-al-bbtips-sensitive-talla-6-xg-grande-40-pa-ales.html,2026-09-30,,agente sesión 12
013117019971,Chedraui,229.00,235.00,https://www.chedraui.com.mx/panales-bbtips-sensitive-talla-6-40-panales-3003442/p,2026-09-30,,agente sesión 12
013117019971,Farmacias YZA,230.00,,https://www.yza.mx/x/MXYZ_13117019971.html,2026-09-30,Precio de ficha; figura agotado por no haber sucursal elegida,agente sesión 12
013117019971,Farmacias Benavides,326.00,,https://www.benavides.com.mx/bbtips-sensitive-panales-extra-soft-etapa-6-40-uds,2026-09-30,,agente sesión 12
5033439034211,Farmacias YZA,589.00,,https://www.yza.mx/x/MXYZ_5033439034211.html,2026-09-30,Precio de ficha; figura agotado por no haber sucursal elegida,agente sesión 12
5033439034211,Chedraui,601.00,,https://www.chedraui.com.mx/suspension-para-inhalacion-avamys-2a-caja-con-atomizador-nasal-de-120-disparos-3226406/p,2026-09-30,,agente sesión 12
5033439034211,Farmacias Benavides,606.00,,https://www.benavides.com.mx/avamys-2a-275-mcg50-mcl-furoato-de-fluticasona-120-dosis,2026-09-30,,agente sesión 12
5033439034211,Farmacias del Ahorro,619.00,,https://www.fahorro.com/avamys-2a-suspension-nasal-120-dosis.html,2026-09-30,,agente sesión 12
7501165011649,Farmacias YZA,235.50,,https://www.yza.mx/x/MXYZ_7501165011649.html,2026-09-30,Precio de ficha; figura agotado por no haber sucursal elegida,agente sesión 12
7501165011649,Farmacias del Ahorro,244.00,,https://www.fahorro.com/buscapina-dolor-de-panza-24-tabs.html,2026-09-30,,agente sesión 12
7501165011649,Farmacias Benavides,249.00,,https://www.benavides.com.mx/buscapina-10-mg-hioscina-24-tabletas,2026-09-30,,agente sesión 12
7501318608788,Chedraui,2123.00,,https://www.chedraui.com.mx/comprimidos-xarelto-20mg-caja-con-28-comprimidos-3226429/p,2026-09-30,Existencia 10,agente sesión 12
7501318608788,Farmacias Benavides,2873.00,,https://www.benavides.com.mx/xarelto-20-mg-rivaroxaban-28-comprimidos,2026-09-30,,agente sesión 12
7501318608788,Farmacias del Ahorro,2935.00,,https://www.fahorro.com/xarelto-20-mg-oral-28-comprimidos.html,2026-09-30,,agente sesión 12
7501318608788,Farmacias YZA,2990.00,,https://www.yza.mx/x/MXYZ_7501318608788.html,2026-09-30,Precio de ficha; figura agotado por no haber sucursal elegida,agente sesión 12
383017678531,Farmacias YZA,154.00,,https://www.yza.mx/x/MXYZ_383017678531.html,2026-09-30,Precio de ficha; figura agotado por no haber sucursal elegida,agente sesión 12
383017678531,Farmacias Benavides,169.00,,https://www.benavides.com.mx/bd-ultra-fine-jeringa-para-insulina-u-100-0-3-ml-31g-x-6-mm-30-uds,2026-09-30,,agente sesión 12
383017678531,Farmacias del Ahorro,171.00,,https://www.fahorro.com/ultra-finetm-jeringa-6mm-31g-0-3ml-30-piezas.html,2026-09-30,,agente sesión 12
7501065004000,Farmacias YZA,422.00,,https://www.yza.mx/x/MXYZ_7501065004000.html,2026-09-30,Precio de ficha; figura agotado por no haber sucursal elegida,agente sesión 12
7501065004000,Farmacias del Ahorro,461.00,,https://www.fahorro.com/centrum-multivitaminico-gender-50-mujeres-frasco-con-60-tabs.html,2026-09-30,,agente sesión 12
7501065004000,Farmacias Benavides,465.00,,https://www.benavides.com.mx/centrum-gender-50-multivitaminico-para-mujeres-mayores-de-50-anos-60-tabletas,2026-09-30,,agente sesión 12
7503006698316,Farmacias YZA,250.50,,https://www.yza.mx/x/MXYZ_7503006698316.html,2026-09-30,Precio de ficha; figura agotado por no haber sucursal elegida,agente sesión 12
7503006698316,Chedraui,299.00,,https://www.chedraui.com.mx/solucion-microdacyn-antiseptico-120ml-3261789/p,2026-09-30,,agente sesión 12
7503006698316,Farmacias del Ahorro,299.00,325.00,https://www.fahorro.com/microdacyn-solucion-120-ml.html,2026-09-30,,agente sesión 12
7503006698316,Farmacias Benavides,329.00,,https://www.benavides.com.mx/microdacyn-solucion-antiseptica-para-todo-tipo-de-heridas-120-ml,2026-09-30,,agente sesión 12
7501124184797,Chedraui,1474.00,,https://www.chedraui.com.mx/tegoprazan-ki-cab-30-tab-50-mg-3796689/p,2026-09-30,,agente sesión 12
7501124184797,Farmacias Benavides,1593.00,,https://www.benavides.com.mx/ki-cab-50-mg-tegoprazan-30-tabletas,2026-09-30,,agente sesión 12
7501124184797,Farmacias del Ahorro,1652.00,,https://www.fahorro.com/ki-cab-50-mg-30-tabs.html,2026-09-30,,agente sesión 12
7501124184797,Farmacias YZA,1694.00,,https://www.yza.mx/x/MXYZ_7501124184797.html,2026-09-30,Precio de ficha; figura agotado por no haber sucursal elegida,agente sesión 12
7896116838995,Farmacias Benavides,606.00,,https://www.benavides.com.mx/diane-2-00-mg-ciproterona-0-035-mg-etinilestradiol-21-tabletas,2026-09-30,,agente sesión 12
7896116838995,Farmacias del Ahorro,619.00,,https://www.fahorro.com/diane-2-0-035-mg-21-tabs.html,2026-09-30,,agente sesión 12
7896116838995,Farmacias YZA,743.00,,https://www.yza.mx/x/MXYZ_7896116838995.html,2026-09-30,Precio de ficha; figura agotado por no haber sucursal elegida,agente sesión 12
7501065060891,Farmacias del Ahorro,40.50,,https://www.fahorro.com/contac-ultra-antigripal-12-tabletas.html,2026-09-30,,agente sesión 12
7501065060891,Farmacias YZA,41.00,,https://www.yza.mx/x/MXYZ_7501065060891.html,2026-09-30,Precio de ficha; figura agotado por no haber sucursal elegida,agente sesión 12
7501065060891,Farmacias Benavides,45.00,,https://www.benavides.com.mx/contac-ultra-500-mg5-mg2-mg-paracetamol-fenilefrina-clorfenamina-12-ud-tabletas,2026-09-30,,agente sesión 12
7501065060891,Chedraui,46.00,,https://www.chedraui.com.mx/tabletas-contac-ultra-antigripal-12-tabletas-3027248/p,2026-09-30,,agente sesión 12
7501070613044,Farmacias YZA,211.50,,https://www.yza.mx/x/MXYZ_7501070613044.html,2026-09-30,Precio de ficha; figura agotado por no haber sucursal elegida,agente sesión 12
7501070613044,Farmacias del Ahorro,235.00,,https://www.fahorro.com/andantol-jalea-25-g.html,2026-09-30,,agente sesión 12
7501070613044,Farmacias Benavides,255.00,,https://www.benavides.com.mx/andantol-isotipendilo-jalea-alivio-de-la-comezon-picadura-y-salpullido-25-g,2026-09-30,,agente sesión 12
7501070613044,Chedraui,274.00,,https://www.chedraui.com.mx/jalea-topica-andantol-tubo-con-25g-3023422/p,2026-09-30,,agente sesión 12
7896009400148,Farmacias YZA,142.50,,https://www.yza.mx/x/MXYZ_7896009400148.html,2026-09-30,Precio de ficha; figura agotado por no haber sucursal elegida,agente sesión 12
7896009400148,Farmacias Benavides,150.00,,https://www.benavides.com.mx/corega-ultra-crema-adhesiva-para-protesis-dentales-sabor-menta-40-g,2026-09-30,,agente sesión 12
7896009400148,Farmacias del Ahorro,151.00,,https://www.fahorro.com/ultra-corega-menta-crema-adhesiva-para-protesis-dentales-40-g.html,2026-09-30,,agente sesión 12
7896009400148,Chedraui,184.00,,https://www.chedraui.com.mx/ultra-corega-menta-crema-adhesiva-para-protesis-dentales-40g-3040230/p,2026-09-30,,agente sesión 12
7501007528427,Farmacias del Ahorro,111.20,139.00,https://www.fahorro.com/crema-corporal-lubriderm-reparacion-intensiva-400-ml.html,2026-09-30,,agente sesión 12
7501007528427,Farmacias YZA,136.50,,https://www.yza.mx/x/MXYZ_7501007528427.html,2026-09-30,Agotado en línea por no haber sucursal elegida; precio de ficha.,agente sesión 12
7501007528427,Chedraui,140.00,,https://www.chedraui.com.mx/crema-corporal-lubriderm-reparacion-intensiva-400ml-3087101/p,2026-09-30,EAN de ficha 750100752842 (sin dígito verificador),agente sesión 12
7501007528427,Farmacias Benavides,145.00,,https://www.benavides.com.mx/lubriderm-crema-corporal-reparacion-intensiva-400-ml,2026-09-30,,agente sesión 12
7502227426715,Farmacias YZA,85.00,,https://www.yza.mx/x/MXYZ_7502227426715.html,2026-09-30,Agotado en línea por no haber sucursal elegida; precio de ficha.,agente sesión 12
7509546072043,Chedraui,66.50,97.00,https://www.chedraui.com.mx/shampoo-mennen-fuerza-y-manejabilidad-700ml-3475910/p,2026-09-30,"Promoción: precio de lista $97. Precio notablemente menor al de YZA, revisar.",agente sesión 12
7509546072043,Farmacias YZA,90.30,,https://www.yza.mx/x/MXYZ_7509546072043.html,2026-09-30,Agotado en línea por no haber sucursal elegida; precio de ficha.,agente sesión 12
7501035908130,Farmacias YZA,100.12,,https://www.yza.mx/x/MXYZ_7501035908130.html,2026-09-30,Agotado en línea por no haber sucursal elegida; precio de ficha.,agente sesión 12
7501035908130,Farmacias Benavides,133.00,,https://www.benavides.com.mx/mennen-talco-hipoalergenico-para-bebe-200-g,2026-09-30,,agente sesión 12
7501035908130,Farmacias del Ahorro,134.00,,https://www.fahorro.com/mennen-talco-azul-200-gr.html,2026-09-30,,agente sesión 12
7501022112106,Farmacias YZA,66.50,,https://www.yza.mx/x/MXYZ_7501022112106.html,2026-09-30,Agotado en línea por no haber sucursal elegida; precio de ficha.,agente sesión 12
7501022112106,Chedraui,91.00,,https://www.chedraui.com.mx/pomada-excelsior-8g-3568476/p,2026-09-30,,agente sesión 12
7501022112106,Farmacias del Ahorro,91.00,,https://www.fahorro.com/excelsior-pomada-8-g.html,2026-09-30,,agente sesión 12
7501022112106,Farmacias Benavides,99.00,,https://www.benavides.com.mx/excelsior-04-g-acido-salicilico-unguento-8-g-tubo,2026-09-30,,agente sesión 12
7501050604000,Farmacias YZA,459.50,,https://www.yza.mx/x/MXYZ_7501050604000.html,2026-09-30,Agotado en línea por no haber sucursal elegida; precio de ficha.,agente sesión 12
7501050604000,Farmacias del Ahorro,541.00,,https://www.fahorro.com/quadriderm-nf-tubo-con-15-mg.html,2026-09-30,,agente sesión 12
7501050604000,Farmacias Benavides,608.00,,https://www.benavides.com.mx/quadriderm-nf-005-g-betametasona1-g-clotrimazol010-g-gentamicina-crema-15-g,2026-09-30,,agente sesión 12
7501836009661,HEB,79.00,,https://www.heb.com.mx/pharmalider-paracetamol-ibuprofeno-----200-325mg-tab-c-20-20-pz-614709/p,2026-09-30,En existencia; GTIN de la ficha coincide.,agente sesión 12
7501065044822,Farmacias YZA,190.50,,https://www.yza.mx/x/MXYZ_7501065044822.html,2026-09-30,"Agotado en línea por no haber sucursal elegida; precio de ficha. Listado como Senokot Forte 30 S, mismo GTIN.",agente sesión 12
7501065044822,Farmacias Benavides,239.00,,https://www.benavides.com.mx/senokot-f-172-mg-senosidos-a-b-30-tabletas,2026-09-30,,agente sesión 12
7501065044822,Farmacias del Ahorro,239.00,,https://www.fahorro.com/senokot-forte-auxiliar-para-el-estre-imiento-30-tabletas.html,2026-09-30,"Listado como Senokot Forte 30 tabletas, mismo GTIN.",agente sesión 12
7501089809957,Farmacias Benavides,1479.00,,https://www.benavides.com.mx/adimod-800-mg-pidotimod-20-tabletas,2026-09-30,,agente sesión 12
7501089809957,Farmacias del Ahorro,1512.00,,https://www.fahorro.com/adimod-800-mg-20-tabletas.html,2026-09-30,,agente sesión 12
7501089809957,Farmacias YZA,1692.50,,https://www.yza.mx/x/MXYZ_7501089809957.html,2026-09-30,Agotado en línea por no haber sucursal elegida; precio de ficha.,agente sesión 12
7506425607808,Chedraui,58.00,,https://www.chedraui.com.mx/toallitas-humedas-para-bebe-huggies-supreme-80-toallitas-3599606/p,2026-09-30,"GTIN de Chedraui 17506425607805 (mismo producto, una pieza de 80 toallitas).",agente sesión 12
7506425607808,Farmacias del Ahorro,79.00,,https://www.fahorro.com/huggies-supreme-toallitas-humedas-80-pz.html,2026-09-30,,agente sesión 12
7506425607808,Farmacias YZA,79.50,,https://www.yza.mx/x/MXYZ_7506425607808.html,2026-09-30,Agotado en línea por no haber sucursal elegida; precio de ficha.,agente sesión 12
7506425607808,Farmacias Benavides,80.00,,https://www.benavides.com.mx/huggies-supreme-toallitas-humedas-proteccion-delicada-80-uds,2026-09-30,,agente sesión 12
785118753962,HEB,213.00,,https://www.heb.com.mx/mavi-figral--100mg-10-tab-sildenafil-gen-10-pz-792557/p,2026-09-30,Agotado en línea al momento de la consulta; precio de ficha. GTIN 0785118753962 coincide.,agente sesión 12
7501125144851,Chedraui,25.00,,https://www.chedraui.com.mx/suero-rehidratante-oral-electrolit-sabor-uva-625ml-3347259/p,2026-09-30,,agente sesión 12
7501125144851,Farmacias del Ahorro,25.00,,https://www.fahorro.com/electrolit-sabor-uva-625-ml.html,2026-09-30,,agente sesión 12
7501125144851,Farmacias Benavides,26.00,,https://www.benavides.com.mx/electrolit-suero-rehidratante-uva-625-ml-1-ud,2026-09-30,,agente sesión 12
7501125144851,Farmacias YZA,27.00,,https://www.yza.mx/x/MXYZ_7501125144851.html,2026-09-30,Agotado en línea por no haber sucursal elegida; precio de ficha.,agente sesión 12
7501303457513,Farmacias Benavides,594.00,,https://www.benavides.com.mx/yasmin-24-4-3-mg-drospirenona-0-02-mg-etinilestradiol-28-comprimidos,2026-09-30,,agente sesión 12
7501303457513,Farmacias YZA,610.00,,https://www.yza.mx/x/MXYZ_7501303457513.html,2026-09-30,Agotado en línea por no haber sucursal elegida; precio de ficha.,agente sesión 12
7501303457513,Farmacias del Ahorro,611.00,,https://www.fahorro.com/yasmin-24-4-anticonceptivo-oral-3-mg-0-03-mg-con-28-grageas.html,2026-09-30,"La tienda lo titula 3 mg / 0.03 mg (probable error de captura), mismo GTIN.",agente sesión 12
7506460100111,Farmacias del Ahorro,141.00,,https://www.fahorro.com/condones-sin-latex-sico-piel-con-piel-3-pz.html,2026-09-30,,agente sesión 12
7506460100111,Farmacias Benavides,145.00,,https://www.benavides.com.mx/sico-piel-con-piel-condones-sin-latex-3-uds,2026-09-30,,agente sesión 12
7506460100111,Farmacias YZA,150.00,,https://www.yza.mx/x/MXYZ_7506460100111.html,2026-09-30,Agotado en línea por no haber sucursal elegida; precio de ficha.,agente sesión 12
7502009340161,Farmacias del Ahorro,119.00,,https://www.fahorro.com/penprocilina-800-000-u-ampolleta-solucion-inyectable.html,2026-09-30,"Listado como ampolleta solución inyectable, mismo GTIN.",agente sesión 12
7502009340161,Farmacias Benavides,140.00,,https://www.benavides.com.mx/penprocilina-800-000-ui-bencilpenicilina-2-ml-frasco-ampula,2026-09-30,,agente sesión 12
7501846501100,Farmacias del Ahorro,46.50,,https://www.fahorro.com/xiomara-profesional-wax-shine.html,2026-09-30,,agente sesión 12
7506425603404,Chedraui,36.00,,https://www.chedraui.com.mx/escudo-antibacterial-toallitas-humedas-antibacteriales-50-piezas-3658481/p,2026-09-30,Precio de $36 notablemente menor a los demás (existencia 99999); revisar.,agente sesión 12
7506425603404,Farmacias del Ahorro,46.50,,https://www.fahorro.com/toallas-humedas-antibacterial-escudo-50-pz.html,2026-09-30,,agente sesión 12
7506425603404,Farmacias YZA,48.00,,https://www.yza.mx/x/MXYZ_7506425603404.html,2026-09-30,Agotado en línea por no haber sucursal elegida; precio de ficha.,agente sesión 12
7506425603404,Farmacias Benavides,52.00,,https://www.benavides.com.mx/escudo-toallitas-humedas-antibacteriales-50-ud,2026-09-30,,agente sesión 12
7501088504365,Farmacias YZA,1150.50,,https://www.yza.mx/x/MXYZ_7501088504365.html,2026-09-30,Agotado en línea por no haber sucursal elegida; precio de ficha.,agente sesión 12
7501088504365,Farmacias del Ahorro,1181.00,,https://www.fahorro.com/meteospasmyl-60-mg-300mg-oral-40-caps.html,2026-09-30,,agente sesión 12
7501088504365,Farmacias Benavides,1260.00,,https://www.benavides.com.mx/meteospasmyl-60-mg-alverina300-mg-simeticona-40-capsulas,2026-09-30,,agente sesión 12
7791293025797,Farmacias YZA,79.50,,https://www.yza.mx/x/MXYZ_7791293025797.html,2026-09-30,Agotado en línea por no haber sucursal elegida; precio de ficha. Ficha: aerosol 97 g (equivale a 150 ml).,agente sesión 12
7791293025797,Chedraui,85.00,,https://www.chedraui.com.mx/desodorante-corporal-en-aerosol-axe-dark-temptation-150ml-3332352/p,2026-09-30,Ficha: desodorante corporal en aerosol 150 ml.,agente sesión 12
7791293025797,Farmacias Benavides,102.00,,https://www.benavides.com.mx/axe-dark-temptation-chocolate-desodorante-bodyspray-48h-150-ml,2026-09-30,Ficha: Axe Dark Temptation 96 g aerosol (150 ml).,agente sesión 12
036000456103,Chedraui,174.00,,https://www.chedraui.com.mx/calzones-desechables-para-dormir-goodnites-talla-grande-11-calzones-3392408/p,2026-09-30,Existencia 10.,agente sesión 12
036000456103,Farmacias Benavides,189.00,,https://www.benavides.com.mx/goodnites-ropa-interior-unisex-desechable-talla-lxl-11-uds,2026-09-30,"GTIN de Benavides 7506425669158 (distinto al del lote, misma presentación: talla G-XG, 11 piezas).",agente sesión 12
7501065008336,Farmacias Benavides,269.00,,https://www.benavides.com.mx/proctoglyvenol-5-tribenosido2-clorhidrato-de-lidocaina-crema-30-g,2026-09-30,,agente sesión 12
17502224240656,Ambiderm (sitio oficial),264.00,,https://shop.ambiderm.com.mx/products/esteril,2026-09-30,"Tienda oficial de la marca (venta a distribuidor, «compra sugerida en múltiplos de 13»); talla mediana, caja de 100 piezas; no se confirma que el precio incluya IVA ni el GTIN (SKU interno 100000013).",agente sesión 12
7509546053875,Chedraui,65.00,67.00,https://www.chedraui.com.mx/pasta-dental-blanqueadora-colgate-luminous-white-brilliant-125ml-3200441/p,2026-09-30,,agente sesión 12
7509546053875,Farmacias YZA,161.00,,https://www.yza.mx/x/MXYZ_7509546053875.html,2026-09-30,Agotado en línea por no haber sucursal elegida; precio de ficha. Precio muy superior al de Chedraui; sin segunda fuente para confirmar.,agente sesión 12
7501056360429,Chedraui,88.00,88.50,https://www.chedraui.com.mx/talco-desodorante-para-pies-rexona-efficient-original-200g-3065091/p,2026-09-30,GTIN-14 17501056360426 (misma base); existencia 99999 pero precio cercano al resto,agente sesión 12
7501056360429,Farmacias Benavides,106.00,,https://www.benavides.com.mx/rexona-efficient-original-talco-desodorante-para-pies-200-g-bote,2026-09-30,,agente sesión 12
7501122963707,Farmacias del Ahorro,392.56,560.80,https://www.fahorro.com/espacil-compuesto-125-mg-10-mg-oral-20-caps.html,2026-09-30,,agente sesión 12
7501122963707,Farmacias YZA,417.00,,https://www.yza.mx/espacil-compuesto-125mg10mg-20-caps/MXYZ_7501122963707.html,2026-09-30,Precio de ficha; aparece agotado por no haber sucursal elegida,agente sesión 12
7501122963707,Farmacias Benavides,470.00,,https://www.benavides.com.mx/espacil-compuesto-butilhioscina-clonixinato-de-lisina-20-ud-capsulas,2026-09-30,"Butilhioscina 10 mg + clonixinato de lisina 125 mg, 20 cápsulas",agente sesión 12
7506306257597,Farmacias del Ahorro,50.50,,https://www.fahorro.com/rexona-efficient-talco-para-pies-100.html,2026-09-30,,agente sesión 12
7506306249356,Farmacias del Ahorro,74.00,,https://www.fahorro.com/vaseline-petrolato-puro-original-42gr.html,2026-09-30,,agente sesión 12
7501943488663,Farmacias del Ahorro,373.00,,https://www.fahorro.com/pa-al-huggies-all-around-etapa-5-unisex-40-pz.html,2026-09-30,,agente sesión 12
7501943488663,Farmacias YZA,391.50,,https://www.yza.mx/huggies-all-around-et-5-40-pzas/MXYZ_7501943488663.html,2026-09-30,Precio de ficha; aparece agotado por no haber sucursal elegida,agente sesión 12
7501088508929,Farmacias YZA,167.00,,https://www.yza.mx/anara-5mg-20-tabs/MXYZ_7501088508929.html,2026-09-30,Precio de ficha; aparece agotado por no haber sucursal elegida,agente sesión 12
7501088508929,Farmacias del Ahorro,168.00,,https://www.fahorro.com/anara-laxante-5-mg-oral-20-tabletas.html,2026-09-30,,agente sesión 12
7501088579615,Farmacias YZA,175.00,,https://www.yza.mx/topron-400mg-16-caps-/MXYZ_7501088579615.html,2026-09-30,Precio de ficha; aparece agotado por no haber sucursal elegida,agente sesión 12
7501088579615,Farmacias del Ahorro,182.00,,https://www.fahorro.com/topron-400-mg-oral-16-capsulas.html,2026-09-30,,agente sesión 12
7501314704965,Farmacias del Ahorro,467.00,,https://www.fahorro.com/lactulax-10-g-15-ml-jarabe-250-ml.html,2026-09-30,,agente sesión 12
7501314704965,Farmacias Benavides,527.00,,https://www.benavides.com.mx/lactulax-10-g15ml-lactulosa-jarabe-250-ml-frasco,2026-09-30,,agente sesión 12
7501035908123,Chedraui,43.75,62.50,https://www.chedraui.com.mx/talco-para-bebe-baby-magic-mennen-rosa-100g-3079103/p,2026-09-30,EAN exacto; oferta vigente con existencia 99999 (todos los Mennen con ~30-50% de descuento),agente sesión 12
7501035908123,Farmacias YZA,56.62,,https://www.yza.mx/talco-mennen-baby-magic-nina-100-g/MXYZ_7501035908123.html,2026-09-30,Precio de ficha; aparece agotado por no haber sucursal elegida,agente sesión 12
7501314705153,Farmacias YZA,513.50,,https://www.yza.mx/isox-15d-100mg-15-caps/MXYZ_7501314705153.html,2026-09-30,Precio de ficha; aparece agotado por no haber sucursal elegida,agente sesión 12
7501314705153,Farmacias del Ahorro,670.00,,https://www.fahorro.com/isox-15d-100-mg-oral-15-capsulas.html,2026-09-30,,agente sesión 12
7509546000343,Farmacias YZA,50.00,,https://www.yza.mx/colgate-triple-accion-crema-denta-100ml/MXYZ_7509546000343.html,2026-09-30,Precio de ficha; aparece agotado por no haber sucursal elegida,agente sesión 12
7509546000343,Farmacias del Ahorro,69.00,,https://www.fahorro.com/crema-dental-colgate-triple-accion-100-ml.html,2026-09-30,,agente sesión 12
7501314704934,Farmacias del Ahorro,616.00,,https://www.fahorro.com/spasmopriv-200-mg-oral-24-caps.html,2026-09-30,,agente sesión 12
7501314704934,Farmacias YZA,632.00,,https://www.yza.mx/spasmopriv-200mg-24-caps/MXYZ_7501314704934.html,2026-09-30,Precio de ficha; aparece agotado por no haber sucursal elegida,agente sesión 12
7501065054029,Farmacias del Ahorro,111.00,,https://www.fahorro.com/tums-antiacido-tabletas-masticables-extra-surtido-48-unidades.html,2026-09-30,,agente sesión 12
7501065054029,Farmacias YZA,111.50,,https://www.yza.mx/tums-extra-surtido-48-tabs/MXYZ_7501065054029.html,2026-09-30,Precio de ficha; aparece agotado por no haber sucursal elegida,agente sesión 12
7501070903749,Farmacias YZA,735.00,,https://www.yza.mx/despamen-lbd-jeringa-pr-50mg2.5mg-0.5ml/MXYZ_7501070903749.html,2026-09-30,Precio de ficha; aparece agotado por no haber sucursal elegida,agente sesión 12
7501070903749,Farmacias del Ahorro,946.00,,https://www.fahorro.com/despamen-lbd-50-mg-2-5-mg-0-5-ml-jeringa.html,2026-09-30,,agente sesión 12
7501065001337,Farmacias YZA,179.00,,https://www.yza.mx/caltrate-600d-30-tabs/MXYZ_7501065001337.html,2026-09-30,Precio de ficha; aparece agotado por no haber sucursal elegida,agente sesión 12
7501065001337,Farmacias del Ahorro,181.00,,https://www.fahorro.com/caltrate-suplemento-de-calcio600-d-600-mg-400-ui-30tabletas.html,2026-09-30,,agente sesión 12
7501094917012,Farmacias del Ahorro,1453.00,,https://www.fahorro.com/galvus-met-50-850-mg-oral-adulto-60-comprimidos.html,2026-09-30,,agente sesión 12
7501094917012,Farmacias YZA,1607.00,,https://www.yza.mx/galvus-met-50mg850mg-60-comp/MXYZ_7501094917012.html,2026-09-30,Precio de ficha; aparece agotado por no haber sucursal elegida,agente sesión 12
7502001162426,Farmacias del Ahorro,105.00,,https://www.fahorro.com/ardosons-20-7215-mg-con-20-capsulas.html,2026-09-30,,agente sesión 12
7501082212143,Farmacias YZA,485.00,,https://www.yza.mx/cialis-20mg-1-tab/MXYZ_7501082212143.html,2026-09-30,Precio de ficha; aparece agotado por no haber sucursal elegida,agente sesión 12
7501082212143,Farmacias del Ahorro,507.00,,https://www.fahorro.com/cialis-20-mg-oral-1-tabletas.html,2026-09-30,,agente sesión 12
7501050610018,Farmacias YZA,323.00,,https://www.yza.mx/celestamine-ns-5mg0.25mg-10-tabs/MXYZ_7501050610018.html,2026-09-30,Precio de ficha; aparece agotado por no haber sucursal elegida,agente sesión 12
7501050610018,Farmacias del Ahorro,364.00,,https://www.fahorro.com/celestamine-ns-con-10-tabletas.html,2026-09-30,,agente sesión 12
7501287631206,Farmacias YZA,580.50,,https://www.yza.mx/x/MXYZ_7501287631206.html,2026-09-30,Precio de ficha (sin sucursal elegida; aparece agotado),agente sesión 12
7501287631206,Farmacias Benavides,615.00,,https://www.benavides.com.mx/vibramicina-100-mg-doxiciclina-10-ud-capsulas,2026-09-30,,agente sesión 12
7501287631206,Farmacias del Ahorro,616.00,,https://www.fahorro.com/vibramicina-100-mg-con-10-capsulas.html,2026-09-30,,agente sesión 12
7501070903688,Farmacias del Ahorro,503.00,,https://www.fahorro.com/libertrim-sii-100-mg-37-mg-20-comprimidos.html,2026-09-30,,agente sesión 12
7501070903688,Farmacias YZA,508.50,,https://www.yza.mx/x/MXYZ_7501070903688.html,2026-09-30,Precio de ficha (sin sucursal elegida; aparece agotado),agente sesión 12
7501070903688,Chedraui,547.00,,https://www.chedraui.com.mx/comprimidos-libertrim-sii-100mg375mg-caja-con-20-comprimidos-3324634/p,2026-09-30,Existencia 10,agente sesión 12
7501070903688,Farmacias Benavides,568.00,,https://www.benavides.com.mx/libertrim-sii-100-mg-375-mg-simeticona-trimebutina-20-ud-comprimidos,2026-09-30,,agente sesión 12
7501300407283,Farmacias del Ahorro,275.00,,https://www.fahorro.com/tri-vi-sol-pediatrico-oral-50-ml-gotas.html,2026-09-30,,agente sesión 12
7501300407283,Farmacias Benavides,295.00,,https://www.benavides.com.mx/tri-vi-sol-pediatrico-acido-ascorbicocolecalciferolretinol-solucion-50-ml-gotas,2026-09-30,,agente sesión 12
7501300407283,Chedraui,313.00,,https://www.chedraui.com.mx/tri-vi-sol-frasco-con-gotero-de-60-ml-vitaminas-a-d-y-c-3323889/p,2026-09-30,Existencia 100,agente sesión 12
7501300407283,Farmacias YZA,327.00,,https://www.yza.mx/x/MXYZ_7501300407283.html,2026-09-30,Precio de ficha (sin sucursal elegida; aparece agotado),agente sesión 12
7501019064524,Chedraui,189.00,210.00,https://www.chedraui.com.mx/ropa-interior-desechable-tena-pants-nocturno-talla-g-10-piezas-3864328/p,2026-09-30,Existencia 99999,agente sesión 12
3664798062229,Farmacias YZA,151.20,,https://www.yza.mx/x/MXYZ_3664798062229.html,2026-09-30,Precio de ficha (sin sucursal elegida; aparece agotado),agente sesión 12
3664798062229,Farmacias del Ahorro,159.00,186.00,https://www.fahorro.com/complete-40-mg-30-tabs.html,2026-09-30,,agente sesión 12
3664798062229,Chedraui,159.20,199.00,https://www.chedraui.com.mx/pharmaton-complete-suplemento-alimenticio-para-adultos-30-tabletas-3880328/p,2026-09-30,Existencia 10,agente sesión 12
3664798062229,Farmacias Benavides,185.00,,https://www.benavides.com.mx/pharmaton-complete-suplemento-alimenticio-con-ginseng-g115-vitaminas-y-minerales-30-tabletas,2026-09-30,,agente sesión 12
7502276040603,Farmacias del Ahorro,162.00,,https://www.fahorro.com/mexsana-talco-desodorante-corporal-160-g.html,2026-09-30,,agente sesión 12
7502276040603,Farmacias YZA,164.00,,https://www.yza.mx/x/MXYZ_7502276040603.html,2026-09-30,Precio de ficha (sin sucursal elegida; aparece agotado),agente sesión 12
7502276040603,Farmacias Benavides,169.00,,https://www.benavides.com.mx/mexsana-talco-desodorante-para-pies-160-g-bote,2026-09-30,,agente sesión 12
7891317019426,Chedraui,1590.00,,https://www.chedraui.com.mx/tabletas-incresina-duo-125mg850mg-caja-con-56-tabletas-3477763/p,2026-09-30,Existencia 10,agente sesión 12
7891317019426,Farmacias del Ahorro,1679.00,,https://www.fahorro.com/incresina-duo-12-850-mg-oral-56-tabletas.html,2026-09-30,,agente sesión 12
7891317019426,Farmacias Benavides,1806.00,,https://www.benavides.com.mx/incresina-duo-125-mg-850-mg-alogliptina-metformina-56-ud-tabletas,2026-09-30,,agente sesión 12
5000174003963,Farmacias YZA,116.90,,https://www.yza.mx/x/MXYZ_5000174003963.html,2026-09-30,Precio de ficha (sin sucursal elegida; aparece agotado),agente sesión 12
5000174003963,Farmacias del Ahorro,168.00,,https://www.fahorro.com/fixodent-fresh-fijacion-extra-fuerte-pasta-adhesiva-para-dentadura-40-ml.html,2026-09-30,,agente sesión 12
5000174003963,Farmacias Benavides,171.00,,https://www.benavides.com.mx/fixodent-fresh-pasta-adhesiva-para-dentaduras-47-g,2026-09-30,,agente sesión 12
5000174003963,Chedraui,220.00,,https://www.chedraui.com.mx/pasta-adhesiva-para-dentadura-fixodent-fresh-1-ud-40ml-3129345/p,2026-09-30,Existencia 100,agente sesión 12
7501298219608,Farmacias Benavides,579.00,,https://www.benavides.com.mx/dabex-850-mg-metformina-30-tabletas,2026-09-30,,agente sesión 12
7501298219608,Chedraui,589.00,,https://www.chedraui.com.mx/tabletas-dabex-850mg-caja-con-30-tabletas-3027601/p,2026-09-30,Existencia 10,agente sesión 12
7501298219608,Farmacias del Ahorro,589.00,,https://www.fahorro.com/dabex-850-mg-oral-30-tabletas.html,2026-09-30,,agente sesión 12
7501298219608,Farmacias YZA,591.50,,https://www.yza.mx/x/MXYZ_7501298219608.html,2026-09-30,Precio de ficha (sin sucursal elegida; aparece agotado),agente sesión 12
4046222301613,Chedraui,1108.00,,https://www.chedraui.com.mx/granulado-hepa-merz-3g-caja-con-30-sobres-3219558/p,2026-09-30,Existencia 10,agente sesión 12
4046222301613,Farmacias Benavides,1180.00,,https://www.benavides.com.mx/hepa-merz-3-g-l-ortina-l-aspartato-30-sobres,2026-09-30,,agente sesión 12
4046222301613,Farmacias del Ahorro,1194.00,1195.00,https://www.fahorro.com/hepa-merz-granulado-3-g-oral-30-sobres.html,2026-09-30,,agente sesión 12
4046222301613,Farmacias YZA,1229.50,,https://www.yza.mx/x/MXYZ_4046222301613.html,2026-09-30,Precio de ficha (sin sucursal elegida; aparece agotado),agente sesión 12
7501019053283,Farmacias del Ahorro,191.25,225.00,https://www.fahorro.com/pa-al-para-adulto-tena-slip-nocturno-talla-grande-con-8-pz.html,2026-09-30,,agente sesión 12
7501019053283,Farmacias Benavides,213.00,,https://www.benavides.com.mx/tena-slip-nocturno-panales-para-adulto-talla-grande-8-uds,2026-09-30,,agente sesión 12
7501019051647,Chedraui,172.00,,https://www.chedraui.com.mx/panales-para-incontinencia-tena-slip-comfort-anatomico-talla-grande-10-piezas-3189869/p,2026-09-30,Existencia 100,agente sesión 12
7501088575600,Farmacias YZA,233.00,,https://www.yza.mx/x/MXYZ_7501088575600.html,2026-09-30,Precio de ficha (sin sucursal elegida; aparece agotado),agente sesión 12
7501088575600,Farmacias del Ahorro,241.00,,https://www.fahorro.com/topron-oral-suspension-120-ml.html,2026-09-30,,agente sesión 12
7501088575600,Farmacias Benavides,249.00,,https://www.benavides.com.mx/topron-44-g100-ml-nifuroxazida-suspension-120-ml-frasco,2026-09-30,,agente sesión 12
7501165010727,Chedraui,146.00,,https://www.chedraui.com.mx/histiacil-fam-jarabe-infantil-fresa-2-a-15-anos-140ml-3566277/p,2026-09-30,Existencia 100,agente sesión 12
7501165010727,Farmacias YZA,165.50,,https://www.yza.mx/x/MXYZ_7501165010727.html,2026-09-30,Precio de ficha (sin sucursal elegida; aparece agotado),agente sesión 12
7501165010727,Farmacias del Ahorro,189.00,,https://www.fahorro.com/histiacil-fam-jarabe-tos-infantil-fresa-140-ml.html,2026-09-30,,agente sesión 12
7501165010727,Farmacias Benavides,199.00,,https://www.benavides.com.mx/histiacil-fam-infantil-2-g-guaifenesina1-g-oxolamina-140-ml-jarabe,2026-09-30,,agente sesión 12
7501289511421,Farmacias YZA,35.27,,https://www.yza.mx/x/MXYZ_7501289511421.html,2026-09-30,Precio de ficha (sin sucursal elegida; aparece agotado),agente sesión 12
7501289511421,Farmacias del Ahorro,39.50,,https://www.fahorro.com/pasta-lassar-andromaco-cutaneo-30-g-tarro.html,2026-09-30,,agente sesión 12
7501390912209,Farmacias YZA,547.50,,https://www.yza.mx/x/MXYZ_7501390912209.html,2026-09-30,Precio de ficha (sin sucursal elegida; aparece agotado),agente sesión 12
7501390912209,Farmacias Benavides,572.00,,https://www.benavides.com.mx/uroclasio-nf-acido-citrico-citrato-de-potasio-150-ml-solucion,2026-09-30,,agente sesión 12
7501390912209,Chedraui,578.00,,https://www.chedraui.com.mx/solucion-uroclasio-nf-frasco-con-150ml-y-jeringa-dosificadora-3040310/p,2026-09-30,Existencia 10,agente sesión 12
7501390912209,Farmacias del Ahorro,581.00,,https://www.fahorro.com/uroclasio-nf-solucion-150-ml.html,2026-09-30,,agente sesión 12
7509546077253,Farmacias del Ahorro,65.00,105.00,https://www.fahorro.com/desodorante-stefano-royal-hombre-113-g-aerosol.html,2026-09-30,Ficha listada como 113 g (mismo GTIN),agente sesión 12
7501088505836,Farmacias YZA,230.00,,https://www.yza.mx/x/MXYZ_7501088505836.html,2026-09-30,Precio de ficha (sin sucursal elegida; aparece agotado),agente sesión 12
7501088505836,Farmacias Benavides,233.00,,https://www.benavides.com.mx/troferit-flow-30-mg-30-mg-ambroxol-dropropizina-15-ud-tabletas,2026-09-30,,agente sesión 12
7501088505836,Farmacias del Ahorro,236.00,,https://www.fahorro.com/troferit-flow-15-tabs.html,2026-09-30,,agente sesión 12
7791293025810,Farmacias YZA,79.50,,https://www.yza.mx/x/MXYZ_7791293025810.html,2026-09-30,Precio de ficha (sin sucursal elegida; aparece agotado),agente sesión 12
7791293025810,Chedraui,85.00,,https://www.chedraui.com.mx/desodorante-en-aerosol-axe-fusion-150ml-3332361/p,2026-09-30,Existencia 99999,agente sesión 12
7791293025810,Farmacias Benavides,102.00,,https://www.benavides.com.mx/axe-fusion-fresh-citrus-amp-pimienta-desodorante-bodyspray-48h-150-ml,2026-09-30,,agente sesión 12
7501314705535,Farmacias YZA,1275.50,,https://www.yza.mx/x/MXYZ_7501314705535.html,2026-09-30,Precio de ficha; agotado por no haber sucursal elegida,agente sesión 12
7501314705535,Farmacias Benavides,1299.00,,https://www.benavides.com.mx/evipress-10-mg-lercanidipino-30-tabletas,2026-09-30,,agente sesión 12
7501314705535,Farmacias del Ahorro,1330.00,,https://www.fahorro.com/evipress-10-mg-oral-30-tabs.html,2026-09-30,,agente sesión 12
7350012552138,Farmacias YZA,373.25,,https://www.yza.mx/x/MXYZ_7350012552138.html,2026-09-30,Precio de ficha; agotado por no haber sucursal elegida,agente sesión 12
7350012552138,Farmacias del Ahorro,565.00,,https://www.fahorro.com/biogaia-protectis-probioticos-gotas-orales-5-ml.html,2026-09-30,,agente sesión 12
7350012552138,Farmacias Benavides,642.00,,https://www.benavides.com.mx/biogaia-suplemento-alimenticio-a-base-de-probioticos-5-ml-gotas,2026-09-30,,agente sesión 12
7501070903473,Farmacias YZA,360.00,,https://www.yza.mx/x/MXYZ_7501070903473.html,2026-09-30,Precio de ficha; agotado por no haber sucursal elegida,agente sesión 12
7501070903473,Farmacias del Ahorro,430.00,530.86,https://www.fahorro.com/ciprolisina-oral-220-ml-solucion.html,2026-09-30,,agente sesión 12
7501070903473,Farmacias Benavides,496.00,,https://www.benavides.com.mx/ciprolisina-cianocobalaminaciproheptadina-solucion-220-ml,2026-09-30,,agente sesión 12
7501314701742,Farmacias del Ahorro,344.00,,https://www.fahorro.com/fosfocil-250-mg-oral-60-ml.html,2026-09-30,,agente sesión 12
7501314701742,Farmacias Benavides,395.00,,https://www.benavides.com.mx/fosfocil-fosfomicina-60-ml-suspension,2026-09-30,,agente sesión 12
7501165001725,Farmacias del Ahorro,470.00,,https://www.fahorro.com/allegrar-180-mg-antialergico-10-tabs.html,2026-09-30,,agente sesión 12
7501165001725,Farmacias Benavides,490.00,,https://www.benavides.com.mx/allegra-180-mg-fexofenadina-10-tabletas,2026-09-30,,agente sesión 12
7501165001725,Farmacias YZA,502.00,,https://www.yza.mx/x/MXYZ_7501165001725.html,2026-09-30,Precio de ficha; agotado por no haber sucursal elegida,agente sesión 12
7501314703661,Farmacias YZA,310.50,,https://www.yza.mx/x/MXYZ_7501314703661.html,2026-09-30,Precio de ficha; agotado por no haber sucursal elegida,agente sesión 12
7501314703661,Farmacias del Ahorro,311.00,,https://www.fahorro.com/jarsix-5-mg-0-25-mg-10-tabs.html,2026-09-30,,agente sesión 12
7501314703661,Farmacias Benavides,368.00,,https://www.benavides.com.mx/jarsix-525-mg-betametasona-loratadina-10-ud-tabletas,2026-09-30,,agente sesión 12
7501088507908,Farmacias YZA,333.00,,https://www.yza.mx/x/MXYZ_7501088507908.html,2026-09-30,Precio de ficha; agotado por no haber sucursal elegida,agente sesión 12
7501088507908,Farmacias del Ahorro,339.00,,https://www.fahorro.com/suma-b-5x2-ml-ampolleta.html,2026-09-30,,agente sesión 12
7501088507908,Farmacias Benavides,360.00,,https://www.benavides.com.mx/suma-b-complejo-vitamina-b-5-ud-ampolletas,2026-09-30,"Ficha ""caja c/5"" de 2 ml; no menciona jeringas",agente sesión 12
7501008443033,Farmacias YZA,39.00,,https://www.yza.mx/x/MXYZ_7501008443033.html,2026-09-30,Precio de ficha; agotado por no haber sucursal elegida,agente sesión 12
7501008443033,Chedraui,48.00,52.00,https://www.chedraui.com.mx/alka-seltzer-caja-con-12-tabletas-efervescentes-3022790/p,2026-09-30,,agente sesión 12
7501008443033,Farmacias del Ahorro,48.00,,https://www.fahorro.com/alka-seltzer-antiacido-y-analgesico-12-tabletas-efervescentes.html,2026-09-30,,agente sesión 12
7501008443033,Farmacias Benavides,50.00,,https://www.benavides.com.mx/alka-seltzer-bicarbonato-de-sodio-acido-citrico-acido-acetilsalicilico-12-ud-tabletas,2026-09-30,,agente sesión 12
7506425625574,Farmacias del Ahorro,50.50,,https://www.fahorro.com/tampones-kotex-unika-digital-sup-plus-12-pz.html,2026-09-30,,agente sesión 12
7506425625574,Farmacias YZA,51.00,,https://www.yza.mx/x/MXYZ_7506425625574.html,2026-09-30,Precio de ficha; agotado por no haber sucursal elegida,agente sesión 12
7506425625574,Farmacias Benavides,55.00,,https://www.benavides.com.mx/kotex-unika-digital-super-plus-tampones-12-ud,2026-09-30,,agente sesión 12
7509546029153,Farmacias del Ahorro,65.00,91.00,https://www.fahorro.com/lady-speed-stick-double-defense-48h-65-g.html,2026-09-30,Ficha titulada Lady Speed Stick Double Defense 48H 65 g; mismo GTIN,agente sesión 12
7509546029153,Chedraui,80.00,,https://www.chedraui.com.mx/desodorante-antitranspirante-en-gel-mujer-lady-speed-stick-floral-fresh-65g-3086664/p,2026-09-30,,agente sesión 12
7891317027513,Farmacias Benavides,889.00,,https://www.benavides.com.mx/keflex-500-mg-cefalexina-12-ud-tabletas,2026-09-30,,agente sesión 12
75017255,Farmacias Benavides,109.00,,https://www.benavides.com.mx/solutina-f-0300-g0016-g-feniramina-nafazolina-15-ml-frasco-gotero,2026-09-30,,agente sesión 12
75017255,Farmacias YZA,119.50,,https://www.yza.mx/x/MXYZ_75017255.html,2026-09-30,Precio de ficha; agotado por no haber sucursal elegida,agente sesión 12
7891317019747,Farmacias YZA,185.30,,https://www.yza.mx/x/MXYZ_7891317019747.html,2026-09-30,Precio de ficha; agotado por no haber sucursal elegida,agente sesión 12
7891317019747,Farmacias Benavides,250.00,,https://www.benavides.com.mx/nene-dent-34-mg-lidocaina-gel-10-g-tubo,2026-09-30,,agente sesión 12
7501125149221,Chedraui,25.00,,https://www.chedraui.com.mx/suero-rehidratante-oral-electrolit-sabor-fresa-kiwi-625ml-3347282/p,2026-09-30,EAN de la ficha en formato GTIN-14 (17501125149228),agente sesión 12
7501125149221,Farmacias Benavides,26.00,,https://www.benavides.com.mx/electrolit-suero-rehidratante-fresa-kiwi-625-ml-1-ud,2026-09-30,,agente sesión 12
7501125149221,Farmacias YZA,27.00,,https://www.yza.mx/x/MXYZ_7501125149221.html,2026-09-30,Precio de ficha; agotado por no haber sucursal elegida,agente sesión 12
7502214980824,Chedraui,65.00,,https://www.chedraui.com.mx/condones-prudence-retardante-ultra-sensitivo-extra-time--zero-2-pack-con-6-piezas-3845626/p,2026-09-30,Ficha Extra Time + Zero 2 Pack con 6 piezas; EAN de la ficha sin dígito verificador,agente sesión 12
7502214980824,Prudence (tienda oficial),65.00,,https://tienda.prudence.com.mx/products/2-pack-prudence-extra-time-c3-prudence-zero-c3,2026-09-30,,agente sesión 12
7791293025803,Farmacias YZA,79.50,,https://www.yza.mx/x/MXYZ_7791293025803.html,2026-09-30,"Ficha: Axe Body Excite aerosol 96 g (equivale a 150 ml); precio de ficha, sin sucursal elegida",agente sesión 12
7791293025803,Chedraui,82.00,,https://www.chedraui.com.mx/desodorante-en-aerosol-axe-excite-150ml-3332383/p,2026-09-30,,agente sesión 12
7791293025803,Farmacias Benavides,102.00,,https://www.benavides.com.mx/axe-excite-coco-amp-marshmallow-desodorante-bodyspray-48h-150ml,2026-09-30,Ficha: Axe Excite Coco & Marshmallow BodySpray 150 ml (96 g); mismo GTIN,agente sesión 12
7501124819224,Farmacias Benavides,3925.00,,https://www.benavides.com.mx/entresto-100-mg-sacubitril-valsartan-60-ud-comprimidos,2026-09-30,,agente sesión 12
7501273500134,Farmacias YZA,334.00,,https://www.yza.mx/x/MXYZ_7501273500134.html,2026-09-30,Precio de ficha; agotado por no haber sucursal elegida,agente sesión 12
7501125118296,Farmacias YZA,573.00,,https://www.yza.mx/x/MXYZ_7501125118296.html,2026-09-30,Precio de ficha; agotado por no haber sucursal elegida,agente sesión 12
7501125118296,Farmacias Benavides,579.00,,https://www.benavides.com.mx/fluoning-500-mg-levofloxacino-7-ud-tabletas,2026-09-30,,agente sesión 12
7502224228060,Farmacias Benavides,180.00,,https://www.benavides.com.mx/kitoscell-gel-de-pirfenidona-tratamiento-para-cicatrizacion-35-g,2026-09-30,,agente sesión 12
020800790222,Chedraui,350.20,412.00,https://www.chedraui.com.mx/fibra-metamucil-sabor-natural-tarro-de-210g-30-dosis-3034616/p,2026-09-30,,agente sesión 12
020800790222,HEB,459.00,,https://www.heb.com.mx/metamucil-fibra-sabor-natural-30-dosis-210-g-79817/p,2026-09-30,,agente sesión 12
7506460101514,Farmacias del Ahorro,103.00,,https://www.fahorro.com/sico-softlube-original-lubricante-intimo-envase-56-7-gr.html,2026-09-30,,agente sesión 12
7506460101514,Farmacias Benavides,110.00,,https://www.benavides.com.mx/soft-lube-soft-lube-original-gel-lubricante-vaginal-56-7-g,2026-09-30,,agente sesión 12
7506460101514,Farmacias YZA,110.50,,https://www.yza.mx/softtube-gel-lubricante-vaginal-56.7g/MXYZ_7506460101514.html,2026-09-30,"Precio de ficha (agotado por no haber sucursal elegida); ficha titulada «Softtube», coincide por GTIN",agente sesión 12
7506460101514,HEB,145.00,,https://www.heb.com.mx/sico-gel-lubricante-softlub-original-56-7-g-7371/p,2026-09-30,,agente sesión 12
7501070612993,Farmacias YZA,794.00,,https://www.yza.mx/clavulin-12h-875mg125mg-15-tabs/MXYZ_7501070612993.html,2026-09-30,Precio de ficha (agotado por no haber sucursal elegida),agente sesión 12
7501070612993,Farmacias del Ahorro,852.00,,https://www.fahorro.com/clavulin-12h-875-mg-con-15-tabletas.html,2026-09-30,,agente sesión 12
7501070612993,Farmacias Benavides,916.00,,https://www.benavides.com.mx/clavulin-875-mg-125-mg-acido-clavulanico-amoxicilina-15-ud-tabletas,2026-09-30,,agente sesión 12
7501201401458,Farmacias YZA,650.00,,https://www.yza.mx/refresh-fusion-10ml/MXYZ_7501201401458.html,2026-09-30,Precio de ficha (agotado por no haber sucursal elegida),agente sesión 12
7501201401458,Chedraui,656.00,,https://www.chedraui.com.mx/solucion-oftalmica-refresh-fusion-frasco-gotero-con-10ml-3476307/p,2026-09-30,,agente sesión 12
7501201401458,Farmacias del Ahorro,720.36,828.00,https://www.fahorro.com/refresh-fusion-solucion-oftalmica-gotas-10-ml.html,2026-09-30,,agente sesión 12
7501201401458,Farmacias Benavides,780.00,890.00,https://www.benavides.com.mx/refresh-fusion-carboximetilcelulosa-sodicaglicerina-solucion-oftalmica-10-ml-gotas,2026-09-30,Precio con descuento aplicado visible sin sesión,agente sesión 12
7501125109928,Chedraui,174.00,,https://www.chedraui.com.mx/solucion-otica-soldrin-otico-gotero-con-10ml-3039028/p,2026-09-30,,agente sesión 12
7501125109928,Farmacias del Ahorro,176.00,,https://www.fahorro.com/solucion-soldrin-otico-10-ml-gotas.html,2026-09-30,,agente sesión 12
7501125109928,Farmacias YZA,181.00,,https://www.yza.mx/soldrin-otico-10ml/MXYZ_7501125109928.html,2026-09-30,Precio de ficha (agotado por no haber sucursal elegida),agente sesión 12
7501125109928,Farmacias Benavides,230.00,,https://www.benavides.com.mx/soldrin-benzocaina-cloranfenicol-hidrocortisona-10-ml-gotas,2026-09-30,,agente sesión 12
7501125139543,Chedraui,346.00,,https://www.chedraui.com.mx/solucion-inyectable-combesteral-3-ampolletas-1ml-3-ampolletas-2ml-y-3-jeringas-3217691/p,2026-09-30,,agente sesión 12
7501125139543,Farmacias del Ahorro,405.00,,https://www.fahorro.com/combesteral-6-ampolletas.html,2026-09-30,Ficha: Combesteral 6 ampolletas; coincide por GTIN,agente sesión 12
7501125139543,Farmacias YZA,427.00,,https://www.yza.mx/combesteral-6-amp-y-3-jga/MXYZ_7501125139543.html,2026-09-30,Precio de ficha (agotado por no haber sucursal elegida),agente sesión 12
7501125139543,Farmacias Benavides,431.00,,https://www.benavides.com.mx/combesteral-complejo-b-dexametasona-lidocaina-3-ud-ampolletas,2026-09-30,Ficha dice 3 ampolletas; coincide por GTIN,agente sesión 12
7501300420541,Farmacias YZA,142.00,,https://www.yza.mx/aliren-50-mg---caja-con-24-capsulas-amantadina-paracetamol-y-clorfenamina/MXYZ_7501300420541.html,2026-09-30,Precio de ficha (agotado por no haber sucursal elegida),agente sesión 12
7501300420541,Farmacias del Ahorro,171.00,,https://www.fahorro.com/aliren-antigripal-24-capsulas.html,2026-09-30,,agente sesión 12
7501300420541,Farmacias Benavides,190.00,,https://www.benavides.com.mx/aliren-50-mg-3-mg-300-mg-amantadina-clorfenamina-paracetamol-24-ud-capsulas,2026-09-30,,agente sesión 12
7501159580021,Farmacias del Ahorro,977.20,1396.00,https://www.fahorro.com/pulmonarom-20-ampolletas-con-3ml.html,2026-09-30,,agente sesión 12
7501159580021,Chedraui,1027.50,1370.00,https://www.chedraui.com.mx/pulmonarom-lisados-bacterianos-20-ampolletas-de-3ml-3038035/p,2026-09-30,,agente sesión 12
7501159580021,Farmacias Benavides,1116.00,1488.00,https://www.benavides.com.mx/pulmonarom-3-ml-lisados-bacterianos-20-ampolletas,2026-09-30,Precio con descuento aplicado visible sin sesión,agente sesión 12
7501159580021,Farmacias YZA,1374.50,,https://www.yza.mx/pulmonar-om-20-amp-x-3ml-/MXYZ_7501159580021.html,2026-09-30,Precio de ficha (agotado por no haber sucursal elegida),agente sesión 12
7509546071558,Farmacias del Ahorro,56.50,113.00,https://www.fahorro.com/desodorante-neutro-balance-91-g-spray.html,2026-09-30,,agente sesión 12
7509546071558,Farmacias YZA,65.00,,https://www.yza.mx/palmolive-neutro-balance-aerosol-91g/MXYZ_7509546071558.html,2026-09-30,Precio de ficha (agotado por no haber sucursal elegida),agente sesión 12
7506627400269,Farmacias YZA,599.00,,https://www.yza.mx/gm-dapagliflozina-metformina-28-tabs/MXYZ_7506627400269.html,2026-09-30,Precio de ficha (agotado por no haber sucursal elegida),agente sesión 12
7506627400269,Farmacias Benavides,1000.00,,https://www.benavides.com.mx/generico-de-marca-10-mg-dapagliflozina-1000-mg-metformina-28-tabletas,2026-09-30,,agente sesión 12
7506425605880,Chedraui,196.00,,https://www.chedraui.com.mx/calzones-entrenadores-huggies-pull-ups-talla-extra-grande-para-ninos-30-calzones-3584045/p,2026-09-30,EAN de Chedraui sin dígito verificador,agente sesión 12
7506425605880,HEB,254.00,,https://www.heb.com.mx/huggies-calzones-entrenadores-pull-ups-talla-xl-nino-30-pz-710991/p,2026-09-30,,agente sesión 12
7506425605880,Farmacias del Ahorro,266.00,,https://www.fahorro.com/calzon-entrenador-huggies-pull-ups-extra-grande-ni-o-30-pz.html,2026-09-30,,agente sesión 12
7501080912083,Farmacias del Ahorro,156.00,195.00,https://www.fahorro.com/sterimar-agua-de-mar-uso-diario-50-ml.html,2026-09-30,,agente sesión 12
7501080912083,Farmacias YZA,156.40,,https://www.yza.mx/sterimar-50ml/MXYZ_7501080912083.html,2026-09-30,Precio de ficha (agotado por no haber sucursal elegida),agente sesión 12
7501080912083,Farmacias Benavides,159.20,199.00,https://www.benavides.com.mx/sterimar-uso-diario-solucion-de-agua-de-mar-50-ml-spray-nasal,2026-09-30,Precio con descuento aplicado visible sin sesión,agente sesión 12
7501080912083,Chedraui,179.00,,https://www.chedraui.com.mx/solucion-nasal-de-agua-de-mar-sterimar-uso-diario-50ml-3039150/p,2026-09-30,,agente sesión 12
7501033923234,Farmacias YZA,539.33,,https://www.yza.mx/norfenon-150mg-30-tabs/MXYZ_7501033923234.html,2026-09-30,Precio de ficha (agotado por no haber sucursal elegida),agente sesión 12
7501033923234,Farmacias Benavides,618.53,668.00,https://www.benavides.com.mx/norfenon-150-mg-propafenona-30-tabletas,2026-09-30,Precio con descuento aplicado visible sin sesión,agente sesión 12
7501033923234,Chedraui,650.00,,https://www.chedraui.com.mx/tabletas-norfenon-150mg-caja-con-30-tabletas-3036002/p,2026-09-30,,agente sesión 12
7509546017389,Farmacias YZA,133.50,,https://www.yza.mx/palmolive-optims-sh-extraintensiv-700ml/MXYZ_7509546017389.html,2026-09-30,Precio de ficha (agotado por no haber sucursal elegida),agente sesión 12
7509546017389,Farmacias Benavides,153.00,,https://www.benavides.com.mx/palmolive-optims-4-acondicionamiento-extra-intensivo-shampoo-2-en-1-vital-keratina-700-ml,2026-09-30,,agente sesión 12
7501019030048,Farmacias YZA,175.50,,https://www.yza.mx/tena-slip-maxi-protect-mediano-10-unidades/MXYZ_7501019030048.html,2026-09-30,"Precio de ficha (agotado por no haber sucursal elegida); ficha dice «Mediano», coincide por GTIN",agente sesión 12
7501019030048,Farmacias Benavides,188.00,,https://www.benavides.com.mx/tena-slip-maxi-protect-panales-para-adulto-talla-chicomediano-10-uds,2026-09-30,,agente sesión 12
7501019030048,Chedraui,214.00,,https://www.chedraui.com.mx/panales-para-incontinencia-tena-slip-maxi-protect-anatomico-talla-chico-mediano-10-piezas-3004961/p,2026-09-30,EAN de Chedraui sin dígito verificador,agente sesión 12
7501070636531,Farmacias YZA,931.00,,https://www.yza.mx/omuro-40mg-30-tabs/MXYZ_7501070636531.html,2026-09-30,Precio de ficha (agotado por no haber sucursal elegida),agente sesión 12
7501070636531,Chedraui,1099.00,,https://www.chedraui.com.mx/tabletas-omuro-40mg-caja-con-30-tabletas-3185561/p,2026-09-30,EAN de Chedraui sin dígito verificador,agente sesión 12
7501070636531,Farmacias Benavides,1150.00,,https://www.benavides.com.mx/omuro-40-mg-bromuro-de-otilonio-30-tabletas,2026-09-30,,agente sesión 12
7501314701704,Farmacias Benavides,556.00,,https://www.benavides.com.mx/fosfocil-250-mg-5-ml-fosfomicina-120-ml-suspension,2026-09-30,,agente sesión 12
7501314701612,Farmacias YZA,624.00,,https://www.yza.mx/bredelin-500mg-7-tabs/MXYZ_7501314701612.html,2026-09-30,Precio de ficha (agotado por no haber sucursal elegida),agente sesión 12
7501314701612,Farmacias Benavides,807.00,,https://www.benavides.com.mx/bredelin-levofloxacino-500-mg-7-ud-tabletas,2026-09-30,,agente sesión 12
7501300408358,Farmacias YZA,828.50,,https://www.yza.mx/dimefor-g-500-mg-5-mg---caja-con-60-tabletas-metformina-y-glibenclamida/MXYZ_7501300408358.html,2026-09-30,Precio de ficha (agotado por no haber sucursal elegida),agente sesión 12
7501300408358,Chedraui,879.00,,https://www.chedraui.com.mx/dimefor-g-500-mg--5-mg-caja-con-60-tabletas-metformina-y-glibenclamida-3257979/p,2026-09-30,,agente sesión 12
7501300408358,Farmacias Benavides,911.00,,https://www.benavides.com.mx/dimefor-g-500-mg-5-mg-glibenclamida-metformina-60-ud-tabletas,2026-09-30,,agente sesión 12
7509546072272,Farmacias YZA,42.50,,https://www.yza.mx/colgate-crema-dental-kids-50gr/MXYZ_7509546072272.html,2026-09-30,Precio de ficha (agotado por no haber sucursal elegida),agente sesión 12
7509546072272,Farmacias Benavides,44.00,,https://www.benavides.com.mx/colgate-kids-gel-dental-50-g,2026-09-30,Ficha sin sabor; coincide por GTIN,agente sesión 12
7501328977737,Farmacias YZA,473.50,,https://www.yza.mx/monurol-3g-1-sb/MXYZ_7501328977737.html,2026-09-30,Precio de ficha (agotado por no haber sucursal elegida),agente sesión 12
7501328977737,Farmacias Benavides,534.00,,https://www.benavides.com.mx/monurol-3-g-fosfomicina-1-sobre,2026-09-30,,agente sesión 12
7501289511414,Chedraui,42.00,,https://www.chedraui.com.mx/pasta-lassar-andromtarro-60g-3037190/p,2026-09-30,"EAN de Chedraui sin dígito verificador; ficha «Andromtarro 60g»; precio bajo frente a otras tiendas, verificar",agente sesión 12
7501289511414,Farmacias YZA,64.17,,https://www.yza.mx/pasta-de-lassar-tarro-de-60-g-de-andromaco/MXYZ_7501289511414.html,2026-09-30,Precio de ficha (agotado por no haber sucursal elegida),agente sesión 12
7501289511414,Farmacias Benavides,76.00,,https://www.benavides.com.mx/lassar-pasta-andromaco-oxido-de-zinc-alivio-ardor-y-comezon-60-g,2026-09-30,,agente sesión 12
7501300407290,Chedraui,372.00,,https://www.chedraui.com.mx/poly-vi-sol-frasco-con-gotero-50-ml-3323971/p,2026-09-30,,agente sesión 12
7501300407290,Farmacias Benavides,405.00,,https://www.benavides.com.mx/poly-vi-sol-pediatrico-multivitaminico-solucion-50-ml-gotas,2026-09-30,,agente sesión 12
7501300407290,Farmacias YZA,445.50,,https://www.yza.mx/poly-vi-sol---frasco-con-gotero-50-ml/MXYZ_7501300407290.html,2026-09-30,Precio de ficha (agotado por no haber sucursal elegida),agente sesión 12
650240013805,Farmacias YZA,110.70,,https://www.yza.mx/x/MXYZ_650240013805.html,2026-09-30,Precio de ficha; aparece agotado porque no hay sucursal elegida,agente sesión 12
650240013805,Farmacias del Ahorro,130.00,,https://www.fahorro.com/alliviax-alivia-dolor-e-inflamacion-550-mg-10-tabletas.html,2026-09-30,,agente sesión 12
650240013805,Farmacias Benavides,135.00,,https://www.benavides.com.mx/alliviax-550-mg-naproxeno-sodico-10-ud-tabletas,2026-09-30,Ficha con GTIN coincidente,agente sesión 12
7501065001634,Farmacias del Ahorro,303.00,,https://www.fahorro.com/caltrate-suplemento-de-calcio-600-d-600-mg-400-ui-60-tabletas.html,2026-09-30,,agente sesión 12
7501065001634,Farmacias Benavides,305.00,,https://www.benavides.com.mx/caltrate-600d-carbonato-de-calciovitamina-d3-60-tabletas,2026-09-30,Ficha con GTIN coincidente,agente sesión 12
7501065001634,Farmacias YZA,331.00,,https://www.yza.mx/x/MXYZ_7501065001634.html,2026-09-30,Precio de ficha; aparece agotado porque no hay sucursal elegida,agente sesión 12
7501080111325,Farmacias YZA,198.10,,https://www.yza.mx/x/MXYZ_7501080111325.html,2026-09-30,Precio de ficha; aparece agotado porque no hay sucursal elegida,agente sesión 12
7501080111325,Farmacias del Ahorro,229.00,,https://www.fahorro.com/tinte-just-for-men-negro-60-ml-gel.html,2026-09-30,,agente sesión 12
7501080111325,Farmacias Benavides,309.00,,https://www.benavides.com.mx/just-for-men-tinte-negro-shampoo-60-ml,2026-09-30,Ficha con GTIN coincidente,agente sesión 12
7501048623006,Farmacias del Ahorro,48.50,,https://www.fahorro.com/algodon-protec-pas-faciales-bolsa-con-100-g.html,2026-09-30,Ficha «Algodón Protec Pas Faciales Bolsa con 100 g»; el SKU coincide con el GTIN,agente sesión 12
7501299306130,Farmacias YZA,106.00,,https://www.yza.mx/x/MXYZ_7501299306130.html,2026-09-30,Precio de ficha; aparece agotado porque no hay sucursal elegida,agente sesión 12
7501299306130,Farmacias del Ahorro,109.20,168.00,https://www.fahorro.com/supradol-sublingual-30-mg-con-4-tabletas.html,2026-09-30,,agente sesión 12
7501299306130,Farmacias Benavides,113.00,,https://www.benavides.com.mx/supradol-30mg-ketorolaco-4-tabletas,2026-09-30,Ficha con GTIN coincidente,agente sesión 12
7501328979496,Farmacias YZA,161.50,,https://www.yza.mx/x/MXYZ_7501328979496.html,2026-09-30,Precio de ficha; aparece agotado porque no hay sucursal elegida,agente sesión 12
7501328979496,Farmacias del Ahorro,163.00,,https://www.fahorro.com/histiacil-nf-jarabe-tos-infantil-150-ml.html,2026-09-30,,agente sesión 12
7501328979496,Farmacias Benavides,170.00,,https://www.benavides.com.mx/histiacil-nf-infantil-113-mg-dextrometorfano150-mg-ambroxol-150-ml-jarabe,2026-09-30,Ficha con GTIN coincidente,agente sesión 12
7501027512758,Farmacias YZA,33.00,,https://www.yza.mx/x/MXYZ_7501027512758.html,2026-09-30,Precio de ficha; aparece agotado porque no hay sucursal elegida,agente sesión 12
7501035911017,Farmacias del Ahorro,85.00,116.00,https://www.fahorro.com/crema-dental-colgate-mfp-150-ml.html,2026-09-30,,agente sesión 12
7503002057810,Farmacias Benavides,220.00,,https://www.benavides.com.mx/the-sensual-tea-vigorizante-para-hombre-y-mujer-2-ud-tabletas,2026-09-30,Ficha con GTIN coincidente,agente sesión 12
7503002057810,Farmacias del Ahorro,220.00,,https://www.fahorro.com/zisen-the-sensual-tea-2-tabletas.html,2026-09-30,,agente sesión 12
7503002057810,Farmacias YZA,224.50,,https://www.yza.mx/x/MXYZ_7503002057810.html,2026-09-30,Precio de ficha; aparece agotado porque no hay sucursal elegida; la ficha se titula «Zisen Dat 450mg 2 Tabs» pero el GTIN coincide,agente sesión 12
7506306249059,Farmacias del Ahorro,170.00,,https://www.fahorro.com/vaseline-bebe-213-gr.html,2026-09-30,,agente sesión 12
840149675727,Farmacias Benavides,295.00,,https://www.benavides.com.mx/viagra-100-mg-sildenafil-1-tableta,2026-09-30,Ficha con GTIN coincidente,agente sesión 12
840149675727,Farmacias del Ahorro,304.00,,https://www.fahorro.com/viagra-100-mg-oral-1-tableta.html,2026-09-30,,agente sesión 12
840149675727,Farmacias YZA,312.00,,https://www.yza.mx/x/MXYZ_840149675727.html,2026-09-30,Precio de ficha; aparece agotado porque no hay sucursal elegida,agente sesión 12
300651431681,Farmacias Benavides,619.00,,https://www.benavides.com.mx/systane-ultra-gotas-lubricantes-oculares-10-ml,2026-09-30,Ficha con GTIN coincidente,agente sesión 12
300651431681,Farmacias YZA,699.00,,https://www.yza.mx/x/MXYZ_300651431681.html,2026-09-30,Precio de ficha; aparece agotado porque no hay sucursal elegida,agente sesión 12
7509546068909,Farmacias YZA,20.00,,https://www.yza.mx/x/MXYZ_7509546068909.html,2026-09-30,Precio de ficha; aparece agotado porque no hay sucursal elegida,agente sesión 12
7509546068909,Farmacias del Ahorro,20.00,23.00,https://www.fahorro.com/crema-dental-colgate-triple-accion-whitening-50-ml.html,2026-09-30,,agente sesión 12
7501165011656,Farmacias YZA,175.00,,https://www.yza.mx/x/MXYZ_7501165011656.html,2026-09-30,Precio de ficha; aparece agotado porque no hay sucursal elegida,agente sesión 12
7501165011656,Farmacias del Ahorro,180.00,,https://www.fahorro.com/buscapina-fem-colicos-menstruales-10-tabs.html,2026-09-30,,agente sesión 12
7501165011656,Farmacias Benavides,185.00,,https://www.benavides.com.mx/buscapina-fem-20-mg-hioscina400-mg-ibuprofeno-10-tabletas,2026-09-30,Ficha con GTIN coincidente,agente sesión 12
7501298219981,Farmacias del Ahorro,354.00,,https://www.fahorro.com/floratil-probioticos-250-mg-oral-12-capsulas.html,2026-09-30,,agente sesión 12
7501298219981,Farmacias YZA,367.00,,https://www.yza.mx/x/MXYZ_7501298219981.html,2026-09-30,Precio de ficha; aparece agotado porque no hay sucursal elegida,agente sesión 12
7501298219981,Farmacias Benavides,379.00,,https://www.benavides.com.mx/floratil-250-mg-saccharomyces-boulardii-probioticos-12-capsulas,2026-09-30,Ficha con GTIN coincidente,agente sesión 12
7501080912076,Farmacias YZA,200.80,,https://www.yza.mx/x/MXYZ_7501080912076.html,2026-09-30,Precio de ficha; aparece agotado porque no hay sucursal elegida,agente sesión 12
7501080912076,Farmacias del Ahorro,216.00,270.00,https://www.fahorro.com/sterimar-agua-de-mar-uso-diario-100-ml.html,2026-09-30,,agente sesión 12
7501080912076,Farmacias Benavides,269.00,,https://www.benavides.com.mx/sterimar-uso-diario-solucion-de-agua-de-mar-en-fina-microdifusion-spray-100-ml,2026-09-30,Ficha con GTIN coincidente,agente sesión 12
7501314701759,Farmacias del Ahorro,378.00,,https://www.fahorro.com/fosfocil-500-mg-oral-6-capsulas.html,2026-09-30,,agente sesión 12
7501314701759,Farmacias Benavides,435.00,,https://www.benavides.com.mx/fosfocil-500-mg-fosfomicina-6-ud-capsulas,2026-09-30,Ficha con GTIN coincidente,agente sesión 12
7501064560163,Farmacias del Ahorro,98.00,,https://www.fahorro.com/iodex-unguento-cristal-60-g.html,2026-09-30,,agente sesión 12
7501299307694,Farmacias YZA,427.50,,https://www.yza.mx/x/MXYZ_7501299307694.html,2026-09-30,Precio de ficha; aparece agotado porque no hay sucursal elegida,agente sesión 12
7501299307694,Farmacias Benavides,428.00,,https://www.benavides.com.mx/seltaferon-75-mg-oseltamivir-10-capsulas,2026-09-30,Ficha con GTIN coincidente,agente sesión 12
7501314702749,Farmacias YZA,292.50,,https://www.yza.mx/x/MXYZ_7501314702749.html,2026-09-30,Precio de ficha; aparece agotado porque no hay sucursal elegida,agente sesión 12
7501314702749,Farmacias Benavides,413.00,,https://www.benavides.com.mx/arfla-200-mg-rifaximina-12-ud-tabletas,2026-09-30,Ficha con GTIN coincidente,agente sesión 12
7502209710108,Farmacias YZA,228.00,,https://www.yza.mx/x/MXYZ_7502209710108.html,2026-09-30,Precio de ficha; aparece agotado porque no hay sucursal elegida,agente sesión 12
7502209710108,Farmacias Benavides,279.00,,https://www.benavides.com.mx/lysomucil-600-mg-acetilcisteina-20-tabletas,2026-09-30,Ficha con GTIN coincidente,agente sesión 12
7501065095978,Farmacias YZA,193.50,,https://www.yza.mx/x/MXYZ_7501065095978.html,2026-09-30,Agotado en ficha por no haber sucursal elegida; precio de ficha.,agente sesión 12
7501065095978,Farmacias Benavides,198.00,,https://www.benavides.com.mx/centrum-performance-complejo-bginsengginkgo-biloba-30-tabletas,2026-09-30,,agente sesión 12
7501065095978,Farmacias del Ahorro,200.00,,https://www.fahorro.com/centrum-multivitaminico-performance-30-tabletas.html,2026-09-30,,agente sesión 12
7502250343072,Farmacias YZA,42.50,,https://www.yza.mx/vitacilina-unguento-28g/MXYZ_354312225133.html,2026-09-30,Ficha con SKU MXYZ_354312225133 (GTIN distinto al del lote); mismo producto y presentación (ungüento 28 g). Agotado en ficha por no haber sucursal elegida; precio de ficha.,agente sesión 12
7502250343072,Chedraui,44.00,,https://www.chedraui.com.mx/unguento-vitacilina-tubo-con-28g-3040677/p,2026-09-30,"Ficha con EAN 35431222513, distinto al GTIN del lote; mismo producto y presentación (ungüento 28 g).",agente sesión 12
020800756440,Chedraui,116.45,137.00,https://www.chedraui.com.mx/antiacidos-pepto-bismol-suspension-sabor-cereza-118ml-3037389/p,2026-09-30,,agente sesión 12
020800756440,Farmacias Benavides,147.00,,https://www.benavides.com.mx/pepto-bismol-262-mg15-ml-subsalicilato-de-bismuto-118-ml-frasco,2026-09-30,,agente sesión 12
7501318697409,Farmacias del Ahorro,183.00,,https://www.fahorro.com/canesten-v-ovulo-1-dia-infecciones-vaginales.html,2026-09-30,,agente sesión 12
7501318697409,Farmacias Benavides,189.00,,https://www.benavides.com.mx/canesten-v-500-mg-clotrimazol-1-ovulo,2026-09-30,,agente sesión 12
7501318697409,Farmacias YZA,206.00,,https://www.yza.mx/x/MXYZ_7501318697409.html,2026-09-30,Agotado en ficha por no haber sucursal elegida; precio de ficha.,agente sesión 12
7501258215046,Farmacias del Ahorro,641.00,,https://www.fahorro.com/binotal-1-g-tabletas.html,2026-09-30,,agente sesión 12
7501258215046,Farmacias Benavides,658.00,,https://www.benavides.com.mx/binotal-1-g-ampicilina-28-ud-tabletas,2026-09-30,,agente sesión 12
4015630006779,Farmacias del Ahorro,342.00,,https://www.fahorro.com/accu-chek-softclix-lancetas-200-unidades.html,2026-09-30,,agente sesión 12
7501056346058,HEB,95.00,,https://www.heb.com.mx/ponds-crema-facial-clarant-b3-spf-15-100-gr-393229/p,2026-09-30,,agente sesión 12
7501056346058,Chedraui,96.00,,https://www.chedraui.com.mx/crema-antimanchas-ponds-clarant-b3-tono-uniforme-fps15-100g-3209313/p,2026-09-30,,agente sesión 12
7501001168933,Chedraui,261.80,308.00,https://www.chedraui.com.mx/jarabe-vick-44-tos-seca-y-tos-con-flemas-con-240ml-3040561/p,2026-09-30,,agente sesión 12
7501001168933,Farmacias YZA,300.00,,https://www.yza.mx/x/MXYZ_7501001168933.html,2026-09-30,Agotado en ficha por no haber sucursal elegida; precio de ficha.,agente sesión 12
7501001168933,Farmacias Benavides,309.00,,https://www.benavides.com.mx/vick-44-133-g-guaifenesina0133-g-dextrometorfano100-ml-jarabe-240-ml,2026-09-30,,agente sesión 12
7501001168933,Farmacias del Ahorro,334.00,,https://www.fahorro.com/vick-44-jarabe-todo-tipo-de-tos-240-ml.html,2026-09-30,,agente sesión 12
7501314701650,Farmacias YZA,676.00,,https://www.yza.mx/x/MXYZ_7501314701650.html,2026-09-30,Agotado en ficha por no haber sucursal elegida; precio de ficha.,agente sesión 12
7501314701650,Farmacias del Ahorro,789.00,,https://www.fahorro.com/bredelin-750-mg-oral-7-tabletas.html,2026-09-30,,agente sesión 12
7501314701650,Farmacias Benavides,847.00,,https://www.benavides.com.mx/bredelin-750-mg-levofloxacino-7-ud-tabletas,2026-09-30,,agente sesión 12
7501125100116,Farmacias YZA,26.00,,https://www.yza.mx/x/MXYZ_7501125100116.html,2026-09-30,Agotado en ficha por no haber sucursal elegida; precio de ficha.,agente sesión 12
7501125100116,Farmacias del Ahorro,28.00,,https://www.fahorro.com/cloruro-de-sodio-250-ml.html,2026-09-30,,agente sesión 12
7501125100116,HEB,29.00,,https://www.heb.com.mx/pisa-solucion-cloruro-de-sodio-de-250-ml-125627/p,2026-09-30,Ficha marcada sin existencia; precio de ficha.,agente sesión 12
7501125100116,Farmacias Benavides,36.00,,https://www.benavides.com.mx/flexoval-cloruro-de-sodio-solucion-250-ml,2026-09-30,,agente sesión 12
7509546073767,Farmacias del Ahorro,65.00,105.00,https://www.fahorro.com/desodorante-stefano-black-aerosol-113-g.html,2026-09-30,,agente sesión 12
7509546073767,Farmacias Benavides,124.00,,https://www.benavides.com.mx/stefano-black-desodorante-aerosol-159-ml,2026-09-30,,agente sesión 12
7501088509902,Farmacias YZA,532.50,,https://www.yza.mx/x/MXYZ_7501088509902.html,2026-09-30,Agotado en ficha por no haber sucursal elegida; precio de ficha.,agente sesión 12
7501088509902,Farmacias del Ahorro,550.00,,https://www.fahorro.com/gitrasek-oral-12-caps.html,2026-09-30,,agente sesión 12
7501088509902,Farmacias Benavides,602.00,,https://www.benavides.com.mx/gitrasek-333-mg-1666-mg-itraconazol-secnidazol-12-ud-capsulas,2026-09-30,,agente sesión 12
7501089800664,Farmacias YZA,1121.50,,https://www.yza.mx/x/MXYZ_7501089800664.html,2026-09-30,Agotado en ficha por no haber sucursal elegida; precio de ficha.,agente sesión 12
7501089800664,Farmacias Benavides,1151.00,,https://www.benavides.com.mx/atemperator-lp-600-mg-valproato-de-magnesio-20-tabletas,2026-09-30,,agente sesión 12
7501089800664,Farmacias del Ahorro,1179.00,,https://www.fahorro.com/atemperator-lp-600-mg-oral-20-tabletas.html,2026-09-30,,agente sesión 12
7501124184018,Farmacias del Ahorro,502.31,748.60,https://www.fahorro.com/lacteol-fort-10-mil-millones-16-caps.html,2026-09-30,,agente sesión 12
7501124184018,Farmacias Benavides,577.00,,https://www.benavides.com.mx/lacteol-fort-lactobacilos-acidofilos-16-ud-capsulas,2026-09-30,,agente sesión 12
7509546073774,Farmacias del Ahorro,65.00,105.00,https://www.fahorro.com/desodorante-stefano-spazio-113-g-aerosol.html,2026-09-30,,agente sesión 12
7509546073774,Farmacias Benavides,124.00,,https://www.benavides.com.mx/stefano-spazio-desodorante-aerosol-159-ml,2026-09-30,,agente sesión 12
7501314704149,Farmacias del Ahorro,84.00,98.00,https://www.fahorro.com/senosiain-supositorios-adulto-20-supositorios.html,2026-09-30,,agente sesión 12
7501314704149,Farmacias YZA,104.50,,https://www.yza.mx/x/MXYZ_7501314704149.html,2026-09-30,Agotado en ficha por no haber sucursal elegida; precio de ficha.,agente sesión 12
7501123011209,Farmacias YZA,796.50,,https://www.yza.mx/x/MXYZ_7501123011209.html,2026-09-30,Agotado en ficha por no haber sucursal elegida; precio de ficha.,agente sesión 12
7501123011209,Farmacias del Ahorro,825.00,,https://www.fahorro.com/cardispan-1-g-oral-20-tabs-masticables.html,2026-09-30,,agente sesión 12
7501123011209,Farmacias Benavides,884.00,,https://www.benavides.com.mx/cardispan-1g-levocarnitina-20-tabletas,2026-09-30,,agente sesión 12
7501070903572,Farmacias YZA,447.00,,https://www.yza.mx/x/MXYZ_7501070903572.html,2026-09-30,Agotado en ficha por no haber sucursal elegida; precio de ficha.,agente sesión 12
7501070903572,Farmacias del Ahorro,516.00,,https://www.fahorro.com/dostein-300-mg-oral-20-caps.html,2026-09-30,,agente sesión 12
7501070903572,Farmacias Benavides,562.00,,https://www.benavides.com.mx/dostein-300-mg-erdosteina-20-ud-capsulas,2026-09-30,,agente sesión 12
354312625018,Chedraui,66.00,,https://www.chedraui.com.mx/balsamo-rocainol-45g-3038464/p,2026-09-30,,agente sesión 12
354312625018,Farmacias Benavides,69.00,,https://www.benavides.com.mx/rocainol-mentol-salicilato-de-metilo-unguento-45-g,2026-09-30,,agente sesión 12
7501326001137,Farmacias YZA,1751.50,,https://www.yza.mx/x/MXYZ_7501326001137.html,2026-09-30,Agotado en ficha por no haber sucursal elegida; precio de ficha.,agente sesión 12
7501326001137,Farmacias Benavides,1801.00,,https://www.benavides.com.mx/januvia-100-mg-sitagliptina-28-comprimidos,2026-09-30,,agente sesión 12
7501027565518,HEB,72.00,,https://www.heb.com.mx/evenflo-protectores-para-lactancia-flujo-super-abundante-48-pz-867262/p,2026-09-30,GTIN coincide; muy por debajo del precio de Benavides.,agente sesión 12
7501027565518,Farmacias Benavides,134.00,,https://www.benavides.com.mx/evenflo-advanced-protectores-de-lactancia-sistema-absorgel-48-ud,2026-09-30,,agente sesión 12
7501871720606,Farmacias YZA,774.00,,https://www.yza.mx/x/MXYZ_7501871720606.html,2026-09-30,Agotado en ficha por no haber sucursal elegida; precio de ficha.,agente sesión 12
7501871720606,Farmacias Benavides,792.00,,https://www.benavides.com.mx/geslutin-100-mg-progesterona-30-capsulas,2026-09-30,,agente sesión 12
7501088575396,Farmacias YZA,177.00,,https://www.yza.mx/x/MXYZ_7501088575396.html,2026-09-30,Agotado en ficha por no haber sucursal elegida; precio de ficha.,agente sesión 12
7501088575396,Farmacias Benavides,198.00,,https://www.benavides.com.mx/troferit-3-mg1-ml-dropropizina-120-ml-frasco,2026-09-30,,agente sesión 12
